{
  "version" : "3.0.0",
  "gauges" : {
    "jenkins.executor.count.value" : {
      "value" : 1
    },
    "jenkins.executor.free.value" : {
      "value" : 1
    },
    "jenkins.executor.in-use.value" : {
      "value" : 0
    },
    "jenkins.health-check.count" : {
      "value" : 4
    },
    "jenkins.health-check.inverse-score" : {
      "value" : 0.25
    },
    "jenkins.health-check.score" : {
      "value" : 0.75
    },
    "jenkins.job.count.value" : {
      "value" : 21
    },
    "jenkins.node.count.value" : {
      "value" : 1
    },
    "jenkins.node.offline.value" : {
      "value" : 0
    },
    "jenkins.node.online.value" : {
      "value" : 1
    },
    "jenkins.plugins.active" : {
      "value" : 126
    },
    "jenkins.plugins.failed" : {
      "value" : 1
    },
    "jenkins.plugins.inactive" : {
      "value" : 0
    },
    "jenkins.plugins.withUpdate" : {
      "value" : 1
    },
    "jenkins.project.count.value" : {
      "value" : 13
    },
    "jenkins.project.disabled.count.value" : {
      "value" : 7
    },
    "jenkins.project.enabled.count.value" : {
      "value" : 6
    },
    "jenkins.queue.blocked.value" : {
      "value" : 0
    },
    "jenkins.queue.buildable.value" : {
      "value" : 0
    },
    "jenkins.queue.pending.value" : {
      "value" : 0
    },
    "jenkins.queue.size.value" : {
      "value" : 0
    },
    "jenkins.queue.stuck.value" : {
      "value" : 0
    },
    "jenkins.versions.core" : {
      "value" : "1.651.3"
    },
    "jenkins.versions.plugin.JDK_Parameter_Plugin" : {
      "value" : "1.0"
    },
    "jenkins.versions.plugin.ace-editor" : {
      "value" : "1.1"
    },
    "jenkins.versions.plugin.analysis-collector" : {
      "value" : "1.48"
    },
    "jenkins.versions.plugin.analysis-core" : {
      "value" : "1.78"
    },
    "jenkins.versions.plugin.ansicolor" : {
      "value" : "0.4.2"
    },
    "jenkins.versions.plugin.ant" : {
      "value" : "1.3"
    },
    "jenkins.versions.plugin.antisamy-markup-formatter" : {
      "value" : "1.5"
    },
    "jenkins.versions.plugin.authentication-tokens" : {
      "value" : "1.3"
    },
    "jenkins.versions.plugin.authorize-project" : {
      "value" : "1.2.2"
    },
    "jenkins.versions.plugin.bouncycastle-api" : {
      "value" : "1.648.3"
    },
    "jenkins.versions.plugin.branch-api" : {
      "value" : "1.10"
    },
    "jenkins.versions.plugin.build-environment" : {
      "value" : "1.6"
    },
    "jenkins.versions.plugin.build-name-setter" : {
      "value" : "1.6.5"
    },
    "jenkins.versions.plugin.build-pipeline-plugin" : {
      "value" : "1.5.3.1"
    },
    "jenkins.versions.plugin.build-timeout" : {
      "value" : "1.17"
    },
    "jenkins.versions.plugin.cloudbees-folder" : {
      "value" : "5.12"
    },
    "jenkins.versions.plugin.cobertura" : {
      "value" : "1.9.8"
    },
    "jenkins.versions.plugin.conditional-buildstep" : {
      "value" : "1.3.5"
    },
    "jenkins.versions.plugin.copyartifact" : {
      "value" : "1.38"
    },
    "jenkins.versions.plugin.create-fingerprint" : {
      "value" : "1.2"
    },
    "jenkins.versions.plugin.credentials" : {
      "value" : "2.1.4"
    },
    "jenkins.versions.plugin.cvs" : {
      "value" : "2.12"
    },
    "jenkins.versions.plugin.description-setter" : {
      "value" : "1.10"
    },
    "jenkins.versions.plugin.disk-usage" : {
      "value" : "0.28"
    },
    "jenkins.versions.plugin.docker-build-step" : {
      "value" : "1.35"
    },
    "jenkins.versions.plugin.docker-commons" : {
      "value" : "1.4.0"
    },
    "jenkins.versions.plugin.docker-custom-build-environment" : {
      "value" : "1.6.5"
    },
    "jenkins.versions.plugin.docker-plugin" : {
      "value" : "0.16.0"
    },
    "jenkins.versions.plugin.docker-traceability" : {
      "value" : "1.2"
    },
    "jenkins.versions.plugin.docker-workflow" : {
      "value" : "1.6"
    },
    "jenkins.versions.plugin.durable-task" : {
      "value" : "1.11"
    },
    "jenkins.versions.plugin.eclipse-update-site" : {
      "value" : "1.2"
    },
    "jenkins.versions.plugin.embeddable-build-status" : {
      "value" : "1.9"
    },
    "jenkins.versions.plugin.emma" : {
      "value" : "1.29"
    },
    "jenkins.versions.plugin.envinject" : {
      "value" : "1.92.1"
    },
    "jenkins.versions.plugin.external-monitor-job" : {
      "value" : "1.4"
    },
    "jenkins.versions.plugin.extra-columns" : {
      "value" : "1.17"
    },
    "jenkins.versions.plugin.fail-the-build-plugin" : {
      "value" : "1.0"
    },
    "jenkins.versions.plugin.flexible-publish" : {
      "value" : "0.15.2"
    },
    "jenkins.versions.plugin.ghprb" : {
      "value" : "1.32.8"
    },
    "jenkins.versions.plugin.git" : {
      "value" : "2.5.0"
    },
    "jenkins.versions.plugin.git-changelog" : {
      "value" : "1.32"
    },
    "jenkins.versions.plugin.git-client" : {
      "value" : "1.19.6"
    },
    "jenkins.versions.plugin.git-parameter" : {
      "value" : "0.5.1"
    },
    "jenkins.versions.plugin.git-server" : {
      "value" : "1.6"
    },
    "jenkins.versions.plugin.github" : {
      "value" : "1.19.2"
    },
    "jenkins.versions.plugin.github-api" : {
      "value" : "1.76"
    },
    "jenkins.versions.plugin.github-branch-source" : {
      "value" : "1.7"
    },
    "jenkins.versions.plugin.github-oauth" : {
      "value" : "0.24"
    },
    "jenkins.versions.plugin.github-organization-folder" : {
      "value" : "1.3"
    },
    "jenkins.versions.plugin.github-pullrequest" : {
      "value" : "0.1.0-rc7"
    },
    "jenkins.versions.plugin.gradle" : {
      "value" : "1.24"
    },
    "jenkins.versions.plugin.greenballs" : {
      "value" : "1.15"
    },
    "jenkins.versions.plugin.handlebars" : {
      "value" : "1.1.1"
    },
    "jenkins.versions.plugin.html5-notifier-plugin" : {
      "value" : "1.5"
    },
    "jenkins.versions.plugin.icon-shim" : {
      "value" : "2.0.3"
    },
    "jenkins.versions.plugin.jackson2-api" : {
      "value" : "2.7.3"
    },
    "jenkins.versions.plugin.jacoco" : {
      "value" : "2.0.1"
    },
    "jenkins.versions.plugin.javadoc" : {
      "value" : "1.4"
    },
    "jenkins.versions.plugin.jenkins-multijob-plugin" : {
      "value" : "1.21"
    },
    "jenkins.versions.plugin.job-dsl" : {
      "value" : "1.48"
    },
    "jenkins.versions.plugin.jquery" : {
      "value" : "1.11.2-0"
    },
    "jenkins.versions.plugin.jquery-detached" : {
      "value" : "1.2.1"
    },
    "jenkins.versions.plugin.jquery-ui" : {
      "value" : "1.0.2"
    },
    "jenkins.versions.plugin.junit" : {
      "value" : "1.13"
    },
    "jenkins.versions.plugin.ldap" : {
      "value" : "1.12"
    },
    "jenkins.versions.plugin.locks-and-latches" : {
      "value" : "0.6"
    },
    "jenkins.versions.plugin.log-parser" : {
      "value" : "2.0"
    },
    "jenkins.versions.plugin.mailer" : {
      "value" : "1.17"
    },
    "jenkins.versions.plugin.mapdb-api" : {
      "value" : "1.0.9.0"
    },
    "jenkins.versions.plugin.matrix-auth" : {
      "value" : "1.4"
    },
    "jenkins.versions.plugin.matrix-project" : {
      "value" : "1.7.1"
    },
    "jenkins.versions.plugin.maven-plugin" : {
      "value" : "2.13"
    },
    "jenkins.versions.plugin.metrics" : {
      "value" : "3.1.2.8"
    },
    "jenkins.versions.plugin.momentjs" : {
      "value" : "1.1.1"
    },
    "jenkins.versions.plugin.pam-auth" : {
      "value" : "1.3"
    },
    "jenkins.versions.plugin.parallel-test-executor" : {
      "value" : "1.8"
    },
    "jenkins.versions.plugin.parameterized-trigger" : {
      "value" : "2.31"
    },
    "jenkins.versions.plugin.pipeline-build-step" : {
      "value" : "2.1"
    },
    "jenkins.versions.plugin.pipeline-input-step" : {
      "value" : "2.0"
    },
    "jenkins.versions.plugin.pipeline-rest-api" : {
      "value" : "1.5"
    },
    "jenkins.versions.plugin.pipeline-stage-step" : {
      "value" : "2.1"
    },
    "jenkins.versions.plugin.pipeline-stage-view" : {
      "value" : "1.5"
    },
    "jenkins.versions.plugin.plain-credentials" : {
      "value" : "1.2"
    },
    "jenkins.versions.plugin.project-description-setter" : {
      "value" : "1.1"
    },
    "jenkins.versions.plugin.project-inheritance" : {
      "value" : "1.5.3"
    },
    "jenkins.versions.plugin.promoted-builds" : {
      "value" : "2.27"
    },
    "jenkins.versions.plugin.publish-over-ftp" : {
      "value" : "1.12"
    },
    "jenkins.versions.plugin.rebuild" : {
      "value" : "1.25"
    },
    "jenkins.versions.plugin.remote-terminal-access" : {
      "value" : "1.6"
    },
    "jenkins.versions.plugin.ruby-runtime" : {
      "value" : "0.12"
    },
    "jenkins.versions.plugin.run-condition" : {
      "value" : "1.0"
    },
    "jenkins.versions.plugin.saferestart" : {
      "value" : "0.3"
    },
    "jenkins.versions.plugin.scm-api" : {
      "value" : "1.2"
    },
    "jenkins.versions.plugin.scp" : {
      "value" : "1.8"
    },
    "jenkins.versions.plugin.script-security" : {
      "value" : "1.20"
    },
    "jenkins.versions.plugin.seed" : {
      "value" : "1.0.0"
    },
    "jenkins.versions.plugin.simple-build-for-pipeline" : {
      "value" : "0.2"
    },
    "jenkins.versions.plugin.simple-theme-plugin" : {
      "value" : "0.3"
    },
    "jenkins.versions.plugin.sloccount" : {
      "value" : "1.21"
    },
    "jenkins.versions.plugin.ssh-agent" : {
      "value" : "1.13"
    },
    "jenkins.versions.plugin.ssh-credentials" : {
      "value" : "1.12"
    },
    "jenkins.versions.plugin.ssh-slaves" : {
      "value" : "1.11"
    },
    "jenkins.versions.plugin.structs" : {
      "value" : "1.2"
    },
    "jenkins.versions.plugin.subversion" : {
      "value" : "2.6"
    },
    "jenkins.versions.plugin.support-core" : {
      "value" : "2.32"
    },
    "jenkins.versions.plugin.tasks" : {
      "value" : "4.49"
    },
    "jenkins.versions.plugin.thinBackup" : {
      "value" : "1.7.4"
    },
    "jenkins.versions.plugin.timestamper" : {
      "value" : "1.8.4"
    },
    "jenkins.versions.plugin.token-macro" : {
      "value" : "1.12.1"
    },
    "jenkins.versions.plugin.translation" : {
      "value" : "1.15"
    },
    "jenkins.versions.plugin.warnings" : {
      "value" : "4.56"
    },
    "jenkins.versions.plugin.windows-slaves" : {
      "value" : "1.1"
    },
    "jenkins.versions.plugin.workflow-aggregator" : {
      "value" : "2.2"
    },
    "jenkins.versions.plugin.workflow-api" : {
      "value" : "2.1"
    },
    "jenkins.versions.plugin.workflow-basic-steps" : {
      "value" : "2.0"
    },
    "jenkins.versions.plugin.workflow-cps" : {
      "value" : "2.8"
    },
    "jenkins.versions.plugin.workflow-cps-global-lib" : {
      "value" : "2.1"
    },
    "jenkins.versions.plugin.workflow-durable-task-step" : {
      "value" : "2.3"
    },
    "jenkins.versions.plugin.workflow-job" : {
      "value" : "2.3"
    },
    "jenkins.versions.plugin.workflow-multibranch" : {
      "value" : "2.8"
    },
    "jenkins.versions.plugin.workflow-scm-step" : {
      "value" : "2.1"
    },
    "jenkins.versions.plugin.workflow-step-api" : {
      "value" : "2.2"
    },
    "jenkins.versions.plugin.workflow-support" : {
      "value" : "2.1"
    },
    "jenkins.versions.plugin.xvfb" : {
      "value" : "1.1.3"
    },
    "jenkins.versions.plugin.zentimestamp" : {
      "value" : "4.2"
    },
    "system.cpu.load" : {
      "value" : 0.32
    },
    "vm.blocked.count" : {
      "value" : 0
    },
    "vm.count" : {
      "value" : 41
    },
    "vm.cpu.load" : {
      "value" : 0.1521828243492519
    },
    "vm.daemon.count" : {
      "value" : 35
    },
    "vm.deadlock.count" : {
      "value" : 0
    },
    "vm.deadlocks" : {
      "value" : [ ]
    },
    "vm.file.descriptor.ratio" : {
      "value" : 0.092529296875
    },
    "vm.gc.PS-MarkSweep.count" : {
      "value" : 3
    },
    "vm.gc.PS-MarkSweep.time" : {
      "value" : 1251
    },
    "vm.gc.PS-Scavenge.count" : {
      "value" : 112
    },
    "vm.gc.PS-Scavenge.time" : {
      "value" : 1639
    },
    "vm.memory.heap.committed" : {
      "value" : 221773824
    },
    "vm.memory.heap.init" : {
      "value" : 64729152
    },
    "vm.memory.heap.max" : {
      "value" : 358088704
    },
    "vm.memory.heap.usage" : {
      "value" : 0.3178048308387857
    },
    "vm.memory.heap.used" : {
      "value" : 113802320
    },
    "vm.memory.non-heap.committed" : {
      "value" : 178454528
    },
    "vm.memory.non-heap.init" : {
      "value" : 24576000
    },
    "vm.memory.non-heap.max" : {
      "value" : 318767104
    },
    "vm.memory.non-heap.usage" : {
      "value" : 0.35117475610030324
    },
    "vm.memory.non-heap.used" : {
      "value" : 111942960
    },
    "vm.memory.pools.Code-Cache.committed" : {
      "value" : 8060928
    },
    "vm.memory.pools.Code-Cache.init" : {
      "value" : 2555904
    },
    "vm.memory.pools.Code-Cache.max" : {
      "value" : 50331648
    },
    "vm.memory.pools.Code-Cache.usage" : {
      "value" : 0.15598551432291666
    },
    "vm.memory.pools.Code-Cache.used" : {
      "value" : 7851008
    },
    "vm.memory.pools.PS-Eden-Space.committed" : {
      "value" : 119537664
    },
    "vm.memory.pools.PS-Eden-Space.init" : {
      "value" : 16777216
    },
    "vm.memory.pools.PS-Eden-Space.max" : {
      "value" : 121110528
    },
    "vm.memory.pools.PS-Eden-Space.usage" : {
      "value" : 0.3832467479623241
    },
    "vm.memory.pools.PS-Eden-Space.used" : {
      "value" : 46415216
    },
    "vm.memory.pools.PS-Old-Gen.committed" : {
      "value" : 96468992
    },
    "vm.memory.pools.PS-Old-Gen.init" : {
      "value" : 42991616
    },
    "vm.memory.pools.PS-Old-Gen.max" : {
      "value" : 268435456
    },
    "vm.memory.pools.PS-Old-Gen.usage" : {
      "value" : 0.23302841186523438
    },
    "vm.memory.pools.PS-Old-Gen.used" : {
      "value" : 62553088
    },
    "vm.memory.pools.PS-Perm-Gen.committed" : {
      "value" : 170393600
    },
    "vm.memory.pools.PS-Perm-Gen.init" : {
      "value" : 22020096
    },
    "vm.memory.pools.PS-Perm-Gen.max" : {
      "value" : 268435456
    },
    "vm.memory.pools.PS-Perm-Gen.usage" : {
      "value" : 0.38777273893356323
    },
    "vm.memory.pools.PS-Perm-Gen.used" : {
      "value" : 104091952
    },
    "vm.memory.pools.PS-Survivor-Space.committed" : {
      "value" : 5767168
    },
    "vm.memory.pools.PS-Survivor-Space.init" : {
      "value" : 2621440
    },
    "vm.memory.pools.PS-Survivor-Space.max" : {
      "value" : 5767168
    },
    "vm.memory.pools.PS-Survivor-Space.usage" : {
      "value" : 0.83819580078125
    },
    "vm.memory.pools.PS-Survivor-Space.used" : {
      "value" : 4834016
    },
    "vm.memory.total.committed" : {
      "value" : 400228352
    },
    "vm.memory.total.init" : {
      "value" : 89305152
    },
    "vm.memory.total.max" : {
      "value" : 676855808
    },
    "vm.memory.total.used" : {
      "value" : 225745280
    },
    "vm.new.count" : {
      "value" : 0
    },
    "vm.runnable.count" : {
      "value" : 8
    },
    "vm.terminated.count" : {
      "value" : 0
    },
    "vm.timed_waiting.count" : {
      "value" : 18
    },
    "vm.uptime.milliseconds" : {
      "value" : 118188
    },
    "vm.waiting.count" : {
      "value" : 15
    }
  },
  "counters" : {
    "http.activeRequests" : {
      "count" : 1
    }
  },
  "histograms" : {
    "jenkins.executor.count.history" : {
      "count" : 6,
      "max" : 1,
      "mean" : 0.9999999999999999,
      "min" : 1,
      "p50" : 1.0,
      "p75" : 1.0,
      "p95" : 1.0,
      "p98" : 1.0,
      "p99" : 1.0,
      "p999" : 1.0,
      "values" : [ 1, 1, 1, 1, 1, 1 ],
      "stddev" : 1.1102230246251564E-16
    },
    "jenkins.executor.free.history" : {
      "count" : 6,
      "max" : 1,
      "mean" : 1.0,
      "min" : 1,
      "p50" : 1.0,
      "p75" : 1.0,
      "p95" : 1.0,
      "p98" : 1.0,
      "p99" : 1.0,
      "p999" : 1.0,
      "values" : [ 1, 1, 1, 1, 1, 1 ],
      "stddev" : 0.0
    },
    "jenkins.executor.in-use.history" : {
      "count" : 6,
      "max" : 0,
      "mean" : 0.0,
      "min" : 0,
      "p50" : 0.0,
      "p75" : 0.0,
      "p95" : 0.0,
      "p98" : 0.0,
      "p99" : 0.0,
      "p999" : 0.0,
      "values" : [ 0, 0, 0, 0, 0, 0 ],
      "stddev" : 0.0
    },
    "jenkins.job.count.history" : {
      "count" : 6,
      "max" : 21,
      "mean" : 21.000000000000004,
      "min" : 21,
      "p50" : 21.0,
      "p75" : 21.0,
      "p95" : 21.0,
      "p98" : 21.0,
      "p99" : 21.0,
      "p999" : 21.0,
      "values" : [ 21, 21, 21, 21, 21, 21 ],
      "stddev" : 3.552713678800501E-15
    },
    "jenkins.node.count.history" : {
      "count" : 6,
      "max" : 1,
      "mean" : 1.0,
      "min" : 1,
      "p50" : 1.0,
      "p75" : 1.0,
      "p95" : 1.0,
      "p98" : 1.0,
      "p99" : 1.0,
      "p999" : 1.0,
      "values" : [ 1, 1, 1, 1, 1, 1 ],
      "stddev" : 0.0
    },
    "jenkins.node.offline.history" : {
      "count" : 6,
      "max" : 0,
      "mean" : 0.0,
      "min" : 0,
      "p50" : 0.0,
      "p75" : 0.0,
      "p95" : 0.0,
      "p98" : 0.0,
      "p99" : 0.0,
      "p999" : 0.0,
      "values" : [ 0, 0, 0, 0, 0, 0 ],
      "stddev" : 0.0
    },
    "jenkins.node.online.history" : {
      "count" : 6,
      "max" : 1,
      "mean" : 1.0,
      "min" : 1,
      "p50" : 1.0,
      "p75" : 1.0,
      "p95" : 1.0,
      "p98" : 1.0,
      "p99" : 1.0,
      "p999" : 1.0,
      "values" : [ 1, 1, 1, 1, 1, 1 ],
      "stddev" : 0.0
    },
    "jenkins.project.count.history" : {
      "count" : 6,
      "max" : 13,
      "mean" : 13.000000000000002,
      "min" : 13,
      "p50" : 13.0,
      "p75" : 13.0,
      "p95" : 13.0,
      "p98" : 13.0,
      "p99" : 13.0,
      "p999" : 13.0,
      "values" : [ 13, 13, 13, 13, 13, 13 ],
      "stddev" : 1.7763568394002505E-15
    },
    "jenkins.project.disabled.count.history" : {
      "count" : 6,
      "max" : 7,
      "mean" : 7.0,
      "min" : 7,
      "p50" : 7.0,
      "p75" : 7.0,
      "p95" : 7.0,
      "p98" : 7.0,
      "p99" : 7.0,
      "p999" : 7.0,
      "values" : [ 7, 7, 7, 7, 7, 7 ],
      "stddev" : 0.0
    },
    "jenkins.project.enabled.count.history" : {
      "count" : 6,
      "max" : 6,
      "mean" : 6.0,
      "min" : 6,
      "p50" : 6.0,
      "p75" : 6.0,
      "p95" : 6.0,
      "p98" : 6.0,
      "p99" : 6.0,
      "p999" : 6.0,
      "values" : [ 6, 6, 6, 6, 6, 6 ],
      "stddev" : 0.0
    },
    "jenkins.queue.blocked.history" : {
      "count" : 6,
      "max" : 0,
      "mean" : 0.0,
      "min" : 0,
      "p50" : 0.0,
      "p75" : 0.0,
      "p95" : 0.0,
      "p98" : 0.0,
      "p99" : 0.0,
      "p999" : 0.0,
      "values" : [ 0, 0, 0, 0, 0, 0 ],
      "stddev" : 0.0
    },
    "jenkins.queue.buildable.history" : {
      "count" : 6,
      "max" : 0,
      "mean" : 0.0,
      "min" : 0,
      "p50" : 0.0,
      "p75" : 0.0,
      "p95" : 0.0,
      "p98" : 0.0,
      "p99" : 0.0,
      "p999" : 0.0,
      "values" : [ 0, 0, 0, 0, 0, 0 ],
      "stddev" : 0.0
    },
    "jenkins.queue.pending.history" : {
      "count" : 6,
      "max" : 0,
      "mean" : 0.0,
      "min" : 0,
      "p50" : 0.0,
      "p75" : 0.0,
      "p95" : 0.0,
      "p98" : 0.0,
      "p99" : 0.0,
      "p999" : 0.0,
      "values" : [ 0, 0, 0, 0, 0, 0 ],
      "stddev" : 0.0
    },
    "jenkins.queue.size.history" : {
      "count" : 6,
      "max" : 0,
      "mean" : 0.0,
      "min" : 0,
      "p50" : 0.0,
      "p75" : 0.0,
      "p95" : 0.0,
      "p98" : 0.0,
      "p99" : 0.0,
      "p999" : 0.0,
      "values" : [ 0, 0, 0, 0, 0, 0 ],
      "stddev" : 0.0
    },
    "jenkins.queue.stuck.history" : {
      "count" : 6,
      "max" : 0,
      "mean" : 0.0,
      "min" : 0,
      "p50" : 0.0,
      "p75" : 0.0,
      "p95" : 0.0,
      "p98" : 0.0,
      "p99" : 0.0,
      "p999" : 0.0,
      "values" : [ 0, 0, 0, 0, 0, 0 ],
      "stddev" : 0.0
    }
  },
  "meters" : {
    "http.responseCodes.badRequest" : {
      "count" : 0,
      "m15_rate" : 0.0,
      "m1_rate" : 0.0,
      "m5_rate" : 0.0,
      "mean_rate" : 0.0,
      "units" : "events/minute"
    },
    "http.responseCodes.created" : {
      "count" : 0,
      "m15_rate" : 0.0,
      "m1_rate" : 0.0,
      "m5_rate" : 0.0,
      "mean_rate" : 0.0,
      "units" : "events/minute"
    },
    "http.responseCodes.forbidden" : {
      "count" : 0,
      "m15_rate" : 0.0,
      "m1_rate" : 0.0,
      "m5_rate" : 0.0,
      "mean_rate" : 0.0,
      "units" : "events/minute"
    },
    "http.responseCodes.noContent" : {
      "count" : 0,
      "m15_rate" : 0.0,
      "m1_rate" : 0.0,
      "m5_rate" : 0.0,
      "mean_rate" : 0.0,
      "units" : "events/minute"
    },
    "http.responseCodes.notFound" : {
      "count" : 0,
      "m15_rate" : 0.0,
      "m1_rate" : 0.0,
      "m5_rate" : 0.0,
      "mean_rate" : 0.0,
      "units" : "events/minute"
    },
    "http.responseCodes.notModified" : {
      "count" : 24,
      "m15_rate" : 1.5291945793105346,
      "m1_rate" : 12.461527561873233,
      "m5_rate" : 4.193273684711965,
      "mean_rate" : 12.736329017540527,
      "units" : "events/minute"
    },
    "http.responseCodes.ok" : {
      "count" : 111,
      "m15_rate" : 7.028290365779564,
      "m1_rate" : 52.38502709761146,
      "m5_rate" : 19.03045218889097,
      "mean_rate" : 58.90551842174066,
      "units" : "events/minute"
    },
    "http.responseCodes.other" : {
      "count" : 0,
      "m15_rate" : 0.0,
      "m1_rate" : 0.0,
      "m5_rate" : 0.0,
      "mean_rate" : 0.0,
      "units" : "events/minute"
    },
    "http.responseCodes.serverError" : {
      "count" : 0,
      "m15_rate" : 0.0,
      "m1_rate" : 0.0,
      "m5_rate" : 0.0,
      "mean_rate" : 0.0,
      "units" : "events/minute"
    },
    "http.responseCodes.serviceUnavailable" : {
      "count" : 1,
      "m15_rate" : 0.05982197273776584,
      "m1_rate" : 0.19696865690816925,
      "m5_rate" : 0.14450714325124409,
      "mean_rate" : 0.530679206735996,
      "units" : "events/minute"
    },
    "jenkins.job.scheduled" : {
      "count" : 0,
      "m15_rate" : 0.0,
      "m1_rate" : 0.0,
      "m5_rate" : 0.0,
      "mean_rate" : 0.0,
      "units" : "events/minute"
    },
    "jenkins.runs.aborted" : {
      "count" : 0,
      "m15_rate" : 0.0,
      "m1_rate" : 0.0,
      "m5_rate" : 0.0,
      "mean_rate" : 0.0,
      "units" : "events/minute"
    },
    "jenkins.runs.failure" : {
      "count" : 0,
      "m15_rate" : 0.0,
      "m1_rate" : 0.0,
      "m5_rate" : 0.0,
      "mean_rate" : 0.0,
      "units" : "events/minute"
    },
    "jenkins.runs.not_built" : {
      "count" : 0,
      "m15_rate" : 0.0,
      "m1_rate" : 0.0,
      "m5_rate" : 0.0,
      "mean_rate" : 0.0,
      "units" : "events/minute"
    },
    "jenkins.runs.success" : {
      "count" : 0,
      "m15_rate" : 0.0,
      "m1_rate" : 0.0,
      "m5_rate" : 0.0,
      "mean_rate" : 0.0,
      "units" : "events/minute"
    },
    "jenkins.runs.total" : {
      "count" : 0,
      "m15_rate" : 0.0,
      "m1_rate" : 0.0,
      "m5_rate" : 0.0,
      "mean_rate" : 0.0,
      "units" : "events/minute"
    },
    "jenkins.runs.unstable" : {
      "count" : 0,
      "m15_rate" : 0.0,
      "m1_rate" : 0.0,
      "m5_rate" : 0.0,
      "mean_rate" : 0.0,
      "units" : "events/minute"
    }
  },
  "timers" : {
    "http.requests" : {
      "count" : 136,
      "max" : 1.439479336,
      "mean" : 0.043013716537533817,
      "min" : 0.0036658230000000003,
      "p50" : 0.009158667,
      "p75" : 0.015119751,
      "p95" : 0.15258311600000002,
      "p98" : 0.607663615,
      "p99" : 1.0705117320000002,
      "p999" : 1.439479336,
      "values" : [ 0.0036658230000000003, 0.0036834690000000004, 0.0038088690000000003, 0.003861385, 0.003896973, 0.003987217, 0.003994031, 0.003996265000000001, 0.004175827, 0.0041827290000000005, 0.004185018, 0.0042666530000000005, 0.004272533, 0.004292861, 0.004395966, 0.004438227, 0.004463103, 0.004529994, 0.0045596410000000006, 0.004568464, 0.004606038000000001, 0.004642455, 0.0047066470000000004, 0.004763941000000001, 0.0047794610000000005, 0.0048363830000000005, 0.004843039, 0.0048430570000000004, 0.00485993, 0.005022796, 0.00507488, 0.005126554, 0.005166605, 0.005201084, 0.005262364, 0.005318166, 0.005336690000000001, 0.0054188330000000005, 0.0055019050000000005, 0.005794802, 0.005945819000000001, 0.0061084270000000005, 0.006160081, 0.0061963800000000005, 0.0063116890000000005, 0.006681849, 0.0067802900000000004, 0.0070684910000000005, 0.007166601000000001, 0.007444059, 0.007469665, 0.0074759150000000005, 0.0075284950000000005, 0.007869898, 0.00801082, 0.008081985, 0.008085088, 0.008133587000000001, 0.008138822, 0.008239001000000001, 0.008543825, 0.008638632, 0.008645045, 0.008844553, 0.00907369, 0.009102327, 0.009111528, 0.009158667, 0.009298704000000001, 0.009398191, 0.009422934, 0.009477719, 0.009498525, 0.009565574, 0.009582044000000001, 0.009696456, 0.009702705, 0.009714782, 0.009787221, 0.010404266, 0.010452683, 0.01046038, 0.010529181, 0.010643960000000001, 0.010839501000000001, 0.011294667000000001, 0.01151597, 0.012221976, 0.012382229000000002, 0.012773045, 0.013106821000000001, 0.013177221000000001, 0.013497110000000001, 0.013661320000000001, 0.013664762, 0.01369409, 0.013896789000000001, 0.014815494, 0.014904574, 0.015119751, 0.015300612000000002, 0.015477592000000002, 0.015956173, 0.016962235000000003, 0.017183095000000002, 0.018807792, 0.019838383, 0.020507316, 0.020885987, 0.021056391, 0.021167602, 0.021302894000000003, 0.021657158000000003, 0.022162356, 0.024433486, 0.024792477, 0.026125116, 0.026391028, 0.030512506000000002, 0.03339319, 0.040745558, 0.043513937, 0.043858527, 0.053011949, 0.054729808000000005, 0.063196613, 0.06502466600000001, 0.08095047200000001, 0.15258311600000002, 0.16040395300000002, 0.27153697600000004, 0.329598058, 0.607663615, 0.907159449, 1.0705117320000002, 1.439479336 ],
      "stddev" : 0.1661219878682799,
      "m15_rate" : 8.617306917827865,
      "m1_rate" : 65.04352331639285,
      "m5_rate" : 23.36823301685417,
      "mean_rate" : 72.17463334864954,
      "duration_units" : "seconds",
      "rate_units" : "calls/minute"
    },
    "jenkins.health-check.duration" : {
      "count" : 2,
      "max" : 0.007366127,
      "mean" : 0.006010053387299035,
      "min" : 0.005458715,
      "p50" : 0.005458715,
      "p75" : 0.007366127,
      "p95" : 0.007366127,
      "p98" : 0.007366127,
      "p99" : 0.007366127,
      "p999" : 0.007366127,
      "values" : [ 0.005458715, 0.007366127 ],
      "stddev" : 8.646707111295761E-4,
      "m15_rate" : 0.1286760346159108,
      "m1_rate" : 1.312435217224522,
      "m5_rate" : 0.3607317028595258,
      "mean_rate" : 1.2884488219286112,
      "duration_units" : "seconds",
      "rate_units" : "calls/minute"
    },
    "jenkins.job.blocked.duration" : {
      "count" : 0,
      "max" : 0.0,
      "mean" : 0.0,
      "min" : 0.0,
      "p50" : 0.0,
      "p75" : 0.0,
      "p95" : 0.0,
      "p98" : 0.0,
      "p99" : 0.0,
      "p999" : 0.0,
      "values" : [ ],
      "stddev" : 0.0,
      "m15_rate" : 0.0,
      "m1_rate" : 0.0,
      "m5_rate" : 0.0,
      "mean_rate" : 0.0,
      "duration_units" : "seconds",
      "rate_units" : "calls/minute"
    },
    "jenkins.job.buildable.duration" : {
      "count" : 0,
      "max" : 0.0,
      "mean" : 0.0,
      "min" : 0.0,
      "p50" : 0.0,
      "p75" : 0.0,
      "p95" : 0.0,
      "p98" : 0.0,
      "p99" : 0.0,
      "p999" : 0.0,
      "values" : [ ],
      "stddev" : 0.0,
      "m15_rate" : 0.0,
      "m1_rate" : 0.0,
      "m5_rate" : 0.0,
      "mean_rate" : 0.0,
      "duration_units" : "seconds",
      "rate_units" : "calls/minute"
    },
    "jenkins.job.building.duration" : {
      "count" : 0,
      "max" : 0.0,
      "mean" : 0.0,
      "min" : 0.0,
      "p50" : 0.0,
      "p75" : 0.0,
      "p95" : 0.0,
      "p98" : 0.0,
      "p99" : 0.0,
      "p999" : 0.0,
      "values" : [ ],
      "stddev" : 0.0,
      "m15_rate" : 0.0,
      "m1_rate" : 0.0,
      "m5_rate" : 0.0,
      "mean_rate" : 0.0,
      "duration_units" : "seconds",
      "rate_units" : "calls/minute"
    },
    "jenkins.job.queuing.duration" : {
      "count" : 0,
      "max" : 0.0,
      "mean" : 0.0,
      "min" : 0.0,
      "p50" : 0.0,
      "p75" : 0.0,
      "p95" : 0.0,
      "p98" : 0.0,
      "p99" : 0.0,
      "p999" : 0.0,
      "values" : [ ],
      "stddev" : 0.0,
      "m15_rate" : 0.0,
      "m1_rate" : 0.0,
      "m5_rate" : 0.0,
      "mean_rate" : 0.0,
      "duration_units" : "seconds",
      "rate_units" : "calls/minute"
    },
    "jenkins.job.total.duration" : {
      "count" : 0,
      "max" : 0.0,
      "mean" : 0.0,
      "min" : 0.0,
      "p50" : 0.0,
      "p75" : 0.0,
      "p95" : 0.0,
      "p98" : 0.0,
      "p99" : 0.0,
      "p999" : 0.0,
      "values" : [ ],
      "stddev" : 0.0,
      "m15_rate" : 0.0,
      "m1_rate" : 0.0,
      "m5_rate" : 0.0,
      "mean_rate" : 0.0,
      "duration_units" : "seconds",
      "rate_units" : "calls/minute"
    },
    "jenkins.job.waiting.duration" : {
      "count" : 0,
      "max" : 0.0,
      "mean" : 0.0,
      "min" : 0.0,
      "p50" : 0.0,
      "p75" : 0.0,
      "p95" : 0.0,
      "p98" : 0.0,
      "p99" : 0.0,
      "p999" : 0.0,
      "values" : [ ],
      "stddev" : 0.0,
      "m15_rate" : 0.0,
      "m1_rate" : 0.0,
      "m5_rate" : 0.0,
      "mean_rate" : 0.0,
      "duration_units" : "seconds",
      "rate_units" : "calls/minute"
    }
  }
}