<org.jenkinsci.plugins.docker.commons.tools.DockerTool_-DescriptorImpl plugin="docker-commons@1.6">
  <installations class="org.jenkinsci.plugins.docker.commons.tools.DockerTool-array">
    <org.jenkinsci.plugins.docker.commons.tools.DockerTool>
      <name>docker</name>
      <home/>
      <properties/>
    </org.jenkinsci.plugins.docker.commons.tools.DockerTool>
    <org.jenkinsci.plugins.docker.commons.tools.DockerTool>
      <name/>
      <home/>
      <properties/>
    </org.jenkinsci.plugins.docker.commons.tools.DockerTool>
    <org.jenkinsci.plugins.docker.commons.tools.DockerTool>
      <name>docker</name>
      <home/>
      <properties/>
    </org.jenkinsci.plugins.docker.commons.tools.DockerTool>
  </installations>
</org.jenkinsci.plugins.docker.commons.tools.DockerTool_-DescriptorImpl>