<?xml version='1.1' encoding='UTF-8'?>
<analysisReport serialization="custom">
  <analysisReport>
    <int>0</int>
    <list>
      <string>Parsing console log (workspace: &apos;/home/locadmin/workspace/ivy-core_ci_master&apos;)</string>
      <string>Successfully parsed console log</string>
      <string>-&gt; found 0 issues (skipped 0 duplicates)</string>
      <string>Skipping post processing</string>
      <string>No filter has been set, publishing all 0 issues</string>
      <string>Using reference build &apos;ivy-core_ci/master #2697&apos; to compute new, fixed, and outstanding issues</string>
    </list>
    <list/>
    <set/>
    <map/>
    <map>
      <entry>
        <string>eclipse</string>
        <string></string>
      </entry>
    </map>
    <int>0</int>
  </analysisReport>
</analysisReport>