<?xml version='1.1' encoding='UTF-8'?>
<analysisReport serialization="custom">
  <analysisReport>
    <int>18</int>
    <string>-</string>
    <string>jenkins-console.log</string>
    <int>3736</int>
    <int>3736</int>
    <int>0</int>
    <int>0</int>
    <edu.hm.hafner.analysis.LineRangeList/>
    <string></string>
    <string>keytool-maven-plugin:exportCertificate</string>
    <string>-</string>
    <string>ch.ivyteam.ivy:ch.ivyteam.ivy.designer.root</string>
    <string>NORMAL</string>
    <string></string>
    <string>&lt;pre&gt;&lt;code&gt;Certificate stored in file &amp;lt;/home/locadmin/workspace/ivy-core_ci_master/workspace/Designer/target/cert.cer&amp;gt;&lt;/code&gt;&lt;/pre&gt;</string>
    <string>maven-warnings</string>
    <string>2696</string>
    <string>-</string>
    <null/>
    <uuid>b12c2a9f-56b8-43ca-8a1e-1f6d7fdd6155</uuid>
    <string>-</string>
    <string>jenkins-console.log</string>
    <int>3739</int>
    <int>3739</int>
    <int>0</int>
    <int>0</int>
    <edu.hm.hafner.analysis.LineRangeList/>
    <string></string>
    <string>keytool-maven-plugin:importCertificate</string>
    <string>-</string>
    <string>ch.ivyteam.ivy:ch.ivyteam.ivy.designer.root</string>
    <string>NORMAL</string>
    <string></string>
    <string>&lt;pre&gt;&lt;code&gt;Certificate was added to keystore&lt;/code&gt;&lt;/pre&gt;</string>
    <string>maven-warnings</string>
    <string>2692</string>
    <string>-</string>
    <null/>
    <uuid>764e6a3e-7124-4878-ad0d-cd514cf9580e</uuid>
    <string>-</string>
    <string>jenkins-console.log</string>
    <int>16470</int>
    <int>16470</int>
    <int>0</int>
    <int>0</int>
    <edu.hm.hafner.analysis.LineRangeList/>
    <string></string>
    <string>maven-surefire-plugin:test</string>
    <string>-</string>
    <string>ch.ivyteam.ivy:ch.ivyteam.ivy.persistence.tests</string>
    <string>NORMAL</string>
    <string></string>
    <string>&lt;pre&gt;&lt;code&gt;Tests run: 502, Failures: 0, Errors: 0, Skipped: 2&lt;/code&gt;&lt;/pre&gt;</string>
    <string>maven-warnings</string>
    <string>2682</string>
    <string>-</string>
    <null/>
    <uuid>8be17463-d315-4ff9-b3b3-d10a40f58bbd</uuid>
    <string>-</string>
    <string>jenkins-console.log</string>
    <int>20060</int>
    <int>20060</int>
    <int>0</int>
    <int>0</int>
    <edu.hm.hafner.analysis.LineRangeList/>
    <string></string>
    <string>maven-surefire-plugin:test</string>
    <string>-</string>
    <string>ch.ivyteam.ivy:ch.ivyteam.ivy.scripting.tests</string>
    <string>NORMAL</string>
    <string></string>
    <string>&lt;pre&gt;&lt;code&gt;Tests run: 882, Failures: 0, Errors: 0, Skipped: 4&lt;/code&gt;&lt;/pre&gt;</string>
    <string>maven-warnings</string>
    <string>2682</string>
    <string>-</string>
    <null/>
    <uuid>d24c522a-358f-4d80-bb79-672771469a40</uuid>
    <string>-</string>
    <string>jenkins-console.log</string>
    <int>38715</int>
    <int>38715</int>
    <int>0</int>
    <int>0</int>
    <edu.hm.hafner.analysis.LineRangeList/>
    <string></string>
    <string>maven-surefire-plugin:test</string>
    <string>-</string>
    <string>ch.ivyteam.ivy:ch.ivyteam.ivy.components.tests</string>
    <string>NORMAL</string>
    <string></string>
    <string>&lt;pre&gt;&lt;code&gt;Tests run: 777, Failures: 0, Errors: 0, Skipped: 7&lt;/code&gt;&lt;/pre&gt;</string>
    <string>maven-warnings</string>
    <string>2682</string>
    <string>-</string>
    <null/>
    <uuid>434460be-6715-4bce-b2c1-35774f384200</uuid>
    <string>-</string>
    <string>jenkins-console.log</string>
    <int>15053</int>
    <int>15053</int>
    <int>0</int>
    <int>0</int>
    <edu.hm.hafner.analysis.LineRangeList/>
    <string></string>
    <string>maven-surefire-plugin:test</string>
    <string>-</string>
    <string>ch.ivyteam.ivy:ch.ivyteam.ivy.persistence.tests</string>
    <string>NORMAL</string>
    <string></string>
    <string>&lt;pre&gt;&lt;code&gt;Tests run: 34, Failures: 0, Errors: 0, Skipped: 1, Time elapsed: 5.375 s - in ch.ivyteam.ivy.persistence.restricted.client.query.TestQueryExecutor&lt;/code&gt;&lt;/pre&gt;</string>
    <string>maven-warnings</string>
    <string>2687</string>
    <string>-</string>
    <null/>
    <uuid>e1fef0de-d638-4db9-aaeb-6fe6c089344e</uuid>
    <string>-</string>
    <string>jenkins-console.log</string>
    <int>15064</int>
    <int>15064</int>
    <int>0</int>
    <int>0</int>
    <edu.hm.hafner.analysis.LineRangeList/>
    <string></string>
    <string>maven-surefire-plugin:test</string>
    <string>-</string>
    <string>ch.ivyteam.ivy:ch.ivyteam.ivy.persistence.tests</string>
    <string>NORMAL</string>
    <string></string>
    <string>&lt;pre&gt;&lt;code&gt;Tests run: 34, Failures: 0, Errors: 0, Skipped: 1, Time elapsed: 5.562 s - in ch.ivyteam.ivy.persistence.restricted.client.query.TestFluentQueryExecutor&lt;/code&gt;&lt;/pre&gt;</string>
    <string>maven-warnings</string>
    <string>2685</string>
    <string>-</string>
    <null/>
    <uuid>70c8cf15-29ac-46e6-80ee-e914caf43772</uuid>
    <string>-</string>
    <string>jenkins-console.log</string>
    <int>19990</int>
    <int>19990</int>
    <int>0</int>
    <int>0</int>
    <edu.hm.hafner.analysis.LineRangeList/>
    <string></string>
    <string>maven-surefire-plugin:test</string>
    <string>-</string>
    <string>ch.ivyteam.ivy:ch.ivyteam.ivy.scripting.tests</string>
    <string>NORMAL</string>
    <string></string>
    <string>&lt;pre&gt;&lt;code&gt;Tests run: 7, Failures: 0, Errors: 0, Skipped: 1, Time elapsed: 1.418 s - in ch.ivyteam.ivy.scripting.internal.language.TestIvyScriptDependenciesCalculator&lt;/code&gt;&lt;/pre&gt;</string>
    <string>maven-warnings</string>
    <string>2682</string>
    <string>-</string>
    <null/>
    <uuid>7faed4a1-b682-47c6-82f0-7ca180842b49</uuid>
    <string>-</string>
    <string>jenkins-console.log</string>
    <int>20002</int>
    <int>20002</int>
    <int>0</int>
    <int>0</int>
    <edu.hm.hafner.analysis.LineRangeList/>
    <string></string>
    <string>maven-surefire-plugin:test</string>
    <string>-</string>
    <string>ch.ivyteam.ivy:ch.ivyteam.ivy.scripting.tests</string>
    <string>NORMAL</string>
    <string></string>
    <string>&lt;pre&gt;&lt;code&gt;Tests run: 49, Failures: 0, Errors: 0, Skipped: 3, Time elapsed: 1.9 s - in ch.ivyteam.ivy.scripting.internal.language.TestIvyScriptHyperlinkVisitor&lt;/code&gt;&lt;/pre&gt;</string>
    <string>maven-warnings</string>
    <string>2682</string>
    <string>-</string>
    <null/>
    <uuid>a3370938-40ff-4df4-8576-e18ca2a22f69</uuid>
    <string>-</string>
    <string>jenkins-console.log</string>
    <int>38081</int>
    <int>38081</int>
    <int>0</int>
    <int>0</int>
    <edu.hm.hafner.analysis.LineRangeList/>
    <string></string>
    <string>maven-surefire-plugin:test</string>
    <string>-</string>
    <string>ch.ivyteam.ivy:ch.ivyteam.ivy.components.tests</string>
    <string>NORMAL</string>
    <string></string>
    <string>&lt;pre&gt;&lt;code&gt;Tests run: 1, Failures: 0, Errors: 0, Skipped: 1, Time elapsed: 0 s - in ch.ivyteam.ivy.components.wrap.TestXmlReadStrategy&lt;/code&gt;&lt;/pre&gt;</string>
    <string>maven-warnings</string>
    <string>2682</string>
    <string>-</string>
    <null/>
    <uuid>d75dc56e-fcc2-4686-9b50-35232415748c</uuid>
    <string>-</string>
    <string>jenkins-console.log</string>
    <int>38279</int>
    <int>38279</int>
    <int>0</int>
    <int>0</int>
    <edu.hm.hafner.analysis.LineRangeList/>
    <string></string>
    <string>maven-surefire-plugin:test</string>
    <string>-</string>
    <string>ch.ivyteam.ivy:ch.ivyteam.ivy.components.tests</string>
    <string>NORMAL</string>
    <string></string>
    <string>&lt;pre&gt;&lt;code&gt;Tests run: 14, Failures: 0, Errors: 0, Skipped: 1, Time elapsed: 30.561 s - in ch.ivyteam.ivy.components.streamer.in.deprecate.TestFormatConversion_3_27_CleanDeprecatedAspects&lt;/code&gt;&lt;/pre&gt;</string>
    <string>maven-warnings</string>
    <string>2682</string>
    <string>-</string>
    <null/>
    <uuid>c16521e9-f6e9-44ac-b196-36e5ed475b07</uuid>
    <string>-</string>
    <string>jenkins-console.log</string>
    <int>38286</int>
    <int>38286</int>
    <int>0</int>
    <int>0</int>
    <edu.hm.hafner.analysis.LineRangeList/>
    <string></string>
    <string>maven-surefire-plugin:test</string>
    <string>-</string>
    <string>ch.ivyteam.ivy:ch.ivyteam.ivy.components.tests</string>
    <string>NORMAL</string>
    <string></string>
    <string>&lt;pre&gt;&lt;code&gt;Tests run: 4, Failures: 0, Errors: 0, Skipped: 4, Time elapsed: 19.245 s - in ch.ivyteam.ivy.components.visual.util.TestElementMoveUtil&lt;/code&gt;&lt;/pre&gt;</string>
    <string>maven-warnings</string>
    <string>2682</string>
    <string>-</string>
    <null/>
    <uuid>5cf2cbcb-c0b1-4439-950f-0907d3c25d1a</uuid>
    <string>-</string>
    <string>jenkins-console.log</string>
    <int>38303</int>
    <int>38303</int>
    <int>0</int>
    <int>0</int>
    <edu.hm.hafner.analysis.LineRangeList/>
    <string></string>
    <string>maven-surefire-plugin:test</string>
    <string>-</string>
    <string>ch.ivyteam.ivy:ch.ivyteam.ivy.components.tests</string>
    <string>NORMAL</string>
    <string></string>
    <string>&lt;pre&gt;&lt;code&gt;Tests run: 1, Failures: 0, Errors: 0, Skipped: 1, Time elapsed: 15.308 s - in ch.ivyteam.ivy.components.visual.TestZFDimensionCommandUtil&lt;/code&gt;&lt;/pre&gt;</string>
    <string>maven-warnings</string>
    <string>2682</string>
    <string>-</string>
    <null/>
    <uuid>f52efd04-d4d3-490f-a08e-3ac8e2a27836</uuid>
    <string>-</string>
    <string>jenkins-console.log</string>
    <int>51157</int>
    <int>51157</int>
    <int>0</int>
    <int>0</int>
    <edu.hm.hafner.analysis.LineRangeList/>
    <string></string>
    <string>maven-surefire-plugin:test</string>
    <string>-</string>
    <string>ch.ivyteam.ivy:ch.ivyteam.ivy.process.event.tests</string>
    <string>NORMAL</string>
    <string></string>
    <string>&lt;pre&gt;&lt;code&gt;Tests run: 20, Failures: 0, Errors: 0, Skipped: 1, Time elapsed: 22.73 s - in ch.ivyteam.ivy.system.email.internal.task.TestNewTaskMailNotificationJob&lt;/code&gt;&lt;/pre&gt;</string>
    <string>maven-warnings</string>
    <string>2682</string>
    <string>-</string>
    <null/>
    <uuid>d7ca835c-d9f1-4a73-b0ec-3537236adc22</uuid>
    <string>-</string>
    <string>jenkins-console.log</string>
    <int>53602</int>
    <int>53602</int>
    <int>0</int>
    <int>0</int>
    <edu.hm.hafner.analysis.LineRangeList/>
    <string></string>
    <string>maven-surefire-plugin:test</string>
    <string>-</string>
    <string>ch.ivyteam.ivy:ch.ivyteam.ivy.process.event.tests</string>
    <string>NORMAL</string>
    <string></string>
    <string>&lt;pre&gt;&lt;code&gt;Tests run: 171, Failures: 0, Errors: 0, Skipped: 1&lt;/code&gt;&lt;/pre&gt;</string>
    <string>maven-warnings</string>
    <string>2682</string>
    <string>-</string>
    <null/>
    <uuid>98cbadd4-343a-49a5-87b5-4876acb3d364</uuid>
    <string>-</string>
    <string>jenkins-console.log</string>
    <int>55212</int>
    <int>55212</int>
    <int>0</int>
    <int>0</int>
    <edu.hm.hafner.analysis.LineRangeList/>
    <string></string>
    <string>maven-surefire-plugin:test</string>
    <string>-</string>
    <string>ch.ivyteam.ivy:ch.ivyteam.ivy.process.data.persistence.tests</string>
    <string>NORMAL</string>
    <string></string>
    <string>&lt;pre&gt;&lt;code&gt;Tests run: 63, Failures: 0, Errors: 0, Skipped: 10, Time elapsed: 4.116 s - in ch.ivyteam.ivy.business.data.store.serializer.TestSerializerIvyScript&lt;/code&gt;&lt;/pre&gt;</string>
    <string>maven-warnings</string>
    <string>2682</string>
    <string>-</string>
    <null/>
    <uuid>0e262d61-3b12-42f0-a325-a2a932ca413d</uuid>
    <string>-</string>
    <string>jenkins-console.log</string>
    <int>55315</int>
    <int>55315</int>
    <int>0</int>
    <int>0</int>
    <edu.hm.hafner.analysis.LineRangeList/>
    <string></string>
    <string>maven-surefire-plugin:test</string>
    <string>-</string>
    <string>ch.ivyteam.ivy:ch.ivyteam.ivy.process.data.persistence.tests</string>
    <string>NORMAL</string>
    <string></string>
    <string>&lt;pre&gt;&lt;code&gt;Tests run: 63, Failures: 0, Errors: 0, Skipped: 10, Time elapsed: 4.162 s - in ch.ivyteam.ivy.business.data.store.serializer.restricted.jackson.v630.TestSerializerIvyScript630&lt;/code&gt;&lt;/pre&gt;</string>
    <string>maven-warnings</string>
    <string>2682</string>
    <string>-</string>
    <null/>
    <uuid>c450840f-5c5e-4711-a41d-1b2142af6780</uuid>
    <string>-</string>
    <string>jenkins-console.log</string>
    <int>55472</int>
    <int>55472</int>
    <int>0</int>
    <int>0</int>
    <edu.hm.hafner.analysis.LineRangeList/>
    <string></string>
    <string>maven-surefire-plugin:test</string>
    <string>-</string>
    <string>ch.ivyteam.ivy:ch.ivyteam.ivy.process.data.persistence.tests</string>
    <string>NORMAL</string>
    <string></string>
    <string>&lt;pre&gt;&lt;code&gt;Tests run: 209, Failures: 0, Errors: 0, Skipped: 20&lt;/code&gt;&lt;/pre&gt;</string>
    <string>maven-warnings</string>
    <string>2682</string>
    <string>-</string>
    <null/>
    <uuid>b1b7a56b-af28-494b-819d-a1658d42a1d4</uuid>
    <list/>
    <list/>
    <set/>
    <map/>
    <map/>
    <int>0</int>
  </analysisReport>
</analysisReport>