{
  "version" : "4.0.0",
  "gauges" : {
    "jenkins.executor.count.value" : {
      "value" : 12
    },
    "jenkins.executor.free.value" : {
      "value" : 12
    },
    "jenkins.executor.in-use.value" : {
      "value" : 0
    },
    "jenkins.health-check.count" : {
      "value" : 4
    },
    "jenkins.health-check.inverse-score" : {
      "value" : 0.0
    },
    "jenkins.health-check.score" : {
      "value" : 1.0
    },
    "jenkins.job.averageDepth" : {
      "value" : 1.0
    },
    "jenkins.job.count.value" : {
      "value" : 34
    },
    "jenkins.node.count.value" : {
      "value" : 1
    },
    "jenkins.node.offline.value" : {
      "value" : 0
    },
    "jenkins.node.online.value" : {
      "value" : 1
    },
    "jenkins.plugins.active" : {
      "value" : 136
    },
    "jenkins.plugins.failed" : {
      "value" : 0
    },
    "jenkins.plugins.inactive" : {
      "value" : 1
    },
    "jenkins.plugins.withUpdate" : {
      "value" : 1
    },
    "jenkins.project.count.value" : {
      "value" : 26
    },
    "jenkins.project.disabled.count.value" : {
      "value" : 5
    },
    "jenkins.project.enabled.count.value" : {
      "value" : 21
    },
    "jenkins.queue.blocked.value" : {
      "value" : 0
    },
    "jenkins.queue.buildable.value" : {
      "value" : 0
    },
    "jenkins.queue.pending.value" : {
      "value" : 0
    },
    "jenkins.queue.size.value" : {
      "value" : 0
    },
    "jenkins.queue.stuck.value" : {
      "value" : 0
    },
    "jenkins.versions.core" : {
      "value" : "2.201"
    },
    "jenkins.versions.plugin.ace-editor" : {
      "value" : "1.1"
    },
    "jenkins.versions.plugin.ant" : {
      "value" : "1.10"
    },
    "jenkins.versions.plugin.antisamy-markup-formatter" : {
      "value" : "1.6"
    },
    "jenkins.versions.plugin.apache-httpcomponents-client-4-api" : {
      "value" : "4.5.10-2.0"
    },
    "jenkins.versions.plugin.authentication-tokens" : {
      "value" : "1.3"
    },
    "jenkins.versions.plugin.bitbucket" : {
      "value" : "1.1.11"
    },
    "jenkins.versions.plugin.blueocean" : {
      "value" : "1.19.0"
    },
    "jenkins.versions.plugin.blueocean-autofavorite" : {
      "value" : "1.2.4"
    },
    "jenkins.versions.plugin.blueocean-bitbucket-pipeline" : {
      "value" : "1.19.0"
    },
    "jenkins.versions.plugin.blueocean-commons" : {
      "value" : "1.19.0"
    },
    "jenkins.versions.plugin.blueocean-config" : {
      "value" : "1.19.0"
    },
    "jenkins.versions.plugin.blueocean-core-js" : {
      "value" : "1.19.0"
    },
    "jenkins.versions.plugin.blueocean-dashboard" : {
      "value" : "1.19.0"
    },
    "jenkins.versions.plugin.blueocean-display-url" : {
      "value" : "2.3.0"
    },
    "jenkins.versions.plugin.blueocean-events" : {
      "value" : "1.19.0"
    },
    "jenkins.versions.plugin.blueocean-git-pipeline" : {
      "value" : "1.19.0"
    },
    "jenkins.versions.plugin.blueocean-github-pipeline" : {
      "value" : "1.19.0"
    },
    "jenkins.versions.plugin.blueocean-i18n" : {
      "value" : "1.19.0"
    },
    "jenkins.versions.plugin.blueocean-jira" : {
      "value" : "1.19.0"
    },
    "jenkins.versions.plugin.blueocean-jwt" : {
      "value" : "1.19.0"
    },
    "jenkins.versions.plugin.blueocean-personalization" : {
      "value" : "1.19.0"
    },
    "jenkins.versions.plugin.blueocean-pipeline-api-impl" : {
      "value" : "1.19.0"
    },
    "jenkins.versions.plugin.blueocean-pipeline-editor" : {
      "value" : "1.19.0"
    },
    "jenkins.versions.plugin.blueocean-pipeline-scm-api" : {
      "value" : "1.19.0"
    },
    "jenkins.versions.plugin.blueocean-rest" : {
      "value" : "1.19.0"
    },
    "jenkins.versions.plugin.blueocean-rest-impl" : {
      "value" : "1.19.0"
    },
    "jenkins.versions.plugin.blueocean-web" : {
      "value" : "1.19.0"
    },
    "jenkins.versions.plugin.bouncycastle-api" : {
      "value" : "2.17"
    },
    "jenkins.versions.plugin.branch-api" : {
      "value" : "2.5.4"
    },
    "jenkins.versions.plugin.build-failure-analyzer" : {
      "value" : "1.23.1"
    },
    "jenkins.versions.plugin.build-monitor-plugin" : {
      "value" : "1.12+build.201809061734"
    },
    "jenkins.versions.plugin.build-timeout" : {
      "value" : "1.19"
    },
    "jenkins.versions.plugin.chucknorris" : {
      "value" : "1.2"
    },
    "jenkins.versions.plugin.claim" : {
      "value" : "2.15"
    },
    "jenkins.versions.plugin.cloudbees-bitbucket-branch-source" : {
      "value" : "2.5.0"
    },
    "jenkins.versions.plugin.cloudbees-folder" : {
      "value" : "6.9"
    },
    "jenkins.versions.plugin.command-launcher" : {
      "value" : "1.3"
    },
    "jenkins.versions.plugin.conditional-buildstep" : {
      "value" : "1.3.6"
    },
    "jenkins.versions.plugin.config-file-provider" : {
      "value" : "3.6.2"
    },
    "jenkins.versions.plugin.configuration-as-code" : {
      "value" : "1.32"
    },
    "jenkins.versions.plugin.configuration-as-code-support" : {
      "value" : "1.18"
    },
    "jenkins.versions.plugin.credentials" : {
      "value" : "2.3.0"
    },
    "jenkins.versions.plugin.credentials-binding" : {
      "value" : "1.20"
    },
    "jenkins.versions.plugin.dashboard-view" : {
      "value" : "2.12"
    },
    "jenkins.versions.plugin.delivery-pipeline-plugin" : {
      "value" : "1.4.0"
    },
    "jenkins.versions.plugin.display-url-api" : {
      "value" : "2.3.2"
    },
    "jenkins.versions.plugin.docker-commons" : {
      "value" : "1.15"
    },
    "jenkins.versions.plugin.docker-workflow" : {
      "value" : "1.21"
    },
    "jenkins.versions.plugin.durable-task" : {
      "value" : "1.31"
    },
    "jenkins.versions.plugin.email-ext" : {
      "value" : "2.68"
    },
    "jenkins.versions.plugin.external-monitor-job" : {
      "value" : "1.7"
    },
    "jenkins.versions.plugin.favorite" : {
      "value" : "2.3.2"
    },
    "jenkins.versions.plugin.git" : {
      "value" : "3.12.1"
    },
    "jenkins.versions.plugin.git-client" : {
      "value" : "2.9.0"
    },
    "jenkins.versions.plugin.git-parameter" : {
      "value" : "0.9.11"
    },
    "jenkins.versions.plugin.git-server" : {
      "value" : "1.8"
    },
    "jenkins.versions.plugin.github" : {
      "value" : "1.29.5"
    },
    "jenkins.versions.plugin.github-api" : {
      "value" : "1.95"
    },
    "jenkins.versions.plugin.github-branch-source" : {
      "value" : "2.5.8"
    },
    "jenkins.versions.plugin.gitlab-merge-request-jenkins" : {
      "value" : "2.0.0"
    },
    "jenkins.versions.plugin.gitlab-plugin" : {
      "value" : "1.5.13"
    },
    "jenkins.versions.plugin.gradle" : {
      "value" : "1.34"
    },
    "jenkins.versions.plugin.gravatar" : {
      "value" : "2.1"
    },
    "jenkins.versions.plugin.greenballs" : {
      "value" : "1.15"
    },
    "jenkins.versions.plugin.handlebars" : {
      "value" : "1.1.1"
    },
    "jenkins.versions.plugin.handy-uri-templates-2-api" : {
      "value" : "2.1.8-1.0"
    },
    "jenkins.versions.plugin.htmlpublisher" : {
      "value" : "1.21"
    },
    "jenkins.versions.plugin.jackson2-api" : {
      "value" : "2.10.0"
    },
    "jenkins.versions.plugin.javadoc" : {
      "value" : "1.5"
    },
    "jenkins.versions.plugin.jaxb" : {
      "value" : "2.3.0.1"
    },
    "jenkins.versions.plugin.jdk-tool" : {
      "value" : "1.3"
    },
    "jenkins.versions.plugin.jenkins-design-language" : {
      "value" : "1.19.0"
    },
    "jenkins.versions.plugin.jira" : {
      "value" : "3.0.10"
    },
    "jenkins.versions.plugin.jquery" : {
      "value" : "1.12.4-1"
    },
    "jenkins.versions.plugin.jquery-detached" : {
      "value" : "1.2.1"
    },
    "jenkins.versions.plugin.jsch" : {
      "value" : "0.1.55.1"
    },
    "jenkins.versions.plugin.junit" : {
      "value" : "1.28"
    },
    "jenkins.versions.plugin.ldap" : {
      "value" : "1.20"
    },
    "jenkins.versions.plugin.lockable-resources" : {
      "value" : "2.6"
    },
    "jenkins.versions.plugin.mailer" : {
      "value" : "1.29"
    },
    "jenkins.versions.plugin.mapdb-api" : {
      "value" : "1.0.9.0"
    },
    "jenkins.versions.plugin.matrix-auth" : {
      "value" : "2.5"
    },
    "jenkins.versions.plugin.matrix-project" : {
      "value" : "1.14"
    },
    "jenkins.versions.plugin.maven-plugin" : {
      "value" : "3.4"
    },
    "jenkins.versions.plugin.mercurial" : {
      "value" : "2.8"
    },
    "jenkins.versions.plugin.metrics" : {
      "value" : "4.0.2.6"
    },
    "jenkins.versions.plugin.momentjs" : {
      "value" : "1.1.1"
    },
    "jenkins.versions.plugin.nodejs" : {
      "value" : "1.3.4"
    },
    "jenkins.versions.plugin.pam-auth" : {
      "value" : "1.6"
    },
    "jenkins.versions.plugin.parameterized-trigger" : {
      "value" : "2.35.2"
    },
    "jenkins.versions.plugin.pipeline-build-step" : {
      "value" : "2.9"
    },
    "jenkins.versions.plugin.pipeline-github-lib" : {
      "value" : "1.0"
    },
    "jenkins.versions.plugin.pipeline-graph-analysis" : {
      "value" : "1.10"
    },
    "jenkins.versions.plugin.pipeline-input-step" : {
      "value" : "2.11"
    },
    "jenkins.versions.plugin.pipeline-milestone-step" : {
      "value" : "1.3.1"
    },
    "jenkins.versions.plugin.pipeline-model-api" : {
      "value" : "1.3.9"
    },
    "jenkins.versions.plugin.pipeline-model-declarative-agent" : {
      "value" : "1.1.1"
    },
    "jenkins.versions.plugin.pipeline-model-definition" : {
      "value" : "1.3.9"
    },
    "jenkins.versions.plugin.pipeline-model-extensions" : {
      "value" : "1.3.9"
    },
    "jenkins.versions.plugin.pipeline-rest-api" : {
      "value" : "2.12"
    },
    "jenkins.versions.plugin.pipeline-stage-step" : {
      "value" : "2.3"
    },
    "jenkins.versions.plugin.pipeline-stage-tags-metadata" : {
      "value" : "1.3.9"
    },
    "jenkins.versions.plugin.pipeline-stage-view" : {
      "value" : "2.12"
    },
    "jenkins.versions.plugin.plain-credentials" : {
      "value" : "1.5"
    },
    "jenkins.versions.plugin.pubsub-light" : {
      "value" : "1.13"
    },
    "jenkins.versions.plugin.radiatorviewplugin" : {
      "value" : "1.29"
    },
    "jenkins.versions.plugin.resource-disposer" : {
      "value" : "0.14"
    },
    "jenkins.versions.plugin.run-condition" : {
      "value" : "1.2"
    },
    "jenkins.versions.plugin.scm-api" : {
      "value" : "2.6.3"
    },
    "jenkins.versions.plugin.script-security" : {
      "value" : "1.66"
    },
    "jenkins.versions.plugin.sonar" : {
      "value" : "2.10"
    },
    "jenkins.versions.plugin.sse-gateway" : {
      "value" : "1.20"
    },
    "jenkins.versions.plugin.ssh" : {
      "value" : "2.6.1"
    },
    "jenkins.versions.plugin.ssh-agent" : {
      "value" : "1.17"
    },
    "jenkins.versions.plugin.ssh-credentials" : {
      "value" : "1.18"
    },
    "jenkins.versions.plugin.ssh-slaves" : {
      "value" : "1.31.0"
    },
    "jenkins.versions.plugin.structs" : {
      "value" : "1.20"
    },
    "jenkins.versions.plugin.subversion" : {
      "value" : "2.12.2"
    },
    "jenkins.versions.plugin.support-core" : {
      "value" : "2.62"
    },
    "jenkins.versions.plugin.timestamper" : {
      "value" : "1.10"
    },
    "jenkins.versions.plugin.token-macro" : {
      "value" : "2.10"
    },
    "jenkins.versions.plugin.trilead-api" : {
      "value" : "1.0.5"
    },
    "jenkins.versions.plugin.variant" : {
      "value" : "1.3"
    },
    "jenkins.versions.plugin.windows-slaves" : {
      "value" : "1.5"
    },
    "jenkins.versions.plugin.workflow-aggregator" : {
      "value" : "2.6"
    },
    "jenkins.versions.plugin.workflow-api" : {
      "value" : "2.37"
    },
    "jenkins.versions.plugin.workflow-basic-steps" : {
      "value" : "2.18"
    },
    "jenkins.versions.plugin.workflow-cps" : {
      "value" : "2.74"
    },
    "jenkins.versions.plugin.workflow-cps-global-lib" : {
      "value" : "2.15"
    },
    "jenkins.versions.plugin.workflow-durable-task-step" : {
      "value" : "2.34"
    },
    "jenkins.versions.plugin.workflow-job" : {
      "value" : "2.35"
    },
    "jenkins.versions.plugin.workflow-multibranch" : {
      "value" : "2.21"
    },
    "jenkins.versions.plugin.workflow-scm-step" : {
      "value" : "2.9"
    },
    "jenkins.versions.plugin.workflow-step-api" : {
      "value" : "2.20"
    },
    "jenkins.versions.plugin.workflow-support" : {
      "value" : "3.3"
    },
    "jenkins.versions.plugin.ws-cleanup" : {
      "value" : "0.37"
    },
    "system.cpu.load" : {
      "value" : 0.07
    },
    "vm.blocked.count" : {
      "value" : 0
    },
    "vm.class.loaded" : {
      "value" : 18904
    },
    "vm.class.unloaded" : {
      "value" : 11
    },
    "vm.count" : {
      "value" : 79
    },
    "vm.cpu.load" : {
      "value" : 0.7929240374609782
    },
    "vm.daemon.count" : {
      "value" : 46
    },
    "vm.deadlock.count" : {
      "value" : 0
    },
    "vm.deadlocks" : {
      "value" : [ ]
    },
    "vm.file.descriptor.ratio" : {
      "value" : 7.333755493164062E-4
    },
    "vm.gc.PS-MarkSweep.count" : {
      "value" : 4
    },
    "vm.gc.PS-MarkSweep.time" : {
      "value" : 349
    },
    "vm.gc.PS-Scavenge.count" : {
      "value" : 25
    },
    "vm.gc.PS-Scavenge.time" : {
      "value" : 454
    },
    "vm.memory.heap.committed" : {
      "value" : 2063073280
    },
    "vm.memory.heap.init" : {
      "value" : 327155712
    },
    "vm.memory.heap.max" : {
      "value" : 4642045952
    },
    "vm.memory.heap.usage" : {
      "value" : 0.17757719947706369
    },
    "vm.memory.heap.used" : {
      "value" : 824321520
    },
    "vm.memory.non-heap.committed" : {
      "value" : 187248640
    },
    "vm.memory.non-heap.init" : {
      "value" : 2555904
    },
    "vm.memory.non-heap.max" : {
      "value" : -1
    },
    "vm.memory.non-heap.usage" : {
      "value" : -1.69425376E8
    },
    "vm.memory.non-heap.used" : {
      "value" : 169426704
    },
    "vm.memory.pools.Code-Cache.committed" : {
      "value" : 46530560
    },
    "vm.memory.pools.Code-Cache.init" : {
      "value" : 2555904
    },
    "vm.memory.pools.Code-Cache.max" : {
      "value" : 251658240
    },
    "vm.memory.pools.Code-Cache.usage" : {
      "value" : 0.1819714864095052
    },
    "vm.memory.pools.Code-Cache.used" : {
      "value" : 45794624
    },
    "vm.memory.pools.Compressed-Class-Space.committed" : {
      "value" : 16121856
    },
    "vm.memory.pools.Compressed-Class-Space.init" : {
      "value" : 0
    },
    "vm.memory.pools.Compressed-Class-Space.max" : {
      "value" : 1073741824
    },
    "vm.memory.pools.Compressed-Class-Space.usage" : {
      "value" : 0.011856362223625183
    },
    "vm.memory.pools.Compressed-Class-Space.used" : {
      "value" : 12730672
    },
    "vm.memory.pools.Metaspace.committed" : {
      "value" : 124596224
    },
    "vm.memory.pools.Metaspace.init" : {
      "value" : 0
    },
    "vm.memory.pools.Metaspace.max" : {
      "value" : -1
    },
    "vm.memory.pools.Metaspace.usage" : {
      "value" : 0.8901315661058877
    },
    "vm.memory.pools.Metaspace.used" : {
      "value" : 110907440
    },
    "vm.memory.pools.PS-Eden-Space.committed" : {
      "value" : 1638400000
    },
    "vm.memory.pools.PS-Eden-Space.init" : {
      "value" : 81788928
    },
    "vm.memory.pools.PS-Eden-Space.max" : {
      "value" : 1646788608
    },
    "vm.memory.pools.PS-Eden-Space.usage" : {
      "value" : 0.41767101172465726
    },
    "vm.memory.pools.PS-Eden-Space.used" : {
      "value" : 687815864
    },
    "vm.memory.pools.PS-Eden-Space.used-after-gc" : {
      "value" : 0
    },
    "vm.memory.pools.PS-Old-Gen.committed" : {
      "value" : 375914496
    },
    "vm.memory.pools.PS-Old-Gen.init" : {
      "value" : 218103808
    },
    "vm.memory.pools.PS-Old-Gen.max" : {
      "value" : 3481272320
    },
    "vm.memory.pools.PS-Old-Gen.usage" : {
      "value" : 0.03541813586131636
    },
    "vm.memory.pools.PS-Old-Gen.used" : {
      "value" : 123300176
    },
    "vm.memory.pools.PS-Old-Gen.used-after-gc" : {
      "value" : 64354256
    },
    "vm.memory.pools.PS-Survivor-Space.committed" : {
      "value" : 48758784
    },
    "vm.memory.pools.PS-Survivor-Space.init" : {
      "value" : 13631488
    },
    "vm.memory.pools.PS-Survivor-Space.max" : {
      "value" : 48758784
    },
    "vm.memory.pools.PS-Survivor-Space.usage" : {
      "value" : 0.2708328411143313
    },
    "vm.memory.pools.PS-Survivor-Space.used" : {
      "value" : 13205480
    },
    "vm.memory.pools.PS-Survivor-Space.used-after-gc" : {
      "value" : 13205480
    },
    "vm.memory.total.committed" : {
      "value" : 2250321920
    },
    "vm.memory.total.init" : {
      "value" : 329711616
    },
    "vm.memory.total.max" : {
      "value" : 4642045951
    },
    "vm.memory.total.used" : {
      "value" : 993773544
    },
    "vm.new.count" : {
      "value" : 0
    },
    "vm.runnable.count" : {
      "value" : 14
    },
    "vm.terminated.count" : {
      "value" : 0
    },
    "vm.timed_waiting.count" : {
      "value" : 40
    },
    "vm.uptime.milliseconds" : {
      "value" : 163876
    },
    "vm.waiting.count" : {
      "value" : 25
    }
  },
  "counters" : {
    "http.activeRequests" : {
      "count" : 1
    }
  },
  "histograms" : {
    "jenkins.executor.count.history" : {
      "count" : 10,
      "max" : 12,
      "mean" : 11.999999999999996,
      "min" : 12,
      "p50" : 12.0,
      "p75" : 12.0,
      "p95" : 12.0,
      "p98" : 12.0,
      "p99" : 12.0,
      "p999" : 12.0,
      "values" : [ 12, 12, 12, 12, 12, 12, 12, 12, 12, 12 ],
      "stddev" : 3.5527136788005005E-15
    },
    "jenkins.executor.free.history" : {
      "count" : 10,
      "max" : 12,
      "mean" : 11.999999999999998,
      "min" : 12,
      "p50" : 12.0,
      "p75" : 12.0,
      "p95" : 12.0,
      "p98" : 12.0,
      "p99" : 12.0,
      "p999" : 12.0,
      "values" : [ 12, 12, 12, 12, 12, 12, 12, 12, 12, 12 ],
      "stddev" : 1.7763568394002503E-15
    },
    "jenkins.executor.in-use.history" : {
      "count" : 10,
      "max" : 0,
      "mean" : 0.0,
      "min" : 0,
      "p50" : 0.0,
      "p75" : 0.0,
      "p95" : 0.0,
      "p98" : 0.0,
      "p99" : 0.0,
      "p999" : 0.0,
      "values" : [ 0, 0, 0, 0, 0, 0, 0, 0, 0, 0 ],
      "stddev" : 0.0
    },
    "jenkins.job.count.history" : {
      "count" : 10,
      "max" : 34,
      "mean" : 34.0,
      "min" : 34,
      "p50" : 34.0,
      "p75" : 34.0,
      "p95" : 34.0,
      "p98" : 34.0,
      "p99" : 34.0,
      "p999" : 34.0,
      "values" : [ 34, 34, 34, 34, 34, 34, 34, 34, 34, 34 ],
      "stddev" : 0.0
    },
    "jenkins.node.count.history" : {
      "count" : 10,
      "max" : 1,
      "mean" : 0.9999999999999999,
      "min" : 1,
      "p50" : 1.0,
      "p75" : 1.0,
      "p95" : 1.0,
      "p98" : 1.0,
      "p99" : 1.0,
      "p999" : 1.0,
      "values" : [ 1, 1, 1, 1, 1, 1, 1, 1, 1, 1 ],
      "stddev" : 1.1102230246251564E-16
    },
    "jenkins.node.offline.history" : {
      "count" : 10,
      "max" : 0,
      "mean" : 0.0,
      "min" : 0,
      "p50" : 0.0,
      "p75" : 0.0,
      "p95" : 0.0,
      "p98" : 0.0,
      "p99" : 0.0,
      "p999" : 0.0,
      "values" : [ 0, 0, 0, 0, 0, 0, 0, 0, 0, 0 ],
      "stddev" : 0.0
    },
    "jenkins.node.online.history" : {
      "count" : 10,
      "max" : 1,
      "mean" : 1.0,
      "min" : 1,
      "p50" : 1.0,
      "p75" : 1.0,
      "p95" : 1.0,
      "p98" : 1.0,
      "p99" : 1.0,
      "p999" : 1.0,
      "values" : [ 1, 1, 1, 1, 1, 1, 1, 1, 1, 1 ],
      "stddev" : 0.0
    },
    "jenkins.project.count.history" : {
      "count" : 10,
      "max" : 26,
      "mean" : 26.000000000000004,
      "min" : 26,
      "p50" : 26.0,
      "p75" : 26.0,
      "p95" : 26.0,
      "p98" : 26.0,
      "p99" : 26.0,
      "p999" : 26.0,
      "values" : [ 26, 26, 26, 26, 26, 26, 26, 26, 26, 26 ],
      "stddev" : 3.552713678800501E-15
    },
    "jenkins.project.disabled.count.history" : {
      "count" : 10,
      "max" : 5,
      "mean" : 4.999999999999999,
      "min" : 5,
      "p50" : 5.0,
      "p75" : 5.0,
      "p95" : 5.0,
      "p98" : 5.0,
      "p99" : 5.0,
      "p999" : 5.0,
      "values" : [ 5, 5, 5, 5, 5, 5, 5, 5, 5, 5 ],
      "stddev" : 8.881784197001251E-16
    },
    "jenkins.project.enabled.count.history" : {
      "count" : 10,
      "max" : 21,
      "mean" : 21.0,
      "min" : 21,
      "p50" : 21.0,
      "p75" : 21.0,
      "p95" : 21.0,
      "p98" : 21.0,
      "p99" : 21.0,
      "p999" : 21.0,
      "values" : [ 21, 21, 21, 21, 21, 21, 21, 21, 21, 21 ],
      "stddev" : 0.0
    },
    "jenkins.queue.blocked.history" : {
      "count" : 10,
      "max" : 0,
      "mean" : 0.0,
      "min" : 0,
      "p50" : 0.0,
      "p75" : 0.0,
      "p95" : 0.0,
      "p98" : 0.0,
      "p99" : 0.0,
      "p999" : 0.0,
      "values" : [ 0, 0, 0, 0, 0, 0, 0, 0, 0, 0 ],
      "stddev" : 0.0
    },
    "jenkins.queue.buildable.history" : {
      "count" : 10,
      "max" : 0,
      "mean" : 0.0,
      "min" : 0,
      "p50" : 0.0,
      "p75" : 0.0,
      "p95" : 0.0,
      "p98" : 0.0,
      "p99" : 0.0,
      "p999" : 0.0,
      "values" : [ 0, 0, 0, 0, 0, 0, 0, 0, 0, 0 ],
      "stddev" : 0.0
    },
    "jenkins.queue.pending.history" : {
      "count" : 10,
      "max" : 0,
      "mean" : 0.0,
      "min" : 0,
      "p50" : 0.0,
      "p75" : 0.0,
      "p95" : 0.0,
      "p98" : 0.0,
      "p99" : 0.0,
      "p999" : 0.0,
      "values" : [ 0, 0, 0, 0, 0, 0, 0, 0, 0, 0 ],
      "stddev" : 0.0
    },
    "jenkins.queue.size.history" : {
      "count" : 10,
      "max" : 0,
      "mean" : 0.0,
      "min" : 0,
      "p50" : 0.0,
      "p75" : 0.0,
      "p95" : 0.0,
      "p98" : 0.0,
      "p99" : 0.0,
      "p999" : 0.0,
      "values" : [ 0, 0, 0, 0, 0, 0, 0, 0, 0, 0 ],
      "stddev" : 0.0
    },
    "jenkins.queue.stuck.history" : {
      "count" : 10,
      "max" : 0,
      "mean" : 0.0,
      "min" : 0,
      "p50" : 0.0,
      "p75" : 0.0,
      "p95" : 0.0,
      "p98" : 0.0,
      "p99" : 0.0,
      "p999" : 0.0,
      "values" : [ 0, 0, 0, 0, 0, 0, 0, 0, 0, 0 ],
      "stddev" : 0.0
    },
    "system.cpu.load.x100.history" : {
      "count" : 10,
      "max" : 61,
      "mean" : 18.90574076558104,
      "min" : 8,
      "p50" : 13.0,
      "p75" : 22.0,
      "p95" : 48.0,
      "p98" : 61.0,
      "p99" : 61.0,
      "p999" : 61.0,
      "values" : [ 8, 10, 13, 17, 22, 28, 36, 37, 48, 61 ],
      "stddev" : 13.035132569218693
    },
    "system.cpu.load.x100.window.15m" : {
      "count" : 10,
      "max" : 61,
      "mean" : 28.0,
      "min" : 8,
      "p50" : 25.0,
      "p75" : 39.75,
      "p95" : 61.0,
      "p98" : 61.0,
      "p99" : 61.0,
      "p999" : 61.0,
      "values" : [ 8, 10, 13, 17, 22, 28, 36, 37, 48, 61 ],
      "stddev" : 17.448336437736536
    },
    "system.cpu.load.x100.window.1h" : {
      "count" : 10,
      "max" : 61,
      "mean" : 28.0,
      "min" : 8,
      "p50" : 25.0,
      "p75" : 39.75,
      "p95" : 61.0,
      "p98" : 61.0,
      "p99" : 61.0,
      "p999" : 61.0,
      "values" : [ 8, 10, 13, 17, 22, 28, 36, 37, 48, 61 ],
      "stddev" : 17.448336437736536
    },
    "system.cpu.load.x100.window.5m" : {
      "count" : 10,
      "max" : 61,
      "mean" : 28.0,
      "min" : 8,
      "p50" : 25.0,
      "p75" : 39.75,
      "p95" : 61.0,
      "p98" : 61.0,
      "p99" : 61.0,
      "p999" : 61.0,
      "values" : [ 8, 10, 13, 17, 22, 28, 36, 37, 48, 61 ],
      "stddev" : 17.448336437736536
    },
    "vm.cpu.load.x100.history" : {
      "count" : 10,
      "max" : 9900,
      "mean" : 305.2320141160493,
      "min" : 4,
      "p50" : 9.0,
      "p75" : 11.0,
      "p95" : 25.0,
      "p98" : 9900.0,
      "p99" : 9900.0,
      "p999" : 9900.0,
      "values" : [ 4, 6, 7, 8, 9, 10, 11, 25, 25, 9900 ],
      "stddev" : 1679.4747006880539
    },
    "vm.cpu.load.x100.window.15m" : {
      "count" : 10,
      "max" : 9900,
      "mean" : 1000.5,
      "min" : 4,
      "p50" : 9.5,
      "p75" : 25.0,
      "p95" : 9900.0,
      "p98" : 9900.0,
      "p99" : 9900.0,
      "p999" : 9900.0,
      "values" : [ 4, 6, 7, 8, 9, 10, 11, 25, 25, 9900 ],
      "stddev" : 3126.9743007862694
    },
    "vm.cpu.load.x100.window.1h" : {
      "count" : 10,
      "max" : 9900,
      "mean" : 1000.5,
      "min" : 4,
      "p50" : 9.5,
      "p75" : 25.0,
      "p95" : 9900.0,
      "p98" : 9900.0,
      "p99" : 9900.0,
      "p999" : 9900.0,
      "values" : [ 4, 6, 7, 8, 9, 10, 11, 25, 25, 9900 ],
      "stddev" : 3126.9743007862694
    },
    "vm.cpu.load.x100.window.5m" : {
      "count" : 10,
      "max" : 9900,
      "mean" : 1000.5,
      "min" : 4,
      "p50" : 9.5,
      "p75" : 25.0,
      "p95" : 9900.0,
      "p98" : 9900.0,
      "p99" : 9900.0,
      "p999" : 9900.0,
      "values" : [ 4, 6, 7, 8, 9, 10, 11, 25, 25, 9900 ],
      "stddev" : 3126.9743007862694
    },
    "vm.file.descriptor.ratio.x100.history" : {
      "count" : 10,
      "max" : 0,
      "mean" : 0.0,
      "min" : 0,
      "p50" : 0.0,
      "p75" : 0.0,
      "p95" : 0.0,
      "p98" : 0.0,
      "p99" : 0.0,
      "p999" : 0.0,
      "values" : [ 0, 0, 0, 0, 0, 0, 0, 0, 0, 0 ],
      "stddev" : 0.0
    },
    "vm.file.descriptor.ratio.x100.window.15m" : {
      "count" : 10,
      "max" : 0,
      "mean" : 0.0,
      "min" : 0,
      "p50" : 0.0,
      "p75" : 0.0,
      "p95" : 0.0,
      "p98" : 0.0,
      "p99" : 0.0,
      "p999" : 0.0,
      "values" : [ 0, 0, 0, 0, 0, 0, 0, 0, 0, 0 ],
      "stddev" : 0.0
    },
    "vm.file.descriptor.ratio.x100.window.1h" : {
      "count" : 10,
      "max" : 0,
      "mean" : 0.0,
      "min" : 0,
      "p50" : 0.0,
      "p75" : 0.0,
      "p95" : 0.0,
      "p98" : 0.0,
      "p99" : 0.0,
      "p999" : 0.0,
      "values" : [ 0, 0, 0, 0, 0, 0, 0, 0, 0, 0 ],
      "stddev" : 0.0
    },
    "vm.file.descriptor.ratio.x100.window.5m" : {
      "count" : 10,
      "max" : 0,
      "mean" : 0.0,
      "min" : 0,
      "p50" : 0.0,
      "p75" : 0.0,
      "p95" : 0.0,
      "p98" : 0.0,
      "p99" : 0.0,
      "p999" : 0.0,
      "values" : [ 0, 0, 0, 0, 0, 0, 0, 0, 0, 0 ],
      "stddev" : 0.0
    },
    "vm.memory.heap.committed.history" : {
      "count" : 10,
      "max" : 2063597568,
      "mean" : 2.0630888659907491E9,
      "min" : 2063073280,
      "p50" : 2.06307328E9,
      "p75" : 2.06307328E9,
      "p95" : 2.06307328E9,
      "p98" : 2.063597568E9,
      "p99" : 2.063597568E9,
      "p999" : 2.063597568E9,
      "values" : [ 2063073280, 2063073280, 2063073280, 2063073280, 2063073280, 2063073280, 2063073280, 2063073280, 2063073280, 2063597568 ],
      "stddev" : 89042.82570910941
    },
    "vm.memory.heap.committed.window.15m" : {
      "count" : 10,
      "max" : 2063597568,
      "mean" : 2.0631257088E9,
      "min" : 2063073280,
      "p50" : 2.06307328E9,
      "p75" : 2.06307328E9,
      "p95" : 2.063597568E9,
      "p98" : 2.063597568E9,
      "p99" : 2.063597568E9,
      "p999" : 2.063597568E9,
      "values" : [ 2063073280, 2063073280, 2063073280, 2063073280, 2063073280, 2063073280, 2063073280, 2063073280, 2063073280, 2063597568 ],
      "stddev" : 165794.42298943593
    },
    "vm.memory.heap.committed.window.1h" : {
      "count" : 10,
      "max" : 2063597568,
      "mean" : 2.0631257088E9,
      "min" : 2063073280,
      "p50" : 2.06307328E9,
      "p75" : 2.06307328E9,
      "p95" : 2.063597568E9,
      "p98" : 2.063597568E9,
      "p99" : 2.063597568E9,
      "p999" : 2.063597568E9,
      "values" : [ 2063073280, 2063073280, 2063073280, 2063073280, 2063073280, 2063073280, 2063073280, 2063073280, 2063073280, 2063597568 ],
      "stddev" : 165794.42298943593
    },
    "vm.memory.heap.committed.window.5m" : {
      "count" : 10,
      "max" : 2063597568,
      "mean" : 2.0631257088E9,
      "min" : 2063073280,
      "p50" : 2.06307328E9,
      "p75" : 2.06307328E9,
      "p95" : 2.063597568E9,
      "p98" : 2.063597568E9,
      "p99" : 2.063597568E9,
      "p999" : 2.063597568E9,
      "values" : [ 2063073280, 2063073280, 2063073280, 2063073280, 2063073280, 2063073280, 2063073280, 2063073280, 2063073280, 2063597568 ],
      "stddev" : 165794.42298943593
    },
    "vm.memory.heap.usage.x100.history" : {
      "count" : 10,
      "max" : 34,
      "mean" : 11.948043006733869,
      "min" : 5,
      "p50" : 12.0,
      "p75" : 16.0,
      "p95" : 16.0,
      "p98" : 34.0,
      "p99" : 34.0,
      "p999" : 34.0,
      "values" : [ 5, 6, 6, 7, 8, 9, 12, 14, 16, 34 ],
      "stddev" : 5.351468651305104
    },
    "vm.memory.heap.usage.x100.window.15m" : {
      "count" : 10,
      "max" : 34,
      "mean" : 11.7,
      "min" : 5,
      "p50" : 8.5,
      "p75" : 14.5,
      "p95" : 34.0,
      "p98" : 34.0,
      "p99" : 34.0,
      "p999" : 34.0,
      "values" : [ 5, 6, 6, 7, 8, 9, 12, 14, 16, 34 ],
      "stddev" : 8.654478609367523
    },
    "vm.memory.heap.usage.x100.window.1h" : {
      "count" : 10,
      "max" : 34,
      "mean" : 11.7,
      "min" : 5,
      "p50" : 8.5,
      "p75" : 14.5,
      "p95" : 34.0,
      "p98" : 34.0,
      "p99" : 34.0,
      "p999" : 34.0,
      "values" : [ 5, 6, 6, 7, 8, 9, 12, 14, 16, 34 ],
      "stddev" : 8.654478609367523
    },
    "vm.memory.heap.usage.x100.window.5m" : {
      "count" : 10,
      "max" : 34,
      "mean" : 11.7,
      "min" : 5,
      "p50" : 8.5,
      "p75" : 14.5,
      "p95" : 34.0,
      "p98" : 34.0,
      "p99" : 34.0,
      "p999" : 34.0,
      "values" : [ 5, 6, 6, 7, 8, 9, 12, 14, 16, 34 ],
      "stddev" : 8.654478609367523
    },
    "vm.memory.heap.used.history" : {
      "count" : 10,
      "max" : 1578305464,
      "mean" : 5.474394144899877E8,
      "min" : 210885552,
      "p50" : 5.62974912E8,
      "p75" : 7.30677224E8,
      "p95" : 7.30677224E8,
      "p98" : 1.578305464E9,
      "p99" : 1.578305464E9,
      "p999" : 1.578305464E9,
      "values" : [ 210885552, 268029872, 274973688, 323907904, 361369216, 407353152, 562974912, 640663160, 730677224, 1578305464 ],
      "stddev" : 2.4903093644100192E8
    },
    "vm.memory.heap.used.window.15m" : {
      "count" : 10,
      "max" : 1578305464,
      "mean" : 5.359140144E8,
      "min" : 210885552,
      "p50" : 3.84361184E8,
      "p75" : 6.63166676E8,
      "p95" : 1.578305464E9,
      "p98" : 1.578305464E9,
      "p99" : 1.578305464E9,
      "p999" : 1.578305464E9,
      "values" : [ 210885552, 268029872, 274973688, 323907904, 361369216, 407353152, 562974912, 640663160, 730677224, 1578305464 ],
      "stddev" : 4.046470285725609E8
    },
    "vm.memory.heap.used.window.1h" : {
      "count" : 10,
      "max" : 1578305464,
      "mean" : 5.359140144E8,
      "min" : 210885552,
      "p50" : 3.84361184E8,
      "p75" : 6.63166676E8,
      "p95" : 1.578305464E9,
      "p98" : 1.578305464E9,
      "p99" : 1.578305464E9,
      "p999" : 1.578305464E9,
      "values" : [ 210885552, 268029872, 274973688, 323907904, 361369216, 407353152, 562974912, 640663160, 730677224, 1578305464 ],
      "stddev" : 4.046470285725609E8
    },
    "vm.memory.heap.used.window.5m" : {
      "count" : 10,
      "max" : 1578305464,
      "mean" : 5.359140144E8,
      "min" : 210885552,
      "p50" : 3.84361184E8,
      "p75" : 6.63166676E8,
      "p95" : 1.578305464E9,
      "p98" : 1.578305464E9,
      "p99" : 1.578305464E9,
      "p999" : 1.578305464E9,
      "values" : [ 210885552, 268029872, 274973688, 323907904, 361369216, 407353152, 562974912, 640663160, 730677224, 1578305464 ],
      "stddev" : 4.046470285725609E8
    },
    "vm.memory.non-heap.committed.history" : {
      "count" : 10,
      "max" : 185020416,
      "mean" : 1.8051595615641308E8,
      "min" : 170405888,
      "p50" : 1.82071296E8,
      "p75" : 1.84365056E8,
      "p95" : 1.85020416E8,
      "p98" : 1.85020416E8,
      "p99" : 1.85020416E8,
      "p999" : 1.85020416E8,
      "values" : [ 170405888, 172765184, 174600192, 175190016, 177418240, 177811456, 178073600, 182071296, 184365056, 185020416 ],
      "stddev" : 4266146.254422529
    },
    "vm.memory.non-heap.committed.window.15m" : {
      "count" : 10,
      "max" : 185020416,
      "mean" : 1.777721344E8,
      "min" : 170405888,
      "p50" : 1.77614848E8,
      "p75" : 1.82644736E8,
      "p95" : 1.85020416E8,
      "p98" : 1.85020416E8,
      "p99" : 1.85020416E8,
      "p999" : 1.85020416E8,
      "values" : [ 170405888, 172765184, 174600192, 175190016, 177418240, 177811456, 178073600, 182071296, 184365056, 185020416 ],
      "stddev" : 4839241.826937475
    },
    "vm.memory.non-heap.committed.window.1h" : {
      "count" : 10,
      "max" : 185020416,
      "mean" : 1.777721344E8,
      "min" : 170405888,
      "p50" : 1.77614848E8,
      "p75" : 1.82644736E8,
      "p95" : 1.85020416E8,
      "p98" : 1.85020416E8,
      "p99" : 1.85020416E8,
      "p999" : 1.85020416E8,
      "values" : [ 170405888, 172765184, 174600192, 175190016, 177418240, 177811456, 178073600, 182071296, 184365056, 185020416 ],
      "stddev" : 4839241.826937475
    },
    "vm.memory.non-heap.committed.window.5m" : {
      "count" : 10,
      "max" : 185020416,
      "mean" : 1.777721344E8,
      "min" : 170405888,
      "p50" : 1.77614848E8,
      "p75" : 1.82644736E8,
      "p95" : 1.85020416E8,
      "p98" : 1.85020416E8,
      "p99" : 1.85020416E8,
      "p999" : 1.85020416E8,
      "values" : [ 170405888, 172765184, 174600192, 175190016, 177418240, 177811456, 178073600, 182071296, 184365056, 185020416 ],
      "stddev" : 4839241.826937475
    },
    "vm.memory.non-heap.usage.x100.history" : {
      "count" : 10,
      "max" : -15465070400,
      "mean" : -1.6370341512437931E10,
      "min" : -16777623200,
      "p50" : -1.65436096E10,
      "p75" : -1.60615032E10,
      "p95" : -1.56641584E10,
      "p98" : -1.54650704E10,
      "p99" : -1.54650704E10,
      "p999" : -1.54650704E10,
      "values" : [ -16777623200, -16730106400, -16543609600, -16125849600, -16112871200, -16061503200, -15908104800, -15844997600, -15664158400, -15465070400 ],
      "stddev" : 3.9303579554361403E8
    },
    "vm.memory.non-heap.usage.x100.window.15m" : {
      "count" : 10,
      "max" : -15465070400,
      "mean" : -1.612338944E10,
      "min" : -16777623200,
      "p50" : -1.60871872E10,
      "p75" : -1.57997878E10,
      "p95" : -1.54650704E10,
      "p98" : -1.54650704E10,
      "p99" : -1.54650704E10,
      "p999" : -1.54650704E10,
      "values" : [ -16777623200, -16730106400, -16543609600, -16125849600, -16112871200, -16061503200, -15908104800, -15844997600, -15664158400, -15465070400 ],
      "stddev" : 4.4030109103904796E8
    },
    "vm.memory.non-heap.usage.x100.window.1h" : {
      "count" : 10,
      "max" : -15465070400,
      "mean" : -1.612338944E10,
      "min" : -16777623200,
      "p50" : -1.60871872E10,
      "p75" : -1.57997878E10,
      "p95" : -1.54650704E10,
      "p98" : -1.54650704E10,
      "p99" : -1.54650704E10,
      "p999" : -1.54650704E10,
      "values" : [ -16777623200, -16730106400, -16543609600, -16125849600, -16112871200, -16061503200, -15908104800, -15844997600, -15664158400, -15465070400 ],
      "stddev" : 4.4030109103904796E8
    },
    "vm.memory.non-heap.usage.x100.window.5m" : {
      "count" : 10,
      "max" : -15465070400,
      "mean" : -1.612338944E10,
      "min" : -16777623200,
      "p50" : -1.60871872E10,
      "p75" : -1.57997878E10,
      "p95" : -1.54650704E10,
      "p98" : -1.54650704E10,
      "p99" : -1.54650704E10,
      "p999" : -1.54650704E10,
      "values" : [ -16777623200, -16730106400, -16543609600, -16125849600, -16112871200, -16061503200, -15908104800, -15844997600, -15664158400, -15465070400 ],
      "stddev" : 4.4030109103904796E8
    },
    "vm.memory.non-heap.used.history" : {
      "count" : 10,
      "max" : 167776232,
      "mean" : 1.6370341702696604E8,
      "min" : 154650768,
      "p50" : 1.65436096E8,
      "p75" : 1.67301064E8,
      "p95" : 1.67776232E8,
      "p98" : 1.67776232E8,
      "p99" : 1.67776232E8,
      "p999" : 1.67776232E8,
      "values" : [ 154650768, 156641584, 158449976, 159081048, 160615032, 161128712, 161258496, 165436096, 167301064, 167776232 ],
      "stddev" : 3930353.573260505
    },
    "vm.memory.non-heap.used.window.15m" : {
      "count" : 10,
      "max" : 167776232,
      "mean" : 1.612339008E8,
      "min" : 154650768,
      "p50" : 1.60871872E8,
      "p75" : 1.65902338E8,
      "p95" : 1.67776232E8,
      "p98" : 1.67776232E8,
      "p99" : 1.67776232E8,
      "p999" : 1.67776232E8,
      "values" : [ 154650768, 156641584, 158449976, 159081048, 160615032, 161128712, 161258496, 165436096, 167301064, 167776232 ],
      "stddev" : 4403000.278200127
    },
    "vm.memory.non-heap.used.window.1h" : {
      "count" : 10,
      "max" : 167776232,
      "mean" : 1.612339008E8,
      "min" : 154650768,
      "p50" : 1.60871872E8,
      "p75" : 1.65902338E8,
      "p95" : 1.67776232E8,
      "p98" : 1.67776232E8,
      "p99" : 1.67776232E8,
      "p999" : 1.67776232E8,
      "values" : [ 154650768, 156641584, 158449976, 159081048, 160615032, 161128712, 161258496, 165436096, 167301064, 167776232 ],
      "stddev" : 4403000.278200127
    },
    "vm.memory.non-heap.used.window.5m" : {
      "count" : 10,
      "max" : 167776232,
      "mean" : 1.612339008E8,
      "min" : 154650768,
      "p50" : 1.60871872E8,
      "p75" : 1.65902338E8,
      "p95" : 1.67776232E8,
      "p98" : 1.67776232E8,
      "p99" : 1.67776232E8,
      "p999" : 1.67776232E8,
      "values" : [ 154650768, 156641584, 158449976, 159081048, 160615032, 161128712, 161258496, 165436096, 167301064, 167776232 ],
      "stddev" : 4403000.278200127
    },
    "vm.memory.pools.Code-Cache.committed.history" : {
      "count" : 10,
      "max" : 45613056,
      "mean" : 4.348019381484218E7,
      "min" : 38338560,
      "p50" : 4.3974656E7,
      "p75" : 4.521984E7,
      "p95" : 4.5613056E7,
      "p98" : 4.5613056E7,
      "p99" : 4.5613056E7,
      "p999" : 4.5613056E7,
      "values" : [ 38338560, 39911424, 40960000, 41549824, 41943040, 42336256, 42336256, 43974656, 45219840, 45613056 ],
      "stddev" : 1954567.2838067026
    },
    "vm.memory.pools.Code-Cache.committed.window.15m" : {
      "count" : 10,
      "max" : 45613056,
      "mean" : 4.22182912E7,
      "min" : 38338560,
      "p50" : 4.2139648E7,
      "p75" : 4.4285952E7,
      "p95" : 4.5613056E7,
      "p98" : 4.5613056E7,
      "p99" : 4.5613056E7,
      "p999" : 4.5613056E7,
      "values" : [ 38338560, 39911424, 40960000, 41549824, 41943040, 42336256, 42336256, 43974656, 45219840, 45613056 ],
      "stddev" : 2263876.4878981262
    },
    "vm.memory.pools.Code-Cache.committed.window.1h" : {
      "count" : 10,
      "max" : 45613056,
      "mean" : 4.22182912E7,
      "min" : 38338560,
      "p50" : 4.2139648E7,
      "p75" : 4.4285952E7,
      "p95" : 4.5613056E7,
      "p98" : 4.5613056E7,
      "p99" : 4.5613056E7,
      "p999" : 4.5613056E7,
      "values" : [ 38338560, 39911424, 40960000, 41549824, 41943040, 42336256, 42336256, 43974656, 45219840, 45613056 ],
      "stddev" : 2263876.4878981262
    },
    "vm.memory.pools.Code-Cache.committed.window.5m" : {
      "count" : 10,
      "max" : 45613056,
      "mean" : 4.22182912E7,
      "min" : 38338560,
      "p50" : 4.2139648E7,
      "p75" : 4.4285952E7,
      "p95" : 4.5613056E7,
      "p98" : 4.5613056E7,
      "p99" : 4.5613056E7,
      "p999" : 4.5613056E7,
      "values" : [ 38338560, 39911424, 40960000, 41549824, 41943040, 42336256, 42336256, 43974656, 45219840, 45613056 ],
      "stddev" : 2263876.4878981262
    },
    "vm.memory.pools.Code-Cache.usage.x100.history" : {
      "count" : 10,
      "max" : 18,
      "mean" : 17.088698148917235,
      "min" : 15,
      "p50" : 17.0,
      "p75" : 18.0,
      "p95" : 18.0,
      "p98" : 18.0,
      "p99" : 18.0,
      "p999" : 18.0,
      "values" : [ 15, 16, 16, 16, 16, 17, 17, 17, 18, 18 ],
      "stddev" : 0.8792162345459028
    },
    "vm.memory.pools.Code-Cache.usage.x100.window.15m" : {
      "count" : 10,
      "max" : 18,
      "mean" : 16.6,
      "min" : 15,
      "p50" : 16.5,
      "p75" : 17.25,
      "p95" : 18.0,
      "p98" : 18.0,
      "p99" : 18.0,
      "p999" : 18.0,
      "values" : [ 15, 16, 16, 16, 16, 17, 17, 17, 18, 18 ],
      "stddev" : 0.9660917830792959
    },
    "vm.memory.pools.Code-Cache.usage.x100.window.1h" : {
      "count" : 10,
      "max" : 18,
      "mean" : 16.6,
      "min" : 15,
      "p50" : 16.5,
      "p75" : 17.25,
      "p95" : 18.0,
      "p98" : 18.0,
      "p99" : 18.0,
      "p999" : 18.0,
      "values" : [ 15, 16, 16, 16, 16, 17, 17, 17, 18, 18 ],
      "stddev" : 0.9660917830792959
    },
    "vm.memory.pools.Code-Cache.usage.x100.window.5m" : {
      "count" : 10,
      "max" : 18,
      "mean" : 16.6,
      "min" : 15,
      "p50" : 16.5,
      "p75" : 17.25,
      "p95" : 18.0,
      "p98" : 18.0,
      "p99" : 18.0,
      "p999" : 18.0,
      "values" : [ 15, 16, 16, 16, 16, 17, 17, 17, 18, 18 ],
      "stddev" : 0.9660917830792959
    },
    "vm.memory.pools.Code-Cache.used.history" : {
      "count" : 10,
      "max" : 45322880,
      "mean" : 4.302344214037984E7,
      "min" : 38079616,
      "p50" : 4.3674432E7,
      "p75" : 4.4910592E7,
      "p95" : 4.532288E7,
      "p98" : 4.532288E7,
      "p99" : 4.532288E7,
      "p999" : 4.532288E7,
      "values" : [ 38079616, 39249664, 40723136, 40983744, 41226944, 41670784, 41730880, 43674432, 44910592, 45322880 ],
      "stddev" : 2085175.7384500522
    },
    "vm.memory.pools.Code-Cache.used.window.15m" : {
      "count" : 10,
      "max" : 45322880,
      "mean" : 4.17572672E7,
      "min" : 38079616,
      "p50" : 4.1448864E7,
      "p75" : 4.3983472E7,
      "p95" : 4.532288E7,
      "p98" : 4.532288E7,
      "p99" : 4.532288E7,
      "p999" : 4.532288E7,
      "values" : [ 38079616, 39249664, 40723136, 40983744, 41226944, 41670784, 41730880, 43674432, 44910592, 45322880 ],
      "stddev" : 2311876.3126782635
    },
    "vm.memory.pools.Code-Cache.used.window.1h" : {
      "count" : 10,
      "max" : 45322880,
      "mean" : 4.17572672E7,
      "min" : 38079616,
      "p50" : 4.1448864E7,
      "p75" : 4.3983472E7,
      "p95" : 4.532288E7,
      "p98" : 4.532288E7,
      "p99" : 4.532288E7,
      "p999" : 4.532288E7,
      "values" : [ 38079616, 39249664, 40723136, 40983744, 41226944, 41670784, 41730880, 43674432, 44910592, 45322880 ],
      "stddev" : 2311876.3126782635
    },
    "vm.memory.pools.Code-Cache.used.window.5m" : {
      "count" : 10,
      "max" : 45322880,
      "mean" : 4.17572672E7,
      "min" : 38079616,
      "p50" : 4.1448864E7,
      "p75" : 4.3983472E7,
      "p95" : 4.532288E7,
      "p98" : 4.532288E7,
      "p99" : 4.532288E7,
      "p999" : 4.532288E7,
      "values" : [ 38079616, 39249664, 40723136, 40983744, 41226944, 41670784, 41730880, 43674432, 44910592, 45322880 ],
      "stddev" : 2311876.3126782635
    },
    "vm.memory.pools.Compressed-Class-Space.committed.history" : {
      "count" : 10,
      "max" : 15859712,
      "mean" : 1.5628207542522058E7,
      "min" : 15073280,
      "p50" : 1.572864E7,
      "p75" : 1.5859712E7,
      "p95" : 1.5859712E7,
      "p98" : 1.5859712E7,
      "p99" : 1.5859712E7,
      "p999" : 1.5859712E7,
      "values" : [ 15073280, 15204352, 15335424, 15335424, 15466496, 15466496, 15466496, 15728640, 15859712, 15859712 ],
      "stddev" : 235175.8302113052
    },
    "vm.memory.pools.Compressed-Class-Space.committed.window.15m" : {
      "count" : 10,
      "max" : 15859712,
      "mean" : 1.54796032E7,
      "min" : 15073280,
      "p50" : 1.5466496E7,
      "p75" : 1.5761408E7,
      "p95" : 1.5859712E7,
      "p98" : 1.5859712E7,
      "p99" : 1.5859712E7,
      "p999" : 1.5859712E7,
      "values" : [ 15073280, 15204352, 15335424, 15335424, 15466496, 15466496, 15466496, 15728640, 15859712, 15859712 ],
      "stddev" : 265400.57206871273
    },
    "vm.memory.pools.Compressed-Class-Space.committed.window.1h" : {
      "count" : 10,
      "max" : 15859712,
      "mean" : 1.54796032E7,
      "min" : 15073280,
      "p50" : 1.5466496E7,
      "p75" : 1.5761408E7,
      "p95" : 1.5859712E7,
      "p98" : 1.5859712E7,
      "p99" : 1.5859712E7,
      "p999" : 1.5859712E7,
      "values" : [ 15073280, 15204352, 15335424, 15335424, 15466496, 15466496, 15466496, 15728640, 15859712, 15859712 ],
      "stddev" : 265400.57206871273
    },
    "vm.memory.pools.Compressed-Class-Space.committed.window.5m" : {
      "count" : 10,
      "max" : 15859712,
      "mean" : 1.54796032E7,
      "min" : 15073280,
      "p50" : 1.5466496E7,
      "p75" : 1.5761408E7,
      "p95" : 1.5859712E7,
      "p98" : 1.5859712E7,
      "p99" : 1.5859712E7,
      "p999" : 1.5859712E7,
      "values" : [ 15073280, 15204352, 15335424, 15335424, 15466496, 15466496, 15466496, 15728640, 15859712, 15859712 ],
      "stddev" : 265400.57206871273
    },
    "vm.memory.pools.Compressed-Class-Space.usage.x100.history" : {
      "count" : 10,
      "max" : 1,
      "mean" : 1.0,
      "min" : 1,
      "p50" : 1.0,
      "p75" : 1.0,
      "p95" : 1.0,
      "p98" : 1.0,
      "p99" : 1.0,
      "p999" : 1.0,
      "values" : [ 1, 1, 1, 1, 1, 1, 1, 1, 1, 1 ],
      "stddev" : 0.0
    },
    "vm.memory.pools.Compressed-Class-Space.usage.x100.window.15m" : {
      "count" : 10,
      "max" : 1,
      "mean" : 1.0,
      "min" : 1,
      "p50" : 1.0,
      "p75" : 1.0,
      "p95" : 1.0,
      "p98" : 1.0,
      "p99" : 1.0,
      "p999" : 1.0,
      "values" : [ 1, 1, 1, 1, 1, 1, 1, 1, 1, 1 ],
      "stddev" : 0.0
    },
    "vm.memory.pools.Compressed-Class-Space.usage.x100.window.1h" : {
      "count" : 10,
      "max" : 1,
      "mean" : 1.0,
      "min" : 1,
      "p50" : 1.0,
      "p75" : 1.0,
      "p95" : 1.0,
      "p98" : 1.0,
      "p99" : 1.0,
      "p999" : 1.0,
      "values" : [ 1, 1, 1, 1, 1, 1, 1, 1, 1, 1 ],
      "stddev" : 0.0
    },
    "vm.memory.pools.Compressed-Class-Space.usage.x100.window.5m" : {
      "count" : 10,
      "max" : 1,
      "mean" : 1.0,
      "min" : 1,
      "p50" : 1.0,
      "p75" : 1.0,
      "p95" : 1.0,
      "p98" : 1.0,
      "p99" : 1.0,
      "p999" : 1.0,
      "values" : [ 1, 1, 1, 1, 1, 1, 1, 1, 1, 1 ],
      "stddev" : 0.0
    },
    "vm.memory.pools.Compressed-Class-Space.used.history" : {
      "count" : 10,
      "max" : 12605440,
      "mean" : 1.2425770288074754E7,
      "min" : 12052848,
      "p50" : 1.2531576E7,
      "p75" : 1.260544E7,
      "p95" : 1.260544E7,
      "p98" : 1.260544E7,
      "p99" : 1.260544E7,
      "p999" : 1.260544E7,
      "values" : [ 12052848, 12126832, 12144496, 12153328, 12290912, 12291464, 12298648, 12531576, 12605440, 12605440 ],
      "stddev" : 187087.78811724193
    },
    "vm.memory.pools.Compressed-Class-Space.used.window.15m" : {
      "count" : 10,
      "max" : 12605440,
      "mean" : 1.23100984E7,
      "min" : 12052848,
      "p50" : 1.2291188E7,
      "p75" : 1.2550042E7,
      "p95" : 1.260544E7,
      "p98" : 1.260544E7,
      "p99" : 1.260544E7,
      "p999" : 1.260544E7,
      "values" : [ 12052848, 12126832, 12144496, 12153328, 12290912, 12291464, 12298648, 12531576, 12605440, 12605440 ],
      "stddev" : 204428.0840737017
    },
    "vm.memory.pools.Compressed-Class-Space.used.window.1h" : {
      "count" : 10,
      "max" : 12605440,
      "mean" : 1.23100984E7,
      "min" : 12052848,
      "p50" : 1.2291188E7,
      "p75" : 1.2550042E7,
      "p95" : 1.260544E7,
      "p98" : 1.260544E7,
      "p99" : 1.260544E7,
      "p999" : 1.260544E7,
      "values" : [ 12052848, 12126832, 12144496, 12153328, 12290912, 12291464, 12298648, 12531576, 12605440, 12605440 ],
      "stddev" : 204428.0840737017
    },
    "vm.memory.pools.Compressed-Class-Space.used.window.5m" : {
      "count" : 10,
      "max" : 12605440,
      "mean" : 1.23100984E7,
      "min" : 12052848,
      "p50" : 1.2291188E7,
      "p75" : 1.2550042E7,
      "p95" : 1.260544E7,
      "p98" : 1.260544E7,
      "p99" : 1.260544E7,
      "p999" : 1.260544E7,
      "values" : [ 12052848, 12126832, 12144496, 12153328, 12290912, 12291464, 12298648, 12531576, 12605440, 12605440 ],
      "stddev" : 204428.0840737017
    },
    "vm.memory.pools.Metaspace.committed.history" : {
      "count" : 10,
      "max" : 123547648,
      "mean" : 1.2140755479904883E8,
      "min" : 116994048,
      "p50" : 1.22368E8,
      "p75" : 1.23285504E8,
      "p95" : 1.23547648E8,
      "p98" : 1.23547648E8,
      "p99" : 1.23547648E8,
      "p999" : 1.23547648E8,
      "values" : [ 116994048, 117649408, 118304768, 118304768, 120008704, 120008704, 120270848, 122368000, 123285504, 123547648 ],
      "stddev" : 2093920.4390934454
    },
    "vm.memory.pools.Metaspace.committed.window.15m" : {
      "count" : 10,
      "max" : 123547648,
      "mean" : 1.2007424E8,
      "min" : 116994048,
      "p50" : 1.20008704E8,
      "p75" : 1.22597376E8,
      "p95" : 1.23547648E8,
      "p98" : 1.23547648E8,
      "p99" : 1.23547648E8,
      "p999" : 1.23547648E8,
      "values" : [ 116994048, 117649408, 118304768, 118304768, 120008704, 120008704, 120270848, 122368000, 123285504, 123547648 ],
      "stddev" : 2340816.915634179
    },
    "vm.memory.pools.Metaspace.committed.window.1h" : {
      "count" : 10,
      "max" : 123547648,
      "mean" : 1.2007424E8,
      "min" : 116994048,
      "p50" : 1.20008704E8,
      "p75" : 1.22597376E8,
      "p95" : 1.23547648E8,
      "p98" : 1.23547648E8,
      "p99" : 1.23547648E8,
      "p999" : 1.23547648E8,
      "values" : [ 116994048, 117649408, 118304768, 118304768, 120008704, 120008704, 120270848, 122368000, 123285504, 123547648 ],
      "stddev" : 2340816.915634179
    },
    "vm.memory.pools.Metaspace.committed.window.5m" : {
      "count" : 10,
      "max" : 123547648,
      "mean" : 1.2007424E8,
      "min" : 116994048,
      "p50" : 1.20008704E8,
      "p75" : 1.22597376E8,
      "p95" : 1.23547648E8,
      "p98" : 1.23547648E8,
      "p99" : 1.23547648E8,
      "p999" : 1.23547648E8,
      "values" : [ 116994048, 117649408, 118304768, 118304768, 120008704, 120008704, 120270848, 122368000, 123285504, 123547648 ],
      "stddev" : 2340816.915634179
    },
    "vm.memory.pools.Metaspace.usage.x100.history" : {
      "count" : 10,
      "max" : 89,
      "mean" : 89.00000000000001,
      "min" : 89,
      "p50" : 89.0,
      "p75" : 89.0,
      "p95" : 89.0,
      "p98" : 89.0,
      "p99" : 89.0,
      "p999" : 89.0,
      "values" : [ 89, 89, 89, 89, 89, 89, 89, 89, 89, 89 ],
      "stddev" : 1.4210854715202004E-14
    },
    "vm.memory.pools.Metaspace.usage.x100.window.15m" : {
      "count" : 10,
      "max" : 89,
      "mean" : 89.0,
      "min" : 89,
      "p50" : 89.0,
      "p75" : 89.0,
      "p95" : 89.0,
      "p98" : 89.0,
      "p99" : 89.0,
      "p999" : 89.0,
      "values" : [ 89, 89, 89, 89, 89, 89, 89, 89, 89, 89 ],
      "stddev" : 0.0
    },
    "vm.memory.pools.Metaspace.usage.x100.window.1h" : {
      "count" : 10,
      "max" : 89,
      "mean" : 89.0,
      "min" : 89,
      "p50" : 89.0,
      "p75" : 89.0,
      "p95" : 89.0,
      "p98" : 89.0,
      "p99" : 89.0,
      "p999" : 89.0,
      "values" : [ 89, 89, 89, 89, 89, 89, 89, 89, 89, 89 ],
      "stddev" : 0.0
    },
    "vm.memory.pools.Metaspace.usage.x100.window.5m" : {
      "count" : 10,
      "max" : 89,
      "mean" : 89.0,
      "min" : 89,
      "p50" : 89.0,
      "p75" : 89.0,
      "p95" : 89.0,
      "p98" : 89.0,
      "p99" : 89.0,
      "p999" : 89.0,
      "values" : [ 89, 89, 89, 89, 89, 89, 89, 89, 89, 89 ],
      "stddev" : 0.0
    },
    "vm.memory.pools.Metaspace.used.history" : {
      "count" : 10,
      "max" : 109847912,
      "mean" : 1.0825430905103527E8,
      "min" : 104518528,
      "p50" : 1.09230088E8,
      "p75" : 1.09785032E8,
      "p95" : 1.09847912E8,
      "p98" : 1.09847912E8,
      "p99" : 1.09847912E8,
      "p999" : 1.09847912E8,
      "values" : [ 104518528, 105265120, 105584416, 105700776, 107167016, 107236152, 107332640, 109230088, 109785032, 109847912 ],
      "stddev" : 1693948.440650061
    },
    "vm.memory.pools.Metaspace.used.window.15m" : {
      "count" : 10,
      "max" : 109847912,
      "mean" : 1.07166768E8,
      "min" : 104518528,
      "p50" : 1.07201584E8,
      "p75" : 1.09368824E8,
      "p95" : 1.09847912E8,
      "p98" : 1.09847912E8,
      "p99" : 1.09847912E8,
      "p999" : 1.09847912E8,
      "values" : [ 104518528, 105265120, 105584416, 105700776, 107167016, 107236152, 107332640, 109230088, 109785032, 109847912 ],
      "stddev" : 1932639.7398275987
    },
    "vm.memory.pools.Metaspace.used.window.1h" : {
      "count" : 10,
      "max" : 109847912,
      "mean" : 1.07166768E8,
      "min" : 104518528,
      "p50" : 1.07201584E8,
      "p75" : 1.09368824E8,
      "p95" : 1.09847912E8,
      "p98" : 1.09847912E8,
      "p99" : 1.09847912E8,
      "p999" : 1.09847912E8,
      "values" : [ 104518528, 105265120, 105584416, 105700776, 107167016, 107236152, 107332640, 109230088, 109785032, 109847912 ],
      "stddev" : 1932639.7398275987
    },
    "vm.memory.pools.Metaspace.used.window.5m" : {
      "count" : 10,
      "max" : 109847912,
      "mean" : 1.07166768E8,
      "min" : 104518528,
      "p50" : 1.07201584E8,
      "p75" : 1.09368824E8,
      "p95" : 1.09847912E8,
      "p98" : 1.09847912E8,
      "p99" : 1.09847912E8,
      "p999" : 1.09847912E8,
      "values" : [ 104518528, 105265120, 105584416, 105700776, 107167016, 107236152, 107332640, 109230088, 109785032, 109847912 ],
      "stddev" : 1932639.7398275987
    },
    "vm.memory.pools.PS-Eden-Space.committed.history" : {
      "count" : 10,
      "max" : 1638400000,
      "mean" : 1.6384000000000002E9,
      "min" : 1638400000,
      "p50" : 1.6384E9,
      "p75" : 1.6384E9,
      "p95" : 1.6384E9,
      "p98" : 1.6384E9,
      "p99" : 1.6384E9,
      "p999" : 1.6384E9,
      "values" : [ 1638400000, 1638400000, 1638400000, 1638400000, 1638400000, 1638400000, 1638400000, 1638400000, 1638400000, 1638400000 ],
      "stddev" : 2.384185791015625E-7
    },
    "vm.memory.pools.PS-Eden-Space.committed.window.15m" : {
      "count" : 10,
      "max" : 1638400000,
      "mean" : 1.6384E9,
      "min" : 1638400000,
      "p50" : 1.6384E9,
      "p75" : 1.6384E9,
      "p95" : 1.6384E9,
      "p98" : 1.6384E9,
      "p99" : 1.6384E9,
      "p999" : 1.6384E9,
      "values" : [ 1638400000, 1638400000, 1638400000, 1638400000, 1638400000, 1638400000, 1638400000, 1638400000, 1638400000, 1638400000 ],
      "stddev" : 0.0
    },
    "vm.memory.pools.PS-Eden-Space.committed.window.1h" : {
      "count" : 10,
      "max" : 1638400000,
      "mean" : 1.6384E9,
      "min" : 1638400000,
      "p50" : 1.6384E9,
      "p75" : 1.6384E9,
      "p95" : 1.6384E9,
      "p98" : 1.6384E9,
      "p99" : 1.6384E9,
      "p999" : 1.6384E9,
      "values" : [ 1638400000, 1638400000, 1638400000, 1638400000, 1638400000, 1638400000, 1638400000, 1638400000, 1638400000, 1638400000 ],
      "stddev" : 0.0
    },
    "vm.memory.pools.PS-Eden-Space.committed.window.5m" : {
      "count" : 10,
      "max" : 1638400000,
      "mean" : 1.6384E9,
      "min" : 1638400000,
      "p50" : 1.6384E9,
      "p75" : 1.6384E9,
      "p95" : 1.6384E9,
      "p98" : 1.6384E9,
      "p99" : 1.6384E9,
      "p999" : 1.6384E9,
      "values" : [ 1638400000, 1638400000, 1638400000, 1638400000, 1638400000, 1638400000, 1638400000, 1638400000, 1638400000, 1638400000 ],
      "stddev" : 0.0
    },
    "vm.memory.pools.PS-Eden-Space.usage.x100.history" : {
      "count" : 10,
      "max" : 89,
      "mean" : 25.009984598631856,
      "min" : 5,
      "p50" : 26.0,
      "p75" : 36.0,
      "p95" : 36.0,
      "p98" : 89.0,
      "p99" : 89.0,
      "p999" : 89.0,
      "values" : [ 5, 8, 8, 11, 14, 16, 26, 31, 36, 89 ],
      "stddev" : 15.348425226051921
    },
    "vm.memory.pools.PS-Eden-Space.usage.x100.window.15m" : {
      "count" : 10,
      "max" : 89,
      "mean" : 24.4,
      "min" : 5,
      "p50" : 15.0,
      "p75" : 32.25,
      "p95" : 89.0,
      "p98" : 89.0,
      "p99" : 89.0,
      "p999" : 89.0,
      "values" : [ 5, 8, 8, 11, 14, 16, 26, 31, 36, 89 ],
      "stddev" : 25.00311091755495
    },
    "vm.memory.pools.PS-Eden-Space.usage.x100.window.1h" : {
      "count" : 10,
      "max" : 89,
      "mean" : 24.4,
      "min" : 5,
      "p50" : 15.0,
      "p75" : 32.25,
      "p95" : 89.0,
      "p98" : 89.0,
      "p99" : 89.0,
      "p999" : 89.0,
      "values" : [ 5, 8, 8, 11, 14, 16, 26, 31, 36, 89 ],
      "stddev" : 25.00311091755495
    },
    "vm.memory.pools.PS-Eden-Space.usage.x100.window.5m" : {
      "count" : 10,
      "max" : 89,
      "mean" : 24.4,
      "min" : 5,
      "p50" : 15.0,
      "p75" : 32.25,
      "p95" : 89.0,
      "p98" : 89.0,
      "p99" : 89.0,
      "p999" : 89.0,
      "values" : [ 5, 8, 8, 11, 14, 16, 26, 31, 36, 89 ],
      "stddev" : 25.00311091755495
    },
    "vm.memory.pools.PS-Eden-Space.used.history" : {
      "count" : 10,
      "max" : 1454972520,
      "mean" : 4.113253557940904E8,
      "min" : 74379896,
      "p50" : 4.26469256E8,
      "p75" : 5.94171568E8,
      "p95" : 5.94171568E8,
      "p98" : 1.45497252E9,
      "p99" : 1.45497252E9,
      "p999" : 1.45497252E9,
      "values" : [ 74379896, 131524216, 138468032, 187402248, 224863560, 270847496, 426469256, 504157504, 594171568, 1454972520 ],
      "stddev" : 2.5065669966409984E8
    },
    "vm.memory.pools.PS-Eden-Space.used.window.15m" : {
      "count" : 10,
      "max" : 1454972520,
      "mean" : 4.007256296E8,
      "min" : 74379896,
      "p50" : 2.47855528E8,
      "p75" : 5.2666102E8,
      "p95" : 1.45497252E9,
      "p98" : 1.45497252E9,
      "p99" : 1.45497252E9,
      "p999" : 1.45497252E9,
      "values" : [ 74379896, 131524216, 138468032, 187402248, 224863560, 270847496, 426469256, 504157504, 594171568, 1454972520 ],
      "stddev" : 4.084212657177505E8
    },
    "vm.memory.pools.PS-Eden-Space.used.window.1h" : {
      "count" : 10,
      "max" : 1454972520,
      "mean" : 4.007256296E8,
      "min" : 74379896,
      "p50" : 2.47855528E8,
      "p75" : 5.2666102E8,
      "p95" : 1.45497252E9,
      "p98" : 1.45497252E9,
      "p99" : 1.45497252E9,
      "p999" : 1.45497252E9,
      "values" : [ 74379896, 131524216, 138468032, 187402248, 224863560, 270847496, 426469256, 504157504, 594171568, 1454972520 ],
      "stddev" : 4.084212657177505E8
    },
    "vm.memory.pools.PS-Eden-Space.used.window.5m" : {
      "count" : 10,
      "max" : 1454972520,
      "mean" : 4.007256296E8,
      "min" : 74379896,
      "p50" : 2.47855528E8,
      "p75" : 5.2666102E8,
      "p95" : 1.45497252E9,
      "p98" : 1.45497252E9,
      "p99" : 1.45497252E9,
      "p999" : 1.45497252E9,
      "values" : [ 74379896, 131524216, 138468032, 187402248, 224863560, 270847496, 426469256, 504157504, 594171568, 1454972520 ],
      "stddev" : 4.084212657177505E8
    },
    "vm.memory.pools.PS-Old-Gen.committed.history" : {
      "count" : 10,
      "max" : 375914496,
      "mean" : 3.75914496E8,
      "min" : 375914496,
      "p50" : 3.75914496E8,
      "p75" : 3.75914496E8,
      "p95" : 3.75914496E8,
      "p98" : 3.75914496E8,
      "p99" : 3.75914496E8,
      "p999" : 3.75914496E8,
      "values" : [ 375914496, 375914496, 375914496, 375914496, 375914496, 375914496, 375914496, 375914496, 375914496, 375914496 ],
      "stddev" : 0.0
    },
    "vm.memory.pools.PS-Old-Gen.committed.window.15m" : {
      "count" : 10,
      "max" : 375914496,
      "mean" : 3.75914496E8,
      "min" : 375914496,
      "p50" : 3.75914496E8,
      "p75" : 3.75914496E8,
      "p95" : 3.75914496E8,
      "p98" : 3.75914496E8,
      "p99" : 3.75914496E8,
      "p999" : 3.75914496E8,
      "values" : [ 375914496, 375914496, 375914496, 375914496, 375914496, 375914496, 375914496, 375914496, 375914496, 375914496 ],
      "stddev" : 0.0
    },
    "vm.memory.pools.PS-Old-Gen.committed.window.1h" : {
      "count" : 10,
      "max" : 375914496,
      "mean" : 3.75914496E8,
      "min" : 375914496,
      "p50" : 3.75914496E8,
      "p75" : 3.75914496E8,
      "p95" : 3.75914496E8,
      "p98" : 3.75914496E8,
      "p99" : 3.75914496E8,
      "p999" : 3.75914496E8,
      "values" : [ 375914496, 375914496, 375914496, 375914496, 375914496, 375914496, 375914496, 375914496, 375914496, 375914496 ],
      "stddev" : 0.0
    },
    "vm.memory.pools.PS-Old-Gen.committed.window.5m" : {
      "count" : 10,
      "max" : 375914496,
      "mean" : 3.75914496E8,
      "min" : 375914496,
      "p50" : 3.75914496E8,
      "p75" : 3.75914496E8,
      "p95" : 3.75914496E8,
      "p98" : 3.75914496E8,
      "p99" : 3.75914496E8,
      "p999" : 3.75914496E8,
      "values" : [ 375914496, 375914496, 375914496, 375914496, 375914496, 375914496, 375914496, 375914496, 375914496, 375914496 ],
      "stddev" : 0.0
    },
    "vm.memory.pools.PS-Old-Gen.usage.x100.history" : {
      "count" : 10,
      "max" : 4,
      "mean" : 3.9702720818535613,
      "min" : 3,
      "p50" : 4.0,
      "p75" : 4.0,
      "p95" : 4.0,
      "p98" : 4.0,
      "p99" : 4.0,
      "p999" : 4.0,
      "values" : [ 3, 4, 4, 4, 4, 4, 4, 4, 4, 4 ],
      "stddev" : 0.16983571187803156
    },
    "vm.memory.pools.PS-Old-Gen.usage.x100.window.15m" : {
      "count" : 10,
      "max" : 4,
      "mean" : 3.9,
      "min" : 3,
      "p50" : 4.0,
      "p75" : 4.0,
      "p95" : 4.0,
      "p98" : 4.0,
      "p99" : 4.0,
      "p999" : 4.0,
      "values" : [ 3, 4, 4, 4, 4, 4, 4, 4, 4, 4 ],
      "stddev" : 0.31622776601683794
    },
    "vm.memory.pools.PS-Old-Gen.usage.x100.window.1h" : {
      "count" : 10,
      "max" : 4,
      "mean" : 3.9,
      "min" : 3,
      "p50" : 4.0,
      "p75" : 4.0,
      "p95" : 4.0,
      "p98" : 4.0,
      "p99" : 4.0,
      "p999" : 4.0,
      "values" : [ 3, 4, 4, 4, 4, 4, 4, 4, 4, 4 ],
      "stddev" : 0.31622776601683794
    },
    "vm.memory.pools.PS-Old-Gen.usage.x100.window.5m" : {
      "count" : 10,
      "max" : 4,
      "mean" : 3.9,
      "min" : 3,
      "p50" : 4.0,
      "p75" : 4.0,
      "p95" : 4.0,
      "p98" : 4.0,
      "p99" : 4.0,
      "p999" : 4.0,
      "values" : [ 3, 4, 4, 4, 4, 4, 4, 4, 4, 4 ],
      "stddev" : 0.31622776601683794
    },
    "vm.memory.pools.PS-Old-Gen.used.history" : {
      "count" : 10,
      "max" : 123300176,
      "mean" : 1.2324465090795612E8,
      "min" : 121432400,
      "p50" : 1.23300176E8,
      "p75" : 1.23300176E8,
      "p95" : 1.23300176E8,
      "p98" : 1.23300176E8,
      "p99" : 1.23300176E8,
      "p999" : 1.23300176E8,
      "values" : [ 121432400, 123300176, 123300176, 123300176, 123300176, 123300176, 123300176, 123300176, 123300176, 123300176 ],
      "stddev" : 317215.0665887023
    },
    "vm.memory.pools.PS-Old-Gen.used.window.15m" : {
      "count" : 10,
      "max" : 123300176,
      "mean" : 1.231133984E8,
      "min" : 121432400,
      "p50" : 1.23300176E8,
      "p75" : 1.23300176E8,
      "p95" : 1.23300176E8,
      "p98" : 1.23300176E8,
      "p99" : 1.23300176E8,
      "p999" : 1.23300176E8,
      "values" : [ 121432400, 123300176, 123300176, 123300176, 123300176, 123300176, 123300176, 123300176, 123300176, 123300176 ],
      "stddev" : 590642.6318998655
    },
    "vm.memory.pools.PS-Old-Gen.used.window.1h" : {
      "count" : 10,
      "max" : 123300176,
      "mean" : 1.231133984E8,
      "min" : 121432400,
      "p50" : 1.23300176E8,
      "p75" : 1.23300176E8,
      "p95" : 1.23300176E8,
      "p98" : 1.23300176E8,
      "p99" : 1.23300176E8,
      "p999" : 1.23300176E8,
      "values" : [ 121432400, 123300176, 123300176, 123300176, 123300176, 123300176, 123300176, 123300176, 123300176, 123300176 ],
      "stddev" : 590642.6318998655
    },
    "vm.memory.pools.PS-Old-Gen.used.window.5m" : {
      "count" : 10,
      "max" : 123300176,
      "mean" : 1.231133984E8,
      "min" : 121432400,
      "p50" : 1.23300176E8,
      "p75" : 1.23300176E8,
      "p95" : 1.23300176E8,
      "p98" : 1.23300176E8,
      "p99" : 1.23300176E8,
      "p999" : 1.23300176E8,
      "values" : [ 121432400, 123300176, 123300176, 123300176, 123300176, 123300176, 123300176, 123300176, 123300176, 123300176 ],
      "stddev" : 590642.6318998655
    },
    "vm.memory.pools.PS-Survivor-Space.committed.history" : {
      "count" : 10,
      "max" : 49283072,
      "mean" : 4.8774369990749165E7,
      "min" : 48758784,
      "p50" : 4.8758784E7,
      "p75" : 4.8758784E7,
      "p95" : 4.8758784E7,
      "p98" : 4.9283072E7,
      "p99" : 4.9283072E7,
      "p999" : 4.9283072E7,
      "values" : [ 48758784, 48758784, 48758784, 48758784, 48758784, 48758784, 48758784, 48758784, 48758784, 49283072 ],
      "stddev" : 89042.82570910941
    },
    "vm.memory.pools.PS-Survivor-Space.committed.window.15m" : {
      "count" : 10,
      "max" : 49283072,
      "mean" : 4.88112128E7,
      "min" : 48758784,
      "p50" : 4.8758784E7,
      "p75" : 4.8758784E7,
      "p95" : 4.9283072E7,
      "p98" : 4.9283072E7,
      "p99" : 4.9283072E7,
      "p999" : 4.9283072E7,
      "values" : [ 48758784, 48758784, 48758784, 48758784, 48758784, 48758784, 48758784, 48758784, 48758784, 49283072 ],
      "stddev" : 165794.42298943593
    },
    "vm.memory.pools.PS-Survivor-Space.committed.window.1h" : {
      "count" : 10,
      "max" : 49283072,
      "mean" : 4.88112128E7,
      "min" : 48758784,
      "p50" : 4.8758784E7,
      "p75" : 4.8758784E7,
      "p95" : 4.9283072E7,
      "p98" : 4.9283072E7,
      "p99" : 4.9283072E7,
      "p999" : 4.9283072E7,
      "values" : [ 48758784, 48758784, 48758784, 48758784, 48758784, 48758784, 48758784, 48758784, 48758784, 49283072 ],
      "stddev" : 165794.42298943593
    },
    "vm.memory.pools.PS-Survivor-Space.committed.window.5m" : {
      "count" : 10,
      "max" : 49283072,
      "mean" : 4.88112128E7,
      "min" : 48758784,
      "p50" : 4.8758784E7,
      "p75" : 4.8758784E7,
      "p95" : 4.9283072E7,
      "p98" : 4.9283072E7,
      "p99" : 4.9283072E7,
      "p999" : 4.9283072E7,
      "values" : [ 48758784, 48758784, 48758784, 48758784, 48758784, 48758784, 48758784, 48758784, 48758784, 49283072 ],
      "stddev" : 165794.42298943593
    },
    "vm.memory.pools.PS-Survivor-Space.usage.x100.history" : {
      "count" : 10,
      "max" : 27,
      "mean" : 26.3162578826319,
      "min" : 4,
      "p50" : 27.0,
      "p75" : 27.0,
      "p95" : 27.0,
      "p98" : 27.0,
      "p99" : 27.0,
      "p999" : 27.0,
      "values" : [ 4, 27, 27, 27, 27, 27, 27, 27, 27, 27 ],
      "stddev" : 3.9062213731947253
    },
    "vm.memory.pools.PS-Survivor-Space.usage.x100.window.15m" : {
      "count" : 10,
      "max" : 27,
      "mean" : 24.7,
      "min" : 4,
      "p50" : 27.0,
      "p75" : 27.0,
      "p95" : 27.0,
      "p98" : 27.0,
      "p99" : 27.0,
      "p999" : 27.0,
      "values" : [ 4, 27, 27, 27, 27, 27, 27, 27, 27, 27 ],
      "stddev" : 7.273238618387273
    },
    "vm.memory.pools.PS-Survivor-Space.usage.x100.window.1h" : {
      "count" : 10,
      "max" : 27,
      "mean" : 24.7,
      "min" : 4,
      "p50" : 27.0,
      "p75" : 27.0,
      "p95" : 27.0,
      "p98" : 27.0,
      "p99" : 27.0,
      "p999" : 27.0,
      "values" : [ 4, 27, 27, 27, 27, 27, 27, 27, 27, 27 ],
      "stddev" : 7.273238618387273
    },
    "vm.memory.pools.PS-Survivor-Space.usage.x100.window.5m" : {
      "count" : 10,
      "max" : 27,
      "mean" : 24.7,
      "min" : 4,
      "p50" : 27.0,
      "p75" : 27.0,
      "p95" : 27.0,
      "p98" : 27.0,
      "p99" : 27.0,
      "p999" : 27.0,
      "values" : [ 4, 27, 27, 27, 27, 27, 27, 27, 27, 27 ],
      "stddev" : 7.273238618387273
    },
    "vm.memory.pools.PS-Survivor-Space.used.history" : {
      "count" : 10,
      "max" : 13205480,
      "mean" : 1.2869407787941268E7,
      "min" : 1900544,
      "p50" : 1.320548E7,
      "p75" : 1.320548E7,
      "p95" : 1.320548E7,
      "p98" : 1.320548E7,
      "p99" : 1.320548E7,
      "p999" : 1.320548E7,
      "values" : [ 1900544, 13205480, 13205480, 13205480, 13205480, 13205480, 13205480, 13205480, 13205480, 13205480 ],
      "stddev" : 1919981.8532955865
    },
    "vm.memory.pools.PS-Survivor-Space.used.window.15m" : {
      "count" : 10,
      "max" : 13205480,
      "mean" : 1.20749864E7,
      "min" : 1900544,
      "p50" : 1.320548E7,
      "p75" : 1.320548E7,
      "p95" : 1.320548E7,
      "p98" : 1.320548E7,
      "p99" : 1.320548E7,
      "p999" : 1.320548E7,
      "values" : [ 1900544, 13205480, 13205480, 13205480, 13205480, 13205480, 13205480, 13205480, 13205480, 13205480 ],
      "stddev" : 3574934.656243327
    },
    "vm.memory.pools.PS-Survivor-Space.used.window.1h" : {
      "count" : 10,
      "max" : 13205480,
      "mean" : 1.20749864E7,
      "min" : 1900544,
      "p50" : 1.320548E7,
      "p75" : 1.320548E7,
      "p95" : 1.320548E7,
      "p98" : 1.320548E7,
      "p99" : 1.320548E7,
      "p999" : 1.320548E7,
      "values" : [ 1900544, 13205480, 13205480, 13205480, 13205480, 13205480, 13205480, 13205480, 13205480, 13205480 ],
      "stddev" : 3574934.656243327
    },
    "vm.memory.pools.PS-Survivor-Space.used.window.5m" : {
      "count" : 10,
      "max" : 13205480,
      "mean" : 1.20749864E7,
      "min" : 1900544,
      "p50" : 1.320548E7,
      "p75" : 1.320548E7,
      "p95" : 1.320548E7,
      "p98" : 1.320548E7,
      "p99" : 1.320548E7,
      "p999" : 1.320548E7,
      "values" : [ 1900544, 13205480, 13205480, 13205480, 13205480, 13205480, 13205480, 13205480, 13205480, 13205480 ],
      "stddev" : 3574934.656243327
    },
    "vm.memory.total.committed.history" : {
      "count" : 10,
      "max" : 2248093696,
      "mean" : 2.2436048221471624E9,
      "min" : 2234003456,
      "p50" : 2.245144576E9,
      "p75" : 2.247438336E9,
      "p95" : 2.248093696E9,
      "p98" : 2.248093696E9,
      "p99" : 2.248093696E9,
      "p999" : 2.248093696E9,
      "values" : [ 2234003456, 2235838464, 2237673472, 2238263296, 2240491520, 2240884736, 2241146880, 2245144576, 2247438336, 2248093696 ],
      "stddev" : 4229986.008418369
    },
    "vm.memory.total.committed.window.15m" : {
      "count" : 10,
      "max" : 2248093696,
      "mean" : 2.2408978432E9,
      "min" : 2234003456,
      "p50" : 2.240688128E9,
      "p75" : 2.245718016E9,
      "p95" : 2.248093696E9,
      "p98" : 2.248093696E9,
      "p99" : 2.248093696E9,
      "p999" : 2.248093696E9,
      "values" : [ 2234003456, 2235838464, 2237673472, 2238263296, 2240491520, 2240884736, 2241146880, 2245144576, 2247438336, 2248093696 ],
      "stddev" : 4752632.885129785
    },
    "vm.memory.total.committed.window.1h" : {
      "count" : 10,
      "max" : 2248093696,
      "mean" : 2.2408978432E9,
      "min" : 2234003456,
      "p50" : 2.240688128E9,
      "p75" : 2.245718016E9,
      "p95" : 2.248093696E9,
      "p98" : 2.248093696E9,
      "p99" : 2.248093696E9,
      "p999" : 2.248093696E9,
      "values" : [ 2234003456, 2235838464, 2237673472, 2238263296, 2240491520, 2240884736, 2241146880, 2245144576, 2247438336, 2248093696 ],
      "stddev" : 4752632.885129785
    },
    "vm.memory.total.committed.window.5m" : {
      "count" : 10,
      "max" : 2248093696,
      "mean" : 2.2408978432E9,
      "min" : 2234003456,
      "p50" : 2.240688128E9,
      "p75" : 2.245718016E9,
      "p95" : 2.248093696E9,
      "p98" : 2.248093696E9,
      "p99" : 2.248093696E9,
      "p999" : 2.248093696E9,
      "values" : [ 2234003456, 2235838464, 2237673472, 2238263296, 2240491520, 2240884736, 2241146880, 2245144576, 2247438336, 2248093696 ],
      "stddev" : 4752632.885129785
    },
    "vm.memory.total.used.history" : {
      "count" : 10,
      "max" : 1732956584,
      "mean" : 7.111431593795186E8,
      "min" : 367527168,
      "p50" : 7.28411008E8,
      "p75" : 8.98453456E8,
      "p95" : 8.98453456E8,
      "p98" : 1.732956584E9,
      "p99" : 1.732956584E9,
      "p999" : 1.732956584E9,
      "values" : [ 367527168, 426481920, 434055944, 485037152, 522628912, 567968184, 728411008, 807964224, 898453456, 1732956584 ],
      "stddev" : 2.503377924547406E8
    },
    "vm.memory.total.used.window.15m" : {
      "count" : 10,
      "max" : 1732956584,
      "mean" : 6.971484552E8,
      "min" : 367527168,
      "p50" : 5.45298548E8,
      "p75" : 8.30586532E8,
      "p95" : 1.732956584E9,
      "p98" : 1.732956584E9,
      "p99" : 1.732956584E9,
      "p999" : 1.732956584E9,
      "values" : [ 367527168, 426481920, 434055944, 485037152, 522628912, 567968184, 728411008, 807964224, 898453456, 1732956584 ],
      "stddev" : 4.0413745171811116E8
    },
    "vm.memory.total.used.window.1h" : {
      "count" : 10,
      "max" : 1732956584,
      "mean" : 6.971484552E8,
      "min" : 367527168,
      "p50" : 5.45298548E8,
      "p75" : 8.30586532E8,
      "p95" : 1.732956584E9,
      "p98" : 1.732956584E9,
      "p99" : 1.732956584E9,
      "p999" : 1.732956584E9,
      "values" : [ 367527168, 426481920, 434055944, 485037152, 522628912, 567968184, 728411008, 807964224, 898453456, 1732956584 ],
      "stddev" : 4.0413745171811116E8
    },
    "vm.memory.total.used.window.5m" : {
      "count" : 10,
      "max" : 1732956584,
      "mean" : 6.971484552E8,
      "min" : 367527168,
      "p50" : 5.45298548E8,
      "p75" : 8.30586532E8,
      "p95" : 1.732956584E9,
      "p98" : 1.732956584E9,
      "p99" : 1.732956584E9,
      "p999" : 1.732956584E9,
      "values" : [ 367527168, 426481920, 434055944, 485037152, 522628912, 567968184, 728411008, 807964224, 898453456, 1732956584 ],
      "stddev" : 4.0413745171811116E8
    }
  },
  "meters" : {
    "http.responseCodes.badRequest" : {
      "count" : 0,
      "m15_rate" : 0.0,
      "m1_rate" : 0.0,
      "m5_rate" : 0.0,
      "mean_rate" : 0.0,
      "units" : "events/minute"
    },
    "http.responseCodes.created" : {
      "count" : 0,
      "m15_rate" : 0.0,
      "m1_rate" : 0.0,
      "m5_rate" : 0.0,
      "mean_rate" : 0.0,
      "units" : "events/minute"
    },
    "http.responseCodes.forbidden" : {
      "count" : 0,
      "m15_rate" : 0.0,
      "m1_rate" : 0.0,
      "m5_rate" : 0.0,
      "mean_rate" : 0.0,
      "units" : "events/minute"
    },
    "http.responseCodes.noContent" : {
      "count" : 0,
      "m15_rate" : 0.0,
      "m1_rate" : 0.0,
      "m5_rate" : 0.0,
      "mean_rate" : 0.0,
      "units" : "events/minute"
    },
    "http.responseCodes.notFound" : {
      "count" : 1,
      "m15_rate" : 0.05627564900365426,
      "m1_rate" : 0.07875784938150035,
      "m5_rate" : 0.12030084021198079,
      "mean_rate" : 0.3723515740215961,
      "units" : "events/minute"
    },
    "http.responseCodes.notModified" : {
      "count" : 17,
      "m15_rate" : 1.0387922127996954,
      "m1_rate" : 5.942622921201198,
      "m5_rate" : 2.6384974522326647,
      "mean_rate" : 6.329973796237914,
      "units" : "events/minute"
    },
    "http.responseCodes.ok" : {
      "count" : 405,
      "m15_rate" : 23.91835001352356,
      "m1_rate" : 94.95551113866361,
      "m5_rate" : 57.078042214875296,
      "mean_rate" : 150.80237654324134,
      "units" : "events/minute"
    },
    "http.responseCodes.other" : {
      "count" : 0,
      "m15_rate" : 0.0,
      "m1_rate" : 0.0,
      "m5_rate" : 0.0,
      "mean_rate" : 0.0,
      "units" : "events/minute"
    },
    "http.responseCodes.serverError" : {
      "count" : 0,
      "m15_rate" : 0.0,
      "m1_rate" : 0.0,
      "m5_rate" : 0.0,
      "mean_rate" : 0.0,
      "units" : "events/minute"
    },
    "http.responseCodes.serviceUnavailable" : {
      "count" : 5,
      "m15_rate" : 20.37183704637838,
      "m1_rate" : 2.0487978163550737,
      "m5_rate" : 14.677036673315186,
      "mean_rate" : 1.8617571026928228,
      "units" : "events/minute"
    },
    "jenkins.job.scheduled" : {
      "count" : 0,
      "m15_rate" : 0.0,
      "m1_rate" : 0.0,
      "m5_rate" : 0.0,
      "mean_rate" : 0.0,
      "units" : "events/minute"
    },
    "jenkins.runs.aborted" : {
      "count" : 0,
      "m15_rate" : 0.0,
      "m1_rate" : 0.0,
      "m5_rate" : 0.0,
      "mean_rate" : 0.0,
      "units" : "events/minute"
    },
    "jenkins.runs.failure" : {
      "count" : 0,
      "m15_rate" : 0.0,
      "m1_rate" : 0.0,
      "m5_rate" : 0.0,
      "mean_rate" : 0.0,
      "units" : "events/minute"
    },
    "jenkins.runs.not_built" : {
      "count" : 0,
      "m15_rate" : 0.0,
      "m1_rate" : 0.0,
      "m5_rate" : 0.0,
      "mean_rate" : 0.0,
      "units" : "events/minute"
    },
    "jenkins.runs.success" : {
      "count" : 0,
      "m15_rate" : 0.0,
      "m1_rate" : 0.0,
      "m5_rate" : 0.0,
      "mean_rate" : 0.0,
      "units" : "events/minute"
    },
    "jenkins.runs.total" : {
      "count" : 0,
      "m15_rate" : 0.0,
      "m1_rate" : 0.0,
      "m5_rate" : 0.0,
      "mean_rate" : 0.0,
      "units" : "events/minute"
    },
    "jenkins.runs.unstable" : {
      "count" : 0,
      "m15_rate" : 0.0,
      "m1_rate" : 0.0,
      "m5_rate" : 0.0,
      "mean_rate" : 0.0,
      "units" : "events/minute"
    },
    "jenkins.task.scheduled" : {
      "count" : 0,
      "m15_rate" : 0.0,
      "m1_rate" : 0.0,
      "m5_rate" : 0.0,
      "mean_rate" : 0.0,
      "units" : "events/minute"
    }
  },
  "timers" : {
    "http.requests" : {
      "count" : 428,
      "max" : 4.268085225,
      "mean" : 0.04336565441157201,
      "min" : 4.3054300000000003E-4,
      "p50" : 0.010455505,
      "p75" : 0.012426329000000002,
      "p95" : 0.046068488000000005,
      "p98" : 0.06430656700000001,
      "p99" : 0.3872667,
      "p999" : 4.267587865,
      "values" : [ 4.3054300000000003E-4, 5.066350000000001E-4, 5.35539E-4, 5.959320000000001E-4, 6.31523E-4, 6.42172E-4, 6.472600000000001E-4, 6.48246E-4, 6.63229E-4, 6.85809E-4, 6.88392E-4, 7.10827E-4, 7.111130000000001E-4, 7.11221E-4, 7.271010000000001E-4, 7.281970000000001E-4, 7.74563E-4, 8.354650000000001E-4, 0.001254619, 0.001814756, 0.0030383270000000004, 0.0031472, 0.0032280110000000002, 0.003336503, 0.003409201, 0.0034184510000000003, 0.003475562, 0.0035352850000000004, 0.003551022, 0.003594105, 0.0035981750000000003, 0.003687112, 0.0037307670000000003, 0.003756779, 0.003785824, 0.0038044570000000002, 0.0038599000000000003, 0.004033667, 0.004073468, 0.004196885, 0.004231172, 0.004246450000000001, 0.0042914400000000005, 0.004323376, 0.004353952, 0.00440781, 0.004467237000000001, 0.004489743, 0.004496023, 0.0045220830000000005, 0.004524295, 0.004533026, 0.004642916, 0.004788392000000001, 0.004794777, 0.004823259, 0.004840802, 0.004842764, 0.0048554800000000006, 0.004859092000000001, 0.004981861000000001, 0.005114174, 0.0051632250000000005, 0.0052156120000000005, 0.005295370000000001, 0.005384353000000001, 0.005399961, 0.0054491520000000005, 0.005456297000000001, 0.005499362000000001, 0.0055016380000000005, 0.005529682, 0.00557428, 0.0055908830000000005, 0.005610495, 0.005628391, 0.005644182, 0.005770722000000001, 0.0057739340000000005, 0.0058586160000000005, 0.00590984, 0.005939622, 0.005946529000000001, 0.005949816, 0.005987910000000001, 0.006041772000000001, 0.006052881, 0.0061289510000000005, 0.006129229000000001, 0.00614765, 0.006211278000000001, 0.006234588, 0.006260952, 0.006274036, 0.0062806630000000006, 0.006300255, 0.006301766, 0.0063657670000000005, 0.006476714000000001, 0.006479629000000001, 0.006528276, 0.006627417, 0.00663881, 0.006665786000000001, 0.006782097000000001, 0.006832457, 0.006843812, 0.00686081, 0.006894285, 0.0070074690000000005, 0.007095223, 0.007096786000000001, 0.007143837, 0.0071491440000000005, 0.007167590000000001, 0.007218349000000001, 0.0072660070000000005, 0.0072854370000000005, 0.007335747, 0.0073741760000000005, 0.007377165000000001, 0.007396513, 0.0074031950000000004, 0.0074354270000000005, 0.007461105000000001, 0.007531698000000001, 0.007569248000000001, 0.007629277, 0.007677834000000001, 0.007738920000000001, 0.00782413, 0.007825498, 0.008037116, 0.008088911, 0.008156688, 0.008188304, 0.008200583000000001, 0.008298401, 0.008309572000000001, 0.008325454000000001, 0.008328720000000001, 0.008332017, 0.008354515, 0.008372771000000001, 0.008411966, 0.008441697, 0.008468380000000001, 0.008553282, 0.008646677, 0.008657271000000001, 0.008688425000000001, 0.00869637, 0.008698214000000001, 0.008711416000000001, 0.008721127, 0.008740735000000001, 0.008758351000000001, 0.008863059000000001, 0.008873383, 0.008960156, 0.008994022, 0.009032964000000001, 0.009040379000000001, 0.009070282, 0.009114632000000001, 0.009155665, 0.009214812000000001, 0.009218525, 0.009222153, 0.009304516, 0.009329011, 0.009350064, 0.009365959, 0.009368947, 0.009409315000000001, 0.009435750000000001, 0.009449408000000001, 0.009479310000000001, 0.009501926, 0.009508624, 0.009518645000000001, 0.009527103, 0.009539796000000001, 0.009545370000000001, 0.009566265000000001, 0.009607830000000001, 0.009611846, 0.009612209, 0.00961331, 0.00964241, 0.00966526, 0.009690065000000001, 0.00969059, 0.009709944, 0.009710578000000001, 0.0097287, 0.009768077, 0.009774015, 0.009794315000000001, 0.009800013, 0.009805133, 0.009832197, 0.009842055, 0.009844611000000001, 0.009848454000000001, 0.009854884000000001, 0.009856090000000001, 0.009868710000000001, 0.009919038, 0.00993747, 0.009938508, 0.009945226000000001, 0.009955837, 0.009956543, 0.009957233000000001, 0.009963743, 0.009978975000000001, 0.009993307, 0.009996073000000001, 0.009997266000000001, 0.010022437, 0.010024128, 0.010025726, 0.010027009, 0.010039333000000001, 0.010041319, 0.010100898, 0.010117143, 0.010121423000000001, 0.010157857000000001, 0.010171819, 0.010206588, 0.010220032, 0.01022193, 0.01023632, 0.010237781000000001, 0.010248094000000001, 0.010255781, 0.010292504000000001, 0.010340471, 0.010351268, 0.010372385000000001, 0.010379276, 0.010384998000000001, 0.010399227, 0.010443209, 0.010453179, 0.010453475, 0.010455505, 0.010464962000000001, 0.010470351000000001, 0.010526844, 0.010534346, 0.01055787, 0.010623826000000001, 0.010651760000000001, 0.010669558, 0.010672272, 0.010687428, 0.010701036, 0.010744309, 0.010760743000000001, 0.010763396000000001, 0.010788527000000001, 0.010788921, 0.010815899, 0.010827501000000002, 0.010832268, 0.010846817, 0.01085605, 0.010892061000000001, 0.010902109, 0.010914970000000001, 0.010932726, 0.010988486, 0.010997204, 0.011016199, 0.011034441, 0.011080744, 0.011089127, 0.011107146, 0.011158008, 0.011161443, 0.011165864000000001, 0.011207047000000001, 0.011207532000000001, 0.011226792000000001, 0.011231832, 0.011234155000000001, 0.011265484000000001, 0.011295974, 0.011325253, 0.011344681, 0.011411328, 0.011414723, 0.011429269, 0.011452436, 0.011456234000000001, 0.011456388000000001, 0.011499574, 0.011501956, 0.011509360000000001, 0.011529172, 0.011570188, 0.01158343, 0.011591519000000002, 0.011625585, 0.011633229, 0.011688714000000001, 0.011786256, 0.011855682000000001, 0.011860193000000002, 0.011880514, 0.011908817, 0.011910493000000001, 0.012065552, 0.012081671, 0.012123293, 0.012152622, 0.012267607000000002, 0.012294588, 0.01231278, 0.012381552, 0.01239512, 0.012396481, 0.012426329000000002, 0.012475037000000001, 0.012523051, 0.012554968000000001, 0.012555218, 0.012699886, 0.012840823000000001, 0.012889144, 0.012939304, 0.012939534, 0.013070748, 0.013116301, 0.01322131, 0.013229424, 0.013291588, 0.013327113000000002, 0.013331391000000001, 0.013375694, 0.013467298, 0.013477197000000002, 0.013486821000000001, 0.013566123000000001, 0.013579817000000001, 0.013595023000000001, 0.013655764, 0.01369353, 0.013911992000000001, 0.013947715000000001, 0.013966264, 0.014008558, 0.014062915, 0.014129818, 0.014161941, 0.014178649000000002, 0.014211115000000002, 0.014371046, 0.014585837, 0.014813219, 0.015023168000000002, 0.015106365000000002, 0.016347362, 0.016420358, 0.016430682000000002, 0.016565633, 0.016914549, 0.017182643, 0.017194738, 0.018068038, 0.018179571000000002, 0.019125374, 0.019775133, 0.020939365, 0.021040236, 0.021340649, 0.021517825, 0.022023279, 0.022518651, 0.023761325, 0.024541661000000003, 0.025293760000000002, 0.026534282000000003, 0.026604484, 0.027375364000000003, 0.027631993, 0.028713372, 0.029877942, 0.03123702, 0.032224174, 0.035037286, 0.038503307, 0.03945577, 0.040633403000000005, 0.042617252, 0.043374992, 0.043375825, 0.044317202, 0.046068488000000005, 0.047663407000000005, 0.048456008, 0.049366185, 0.049480813000000005, 0.050153944000000006, 0.052083994, 0.055518492, 0.058921329, 0.06430656700000001, 0.06552084700000001, 0.069048287, 0.103040211, 0.110422185, 0.229736244, 0.260755958, 0.29437160100000004, 0.3872667, 1.017092142, 1.2721851830000002, 3.443051135, 3.930290035, 4.213184340000001, 4.215814475, 4.221015684, 4.267587865, 4.268085225 ],
      "stddev" : 0.3280563972320681,
      "m15_rate" : 45.3852549217053,
      "m1_rate" : 103.02568972560141,
      "m5_rate" : 74.51387718063515,
      "mean_rate" : 159.36464766981112,
      "duration_units" : "seconds",
      "rate_units" : "calls/minute"
    },
    "jenkins.health-check.duration" : {
      "count" : 3,
      "max" : 0.023685854000000003,
      "mean" : 0.0047642123283545175,
      "min" : 0.0024324520000000003,
      "p50" : 0.002584509,
      "p75" : 0.002584509,
      "p95" : 0.023685854000000003,
      "p98" : 0.023685854000000003,
      "p99" : 0.023685854000000003,
      "p999" : 0.023685854000000003,
      "values" : [ 0.0024324520000000003, 0.002584509, 0.023685854000000003 ],
      "stddev" : 0.006486868579382595,
      "m15_rate" : 0.18582392502057418,
      "m1_rate" : 1.326966220587467,
      "m5_rate" : 0.48552480263801384,
      "mean_rate" : 1.1854208005942972,
      "duration_units" : "seconds",
      "rate_units" : "calls/minute"
    },
    "jenkins.job.blocked.duration" : {
      "count" : 0,
      "max" : 0.0,
      "mean" : 0.0,
      "min" : 0.0,
      "p50" : 0.0,
      "p75" : 0.0,
      "p95" : 0.0,
      "p98" : 0.0,
      "p99" : 0.0,
      "p999" : 0.0,
      "values" : [ ],
      "stddev" : 0.0,
      "m15_rate" : 0.0,
      "m1_rate" : 0.0,
      "m5_rate" : 0.0,
      "mean_rate" : 0.0,
      "duration_units" : "seconds",
      "rate_units" : "calls/minute"
    },
    "jenkins.job.buildable.duration" : {
      "count" : 0,
      "max" : 0.0,
      "mean" : 0.0,
      "min" : 0.0,
      "p50" : 0.0,
      "p75" : 0.0,
      "p95" : 0.0,
      "p98" : 0.0,
      "p99" : 0.0,
      "p999" : 0.0,
      "values" : [ ],
      "stddev" : 0.0,
      "m15_rate" : 0.0,
      "m1_rate" : 0.0,
      "m5_rate" : 0.0,
      "mean_rate" : 0.0,
      "duration_units" : "seconds",
      "rate_units" : "calls/minute"
    },
    "jenkins.job.building.duration" : {
      "count" : 0,
      "max" : 0.0,
      "mean" : 0.0,
      "min" : 0.0,
      "p50" : 0.0,
      "p75" : 0.0,
      "p95" : 0.0,
      "p98" : 0.0,
      "p99" : 0.0,
      "p999" : 0.0,
      "values" : [ ],
      "stddev" : 0.0,
      "m15_rate" : 0.0,
      "m1_rate" : 0.0,
      "m5_rate" : 0.0,
      "mean_rate" : 0.0,
      "duration_units" : "seconds",
      "rate_units" : "calls/minute"
    },
    "jenkins.job.execution.time" : {
      "count" : 0,
      "max" : 0.0,
      "mean" : 0.0,
      "min" : 0.0,
      "p50" : 0.0,
      "p75" : 0.0,
      "p95" : 0.0,
      "p98" : 0.0,
      "p99" : 0.0,
      "p999" : 0.0,
      "values" : [ ],
      "stddev" : 0.0,
      "m15_rate" : 0.0,
      "m1_rate" : 0.0,
      "m5_rate" : 0.0,
      "mean_rate" : 0.0,
      "duration_units" : "seconds",
      "rate_units" : "calls/minute"
    },
    "jenkins.job.queuing.duration" : {
      "count" : 0,
      "max" : 0.0,
      "mean" : 0.0,
      "min" : 0.0,
      "p50" : 0.0,
      "p75" : 0.0,
      "p95" : 0.0,
      "p98" : 0.0,
      "p99" : 0.0,
      "p999" : 0.0,
      "values" : [ ],
      "stddev" : 0.0,
      "m15_rate" : 0.0,
      "m1_rate" : 0.0,
      "m5_rate" : 0.0,
      "mean_rate" : 0.0,
      "duration_units" : "seconds",
      "rate_units" : "calls/minute"
    },
    "jenkins.job.total.duration" : {
      "count" : 0,
      "max" : 0.0,
      "mean" : 0.0,
      "min" : 0.0,
      "p50" : 0.0,
      "p75" : 0.0,
      "p95" : 0.0,
      "p98" : 0.0,
      "p99" : 0.0,
      "p999" : 0.0,
      "values" : [ ],
      "stddev" : 0.0,
      "m15_rate" : 0.0,
      "m1_rate" : 0.0,
      "m5_rate" : 0.0,
      "mean_rate" : 0.0,
      "duration_units" : "seconds",
      "rate_units" : "calls/minute"
    },
    "jenkins.job.waiting.duration" : {
      "count" : 0,
      "max" : 0.0,
      "mean" : 0.0,
      "min" : 0.0,
      "p50" : 0.0,
      "p75" : 0.0,
      "p95" : 0.0,
      "p98" : 0.0,
      "p99" : 0.0,
      "p999" : 0.0,
      "values" : [ ],
      "stddev" : 0.0,
      "m15_rate" : 0.0,
      "m1_rate" : 0.0,
      "m5_rate" : 0.0,
      "mean_rate" : 0.0,
      "duration_units" : "seconds",
      "rate_units" : "calls/minute"
    },
    "jenkins.node.worker-1.builds" : {
      "count" : 0,
      "max" : 0.0,
      "mean" : 0.0,
      "min" : 0.0,
      "p50" : 0.0,
      "p75" : 0.0,
      "p95" : 0.0,
      "p98" : 0.0,
      "p99" : 0.0,
      "p999" : 0.0,
      "values" : [ ],
      "stddev" : 0.0,
      "m15_rate" : 0.0,
      "m1_rate" : 0.0,
      "m5_rate" : 0.0,
      "mean_rate" : 0.0,
      "duration_units" : "seconds",
      "rate_units" : "calls/minute"
    },
    "jenkins.task.blocked.duration" : {
      "count" : 0,
      "max" : 0.0,
      "mean" : 0.0,
      "min" : 0.0,
      "p50" : 0.0,
      "p75" : 0.0,
      "p95" : 0.0,
      "p98" : 0.0,
      "p99" : 0.0,
      "p999" : 0.0,
      "values" : [ ],
      "stddev" : 0.0,
      "m15_rate" : 0.0,
      "m1_rate" : 0.0,
      "m5_rate" : 0.0,
      "mean_rate" : 0.0,
      "duration_units" : "seconds",
      "rate_units" : "calls/minute"
    },
    "jenkins.task.buildable.duration" : {
      "count" : 0,
      "max" : 0.0,
      "mean" : 0.0,
      "min" : 0.0,
      "p50" : 0.0,
      "p75" : 0.0,
      "p95" : 0.0,
      "p98" : 0.0,
      "p99" : 0.0,
      "p999" : 0.0,
      "values" : [ ],
      "stddev" : 0.0,
      "m15_rate" : 0.0,
      "m1_rate" : 0.0,
      "m5_rate" : 0.0,
      "mean_rate" : 0.0,
      "duration_units" : "seconds",
      "rate_units" : "calls/minute"
    },
    "jenkins.task.execution.duration" : {
      "count" : 0,
      "max" : 0.0,
      "mean" : 0.0,
      "min" : 0.0,
      "p50" : 0.0,
      "p75" : 0.0,
      "p95" : 0.0,
      "p98" : 0.0,
      "p99" : 0.0,
      "p999" : 0.0,
      "values" : [ ],
      "stddev" : 0.0,
      "m15_rate" : 0.0,
      "m1_rate" : 0.0,
      "m5_rate" : 0.0,
      "mean_rate" : 0.0,
      "duration_units" : "seconds",
      "rate_units" : "calls/minute"
    },
    "jenkins.task.queuing.duration" : {
      "count" : 0,
      "max" : 0.0,
      "mean" : 0.0,
      "min" : 0.0,
      "p50" : 0.0,
      "p75" : 0.0,
      "p95" : 0.0,
      "p98" : 0.0,
      "p99" : 0.0,
      "p999" : 0.0,
      "values" : [ ],
      "stddev" : 0.0,
      "m15_rate" : 0.0,
      "m1_rate" : 0.0,
      "m5_rate" : 0.0,
      "mean_rate" : 0.0,
      "duration_units" : "seconds",
      "rate_units" : "calls/minute"
    },
    "jenkins.task.waiting.duration" : {
      "count" : 0,
      "max" : 0.0,
      "mean" : 0.0,
      "min" : 0.0,
      "p50" : 0.0,
      "p75" : 0.0,
      "p95" : 0.0,
      "p98" : 0.0,
      "p99" : 0.0,
      "p999" : 0.0,
      "values" : [ ],
      "stddev" : 0.0,
      "m15_rate" : 0.0,
      "m1_rate" : 0.0,
      "m5_rate" : 0.0,
      "mean_rate" : 0.0,
      "duration_units" : "seconds",
      "rate_units" : "calls/minute"
    }
  }
}