<?xml version='1.0' encoding='UTF-8'?>
<fingerprint>
  <timestamp>2015-08-24 15:28:18.194 UTC</timestamp>
  <original>
    <name>producer</name>
    <number>1</number>
  </original>
  <md5sum>20639fd47607f1b0480361328d3bc18e</md5sum>
  <fileName>some.war</fileName>
  <usages>
    <entry>
      <string>producer</string>
      <ranges>1-2</ranges>
    </entry>
    <entry>
      <string>consumer</string>
      <ranges>1-6</ranges>
    </entry>
  </usages>
  <facets/>
</fingerprint>