{
  "version" : "3.0.0",
  "gauges" : {
    "jenkins.executor.count.value" : {
      "value" : 20
    },
    "jenkins.executor.free.value" : {
      "value" : 20
    },
    "jenkins.executor.in-use.value" : {
      "value" : 0
    },
    "jenkins.health-check.count" : {
      "value" : 4
    },
    "jenkins.health-check.inverse-score" : {
      "value" : 0.0
    },
    "jenkins.health-check.score" : {
      "value" : 1.0
    },
    "jenkins.job.count.value" : {
      "value" : 80
    },
    "jenkins.node.count.value" : {
      "value" : 4
    },
    "jenkins.node.offline.value" : {
      "value" : 0
    },
    "jenkins.node.online.value" : {
      "value" : 4
    },
    "jenkins.plugins.active" : {
      "value" : 27
    },
    "jenkins.plugins.failed" : {
      "value" : 1
    },
    "jenkins.plugins.inactive" : {
      "value" : 82
    },
    "jenkins.plugins.withUpdate" : {
      "value" : 0
    },
    "jenkins.project.count.value" : {
      "value" : 80
    },
    "jenkins.project.disabled.count.value" : {
      "value" : 1
    },
    "jenkins.project.enabled.count.value" : {
      "value" : 79
    },
    "jenkins.queue.blocked.value" : {
      "value" : 0
    },
    "jenkins.queue.buildable.value" : {
      "value" : 0
    },
    "jenkins.queue.pending.value" : {
      "value" : 0
    },
    "jenkins.queue.size.value" : {
      "value" : 0
    },
    "jenkins.queue.stuck.value" : {
      "value" : 0
    },
    "system.cpu.load" : {
      "value" : 1.05
    },
    "vm.blocked.count" : {
      "value" : 2
    },
    "vm.count" : {
      "value" : 157
    },
    "vm.cpu.load" : {
      "value" : 0.930714261055684
    },
    "vm.daemon.count" : {
      "value" : 48
    },
    "vm.deadlocks" : {
      "value" : [ ]
    },
    "vm.file.descriptor.ratio" : {
      "value" : 0.02485
    },
    "vm.gc.G1-Old-Generation.count" : {
      "value" : 3
    },
    "vm.gc.G1-Old-Generation.time" : {
      "value" : 1414
    },
    "vm.gc.G1-Young-Generation.count" : {
      "value" : 3
    },
    "vm.gc.G1-Young-Generation.time" : {
      "value" : 89
    },
    "vm.memory.heap.committed" : {
      "value" : 5368709120
    },
    "vm.memory.heap.init" : {
      "value" : 5368709120
    },
    "vm.memory.heap.max" : {
      "value" : 5368709120
    },
    "vm.memory.heap.usage" : {
      "value" : 0.10566304624080658
    },
    "vm.memory.heap.used" : {
      "value" : 567274160
    },
    "vm.memory.non-heap.committed" : {
      "value" : 108806144
    },
    "vm.memory.non-heap.init" : {
      "value" : 2555904
    },
    "vm.memory.non-heap.max" : {
      "value" : -1
    },
    "vm.memory.non-heap.usage" : {
      "value" : -1.05310968E8
    },
    "vm.memory.non-heap.used" : {
      "value" : 105310968
    },
    "vm.memory.pools.Code-Cache.usage" : {
      "value" : 0.1383514404296875
    },
    "vm.memory.pools.Compressed-Class-Space.usage" : {
      "value" : 0.007312461733818054
    },
    "vm.memory.pools.G1-Eden-Space.usage" : {
      "value" : 0.13949163050216987
    },
    "vm.memory.pools.G1-Old-Gen.usage" : {
      "value" : 0.018163046240806578
    },
    "vm.memory.pools.G1-Survivor-Space.usage" : {
      "value" : "NaN"
    },
    "vm.memory.pools.Metaspace.usage" : {
      "value" : 0.9610063515222446
    },
    "vm.memory.total.committed" : {
      "value" : 5477515264
    },
    "vm.memory.total.init" : {
      "value" : 5371265024
    },
    "vm.memory.total.max" : {
      "value" : 5368709119
    },
    "vm.memory.total.used" : {
      "value" : 674702112
    },
    "vm.new.count" : {
      "value" : 0
    },
    "vm.runnable.count" : {
      "value" : 19
    },
    "vm.terminated.count" : {
      "value" : 0
    },
    "vm.timed_waiting.count" : {
      "value" : 119
    },
    "vm.uptime.milliseconds" : {
      "value" : 44582
    },
    "vm.waiting.count" : {
      "value" : 17
    }
  },
  "counters" : {
    "http.activeRequests" : {
      "count" : 1
    }
  },
  "histograms" : {
    "jenkins.executor.count.history" : {
      "count" : 2,
      "max" : 20,
      "mean" : 11.0,
      "min" : 2,
      "p50" : 11.0,
      "p75" : 20.0,
      "p95" : 20.0,
      "p98" : 20.0,
      "p99" : 20.0,
      "p999" : 20.0,
      "values" : [ 2, 20 ],
      "stddev" : 12.727922061357855
    },
    "jenkins.executor.free.history" : {
      "count" : 2,
      "max" : 20,
      "mean" : 11.0,
      "min" : 2,
      "p50" : 11.0,
      "p75" : 20.0,
      "p95" : 20.0,
      "p98" : 20.0,
      "p99" : 20.0,
      "p999" : 20.0,
      "values" : [ 2, 20 ],
      "stddev" : 12.727922061357855
    },
    "jenkins.executor.in-use.history" : {
      "count" : 2,
      "max" : 0,
      "mean" : 0.0,
      "min" : 0,
      "p50" : 0.0,
      "p75" : 0.0,
      "p95" : 0.0,
      "p98" : 0.0,
      "p99" : 0.0,
      "p999" : 0.0,
      "values" : [ 0, 0 ],
      "stddev" : 0.0
    },
    "jenkins.job.count.history" : {
      "count" : 2,
      "max" : 80,
      "mean" : 80.0,
      "min" : 80,
      "p50" : 80.0,
      "p75" : 80.0,
      "p95" : 80.0,
      "p98" : 80.0,
      "p99" : 80.0,
      "p999" : 80.0,
      "values" : [ 80, 80 ],
      "stddev" : 0.0
    },
    "jenkins.node.count.history" : {
      "count" : 2,
      "max" : 4,
      "mean" : 4.0,
      "min" : 4,
      "p50" : 4.0,
      "p75" : 4.0,
      "p95" : 4.0,
      "p98" : 4.0,
      "p99" : 4.0,
      "p999" : 4.0,
      "values" : [ 4, 4 ],
      "stddev" : 0.0
    },
    "jenkins.node.offline.history" : {
      "count" : 2,
      "max" : 3,
      "mean" : 1.5,
      "min" : 0,
      "p50" : 1.5,
      "p75" : 3.0,
      "p95" : 3.0,
      "p98" : 3.0,
      "p99" : 3.0,
      "p999" : 3.0,
      "values" : [ 0, 3 ],
      "stddev" : 2.1213203435596424
    },
    "jenkins.node.online.history" : {
      "count" : 2,
      "max" : 4,
      "mean" : 2.5,
      "min" : 1,
      "p50" : 2.5,
      "p75" : 4.0,
      "p95" : 4.0,
      "p98" : 4.0,
      "p99" : 4.0,
      "p999" : 4.0,
      "values" : [ 1, 4 ],
      "stddev" : 2.1213203435596424
    },
    "jenkins.project.count.history" : {
      "count" : 2,
      "max" : 80,
      "mean" : 80.0,
      "min" : 80,
      "p50" : 80.0,
      "p75" : 80.0,
      "p95" : 80.0,
      "p98" : 80.0,
      "p99" : 80.0,
      "p999" : 80.0,
      "values" : [ 80, 80 ],
      "stddev" : 0.0
    },
    "jenkins.project.disabled.count.history" : {
      "count" : 2,
      "max" : 1,
      "mean" : 1.0,
      "min" : 1,
      "p50" : 1.0,
      "p75" : 1.0,
      "p95" : 1.0,
      "p98" : 1.0,
      "p99" : 1.0,
      "p999" : 1.0,
      "values" : [ 1, 1 ],
      "stddev" : 0.0
    },
    "jenkins.project.enabled.count.history" : {
      "count" : 2,
      "max" : 79,
      "mean" : 79.0,
      "min" : 79,
      "p50" : 79.0,
      "p75" : 79.0,
      "p95" : 79.0,
      "p98" : 79.0,
      "p99" : 79.0,
      "p999" : 79.0,
      "values" : [ 79, 79 ],
      "stddev" : 0.0
    },
    "jenkins.queue.blocked.history" : {
      "count" : 2,
      "max" : 0,
      "mean" : 0.0,
      "min" : 0,
      "p50" : 0.0,
      "p75" : 0.0,
      "p95" : 0.0,
      "p98" : 0.0,
      "p99" : 0.0,
      "p999" : 0.0,
      "values" : [ 0, 0 ],
      "stddev" : 0.0
    },
    "jenkins.queue.buildable.history" : {
      "count" : 2,
      "max" : 0,
      "mean" : 0.0,
      "min" : 0,
      "p50" : 0.0,
      "p75" : 0.0,
      "p95" : 0.0,
      "p98" : 0.0,
      "p99" : 0.0,
      "p999" : 0.0,
      "values" : [ 0, 0 ],
      "stddev" : 0.0
    },
    "jenkins.queue.pending.history" : {
      "count" : 2,
      "max" : 0,
      "mean" : 0.0,
      "min" : 0,
      "p50" : 0.0,
      "p75" : 0.0,
      "p95" : 0.0,
      "p98" : 0.0,
      "p99" : 0.0,
      "p999" : 0.0,
      "values" : [ 0, 0 ],
      "stddev" : 0.0
    },
    "jenkins.queue.size.history" : {
      "count" : 2,
      "max" : 0,
      "mean" : 0.0,
      "min" : 0,
      "p50" : 0.0,
      "p75" : 0.0,
      "p95" : 0.0,
      "p98" : 0.0,
      "p99" : 0.0,
      "p999" : 0.0,
      "values" : [ 0, 0 ],
      "stddev" : 0.0
    },
    "jenkins.queue.stuck.history" : {
      "count" : 2,
      "max" : 0,
      "mean" : 0.0,
      "min" : 0,
      "p50" : 0.0,
      "p75" : 0.0,
      "p95" : 0.0,
      "p98" : 0.0,
      "p99" : 0.0,
      "p999" : 0.0,
      "values" : [ 0, 0 ],
      "stddev" : 0.0
    }
  },
  "meters" : {
    "http.responseCodes.badRequest" : {
      "count" : 0,
      "m15_rate" : 0.0,
      "m1_rate" : 0.0,
      "m5_rate" : 0.0,
      "mean_rate" : 0.0,
      "units" : "events/minute"
    },
    "http.responseCodes.created" : {
      "count" : 0,
      "m15_rate" : 0.0,
      "m1_rate" : 0.0,
      "m5_rate" : 0.0,
      "mean_rate" : 0.0,
      "units" : "events/minute"
    },
    "http.responseCodes.forbidden" : {
      "count" : 0,
      "m15_rate" : 0.0,
      "m1_rate" : 0.0,
      "m5_rate" : 0.0,
      "mean_rate" : 0.0,
      "units" : "events/minute"
    },
    "http.responseCodes.noContent" : {
      "count" : 0,
      "m15_rate" : 0.0,
      "m1_rate" : 0.0,
      "m5_rate" : 0.0,
      "mean_rate" : 0.0,
      "units" : "events/minute"
    },
    "http.responseCodes.notFound" : {
      "count" : 0,
      "m15_rate" : 0.0,
      "m1_rate" : 0.0,
      "m5_rate" : 0.0,
      "mean_rate" : 0.0,
      "units" : "events/minute"
    },
    "http.responseCodes.notModified" : {
      "count" : 0,
      "m15_rate" : 0.0,
      "m1_rate" : 0.0,
      "m5_rate" : 0.0,
      "mean_rate" : 0.0,
      "units" : "events/minute"
    },
    "http.responseCodes.ok" : {
      "count" : 77,
      "m15_rate" : 5.029006287094506,
      "m1_rate" : 57.389396341094375,
      "m5_rate" : 14.485766880317417,
      "mean_rate" : 119.68537734719128,
      "units" : "events/minute"
    },
    "http.responseCodes.other" : {
      "count" : 0,
      "m15_rate" : 0.0,
      "m1_rate" : 0.0,
      "m5_rate" : 0.0,
      "mean_rate" : 0.0,
      "units" : "events/minute"
    },
    "http.responseCodes.serverError" : {
      "count" : 0,
      "m15_rate" : 0.0,
      "m1_rate" : 0.0,
      "m5_rate" : 0.0,
      "mean_rate" : 0.0,
      "units" : "events/minute"
    },
    "http.responseCodes.serviceUnavailable" : {
      "count" : 0,
      "m15_rate" : 0.0,
      "m1_rate" : 0.0,
      "m5_rate" : 0.0,
      "mean_rate" : 0.0,
      "units" : "events/minute"
    },
    "jenkins.job.scheduled" : {
      "count" : 0,
      "m15_rate" : 0.0,
      "m1_rate" : 0.0,
      "m5_rate" : 0.0,
      "mean_rate" : 0.0,
      "units" : "events/minute"
    },
    "jenkins.runs.aborted" : {
      "count" : 0,
      "m15_rate" : 0.0,
      "m1_rate" : 0.0,
      "m5_rate" : 0.0,
      "mean_rate" : 0.0,
      "units" : "events/minute"
    },
    "jenkins.runs.failure" : {
      "count" : 0,
      "m15_rate" : 0.0,
      "m1_rate" : 0.0,
      "m5_rate" : 0.0,
      "mean_rate" : 0.0,
      "units" : "events/minute"
    },
    "jenkins.runs.not_built" : {
      "count" : 0,
      "m15_rate" : 0.0,
      "m1_rate" : 0.0,
      "m5_rate" : 0.0,
      "mean_rate" : 0.0,
      "units" : "events/minute"
    },
    "jenkins.runs.success" : {
      "count" : 0,
      "m15_rate" : 0.0,
      "m1_rate" : 0.0,
      "m5_rate" : 0.0,
      "mean_rate" : 0.0,
      "units" : "events/minute"
    },
    "jenkins.runs.total" : {
      "count" : 0,
      "m15_rate" : 0.0,
      "m1_rate" : 0.0,
      "m5_rate" : 0.0,
      "mean_rate" : 0.0,
      "units" : "events/minute"
    },
    "jenkins.runs.unstable" : {
      "count" : 0,
      "m15_rate" : 0.0,
      "m1_rate" : 0.0,
      "m5_rate" : 0.0,
      "mean_rate" : 0.0,
      "units" : "events/minute"
    }
  },
  "timers" : {
    "http.requests" : {
      "count" : 77,
      "max" : 0.959349438,
      "mean" : 0.024058296961038964,
      "min" : 5.44426E-4,
      "p50" : 0.0024152970000000003,
      "p75" : 0.0093609025,
      "p95" : 0.07539430709999977,
      "p98" : 0.5594820623999984,
      "p99" : 0.959349438,
      "p999" : 0.959349438,
      "values" : [ 5.44426E-4, 5.59777E-4, 7.0555E-4, 8.09709E-4, 8.328820000000001E-4, 8.46176E-4, 8.50942E-4, 8.934870000000001E-4, 9.387590000000001E-4, 9.422330000000001E-4, 9.443530000000001E-4, 9.515190000000001E-4, 9.56171E-4, 9.61902E-4, 9.740080000000001E-4, 9.83526E-4, 0.001033005, 0.001062252, 0.001064325, 0.001098517, 0.001115598, 0.0011185280000000001, 0.001150249, 0.001217572, 0.001340796, 0.0013507430000000002, 0.00140141, 0.001452216, 0.0014690990000000002, 0.0014702970000000002, 0.0014751760000000001, 0.001478754, 0.001497875, 0.001783496, 0.002173948, 0.0023151860000000003, 0.002392995, 0.0024142340000000003, 0.0024152970000000003, 0.0025757550000000003, 0.00271525, 0.0028427160000000003, 0.002985174, 0.003205643, 0.0032847700000000002, 0.0033589360000000003, 0.0035026090000000003, 0.0037239850000000004, 0.0039052170000000003, 0.0042690670000000005, 0.004380126000000001, 0.0044479870000000005, 0.004501629, 0.004604399, 0.00542368, 0.0065172450000000005, 0.007344725000000001, 0.008865739000000001, 0.009856066, 0.009917480000000001, 0.010409680000000001, 0.012089004, 0.012463905, 0.012961648000000001, 0.016572677, 0.018127983, 0.019752055, 0.021376238000000002, 0.026617598000000003, 0.028487449, 0.031822873, 0.050643516000000006, 0.051025808000000006, 0.071208727, 0.11306452800000001, 0.245300553, 0.959349438 ],
      "stddev" : 0.112636703972612,
      "m15_rate" : 5.029006287094506,
      "m1_rate" : 57.389396341094375,
      "m5_rate" : 14.485766880317417,
      "mean_rate" : 119.68679310157025,
      "duration_units" : "seconds",
      "rate_units" : "calls/minute"
    },
    "jenkins.health-check.duration" : {
      "count" : 1,
      "max" : 0.0019823980000000002,
      "mean" : 0.0019823980000000002,
      "min" : 0.0019823980000000002,
      "p50" : 0.0019823980000000002,
      "p75" : 0.0019823980000000002,
      "p95" : 0.0019823980000000002,
      "p98" : 0.0019823980000000002,
      "p99" : 0.0019823980000000002,
      "p999" : 0.0019823980000000002,
      "values" : [ 0.0019823980000000002 ],
      "stddev" : 0.0,
      "m15_rate" : 0.06574722566765856,
      "m1_rate" : 0.81217130183051,
      "m5_rate" : 0.1918401117755027,
      "mean_rate" : 1.6825363674916913,
      "duration_units" : "seconds",
      "rate_units" : "calls/minute"
    },
    "jenkins.job.blocked.duration" : {
      "count" : 0,
      "max" : 0.0,
      "mean" : 0.0,
      "min" : 0.0,
      "p50" : 0.0,
      "p75" : 0.0,
      "p95" : 0.0,
      "p98" : 0.0,
      "p99" : 0.0,
      "p999" : 0.0,
      "values" : [ ],
      "stddev" : 0.0,
      "m15_rate" : 0.0,
      "m1_rate" : 0.0,
      "m5_rate" : 0.0,
      "mean_rate" : 0.0,
      "duration_units" : "seconds",
      "rate_units" : "calls/minute"
    },
    "jenkins.job.buildable.duration" : {
      "count" : 0,
      "max" : 0.0,
      "mean" : 0.0,
      "min" : 0.0,
      "p50" : 0.0,
      "p75" : 0.0,
      "p95" : 0.0,
      "p98" : 0.0,
      "p99" : 0.0,
      "p999" : 0.0,
      "values" : [ ],
      "stddev" : 0.0,
      "m15_rate" : 0.0,
      "m1_rate" : 0.0,
      "m5_rate" : 0.0,
      "mean_rate" : 0.0,
      "duration_units" : "seconds",
      "rate_units" : "calls/minute"
    },
    "jenkins.job.building.duration" : {
      "count" : 0,
      "max" : 0.0,
      "mean" : 0.0,
      "min" : 0.0,
      "p50" : 0.0,
      "p75" : 0.0,
      "p95" : 0.0,
      "p98" : 0.0,
      "p99" : 0.0,
      "p999" : 0.0,
      "values" : [ ],
      "stddev" : 0.0,
      "m15_rate" : 0.0,
      "m1_rate" : 0.0,
      "m5_rate" : 0.0,
      "mean_rate" : 0.0,
      "duration_units" : "seconds",
      "rate_units" : "calls/minute"
    },
    "jenkins.job.queuing.duration" : {
      "count" : 0,
      "max" : 0.0,
      "mean" : 0.0,
      "min" : 0.0,
      "p50" : 0.0,
      "p75" : 0.0,
      "p95" : 0.0,
      "p98" : 0.0,
      "p99" : 0.0,
      "p999" : 0.0,
      "values" : [ ],
      "stddev" : 0.0,
      "m15_rate" : 0.0,
      "m1_rate" : 0.0,
      "m5_rate" : 0.0,
      "mean_rate" : 0.0,
      "duration_units" : "seconds",
      "rate_units" : "calls/minute"
    },
    "jenkins.job.total.duration" : {
      "count" : 0,
      "max" : 0.0,
      "mean" : 0.0,
      "min" : 0.0,
      "p50" : 0.0,
      "p75" : 0.0,
      "p95" : 0.0,
      "p98" : 0.0,
      "p99" : 0.0,
      "p999" : 0.0,
      "values" : [ ],
      "stddev" : 0.0,
      "m15_rate" : 0.0,
      "m1_rate" : 0.0,
      "m5_rate" : 0.0,
      "mean_rate" : 0.0,
      "duration_units" : "seconds",
      "rate_units" : "calls/minute"
    },
    "jenkins.job.waiting.duration" : {
      "count" : 0,
      "max" : 0.0,
      "mean" : 0.0,
      "min" : 0.0,
      "p50" : 0.0,
      "p75" : 0.0,
      "p95" : 0.0,
      "p98" : 0.0,
      "p99" : 0.0,
      "p999" : 0.0,
      "values" : [ ],
      "stddev" : 0.0,
      "m15_rate" : 0.0,
      "m1_rate" : 0.0,
      "m5_rate" : 0.0,
      "mean_rate" : 0.0,
      "duration_units" : "seconds",
      "rate_units" : "calls/minute"
    },
    "jenkins.node.freebsd-gq1-factory-slave-079.infra.builds" : {
      "count" : 0,
      "max" : 0.0,
      "mean" : 0.0,
      "min" : 0.0,
      "p50" : 0.0,
      "p75" : 0.0,
      "p95" : 0.0,
      "p98" : 0.0,
      "p99" : 0.0,
      "p999" : 0.0,
      "values" : [ ],
      "stddev" : 0.0,
      "m15_rate" : 0.0,
      "m1_rate" : 0.0,
      "m5_rate" : 0.0,
      "mean_rate" : 0.0,
      "duration_units" : "seconds",
      "rate_units" : "calls/minute"
    },
    "jenkins.node.rhel-gq1-factory-slave-080.infra.builds" : {
      "count" : 0,
      "max" : 0.0,
      "mean" : 0.0,
      "min" : 0.0,
      "p50" : 0.0,
      "p75" : 0.0,
      "p95" : 0.0,
      "p98" : 0.0,
      "p99" : 0.0,
      "p999" : 0.0,
      "values" : [ ],
      "stddev" : 0.0,
      "m15_rate" : 0.0,
      "m1_rate" : 0.0,
      "m5_rate" : 0.0,
      "mean_rate" : 0.0,
      "duration_units" : "seconds",
      "rate_units" : "calls/minute"
    },
    "jenkins.node.rhel6-gq1-factory-slave-081.infra.builds" : {
      "count" : 0,
      "max" : 0.0,
      "mean" : 0.0,
      "min" : 0.0,
      "p50" : 0.0,
      "p75" : 0.0,
      "p95" : 0.0,
      "p98" : 0.0,
      "p99" : 0.0,
      "p999" : 0.0,
      "values" : [ ],
      "stddev" : 0.0,
      "m15_rate" : 0.0,
      "m1_rate" : 0.0,
      "m5_rate" : 0.0,
      "mean_rate" : 0.0,
      "duration_units" : "seconds",
      "rate_units" : "calls/minute"
    }
  }
}