{
  "version" : "3.0.0",
  "gauges" : {
    "jenkins.executor.count.value" : {
      "value" : 4
    },
    "jenkins.executor.free.value" : {
      "value" : 4
    },
    "jenkins.executor.in-use.value" : {
      "value" : 0
    },
    "jenkins.health-check.count" : {
      "value" : 4
    },
    "jenkins.health-check.inverse-score" : {
      "value" : 0.0
    },
    "jenkins.health-check.score" : {
      "value" : 1.0
    },
    "jenkins.job.count.value" : {
      "value" : 6
    },
    "jenkins.node.count.value" : {
      "value" : 1
    },
    "jenkins.node.offline.value" : {
      "value" : 0
    },
    "jenkins.node.online.value" : {
      "value" : 1
    },
    "jenkins.plugins.active" : {
      "value" : 73
    },
    "jenkins.plugins.failed" : {
      "value" : 0
    },
    "jenkins.plugins.inactive" : {
      "value" : 0
    },
    "jenkins.plugins.withUpdate" : {
      "value" : 0
    },
    "jenkins.project.count.value" : {
      "value" : 6
    },
    "jenkins.project.disabled.count.value" : {
      "value" : 0
    },
    "jenkins.project.enabled.count.value" : {
      "value" : 6
    },
    "jenkins.queue.blocked.value" : {
      "value" : 0
    },
    "jenkins.queue.buildable.value" : {
      "value" : 0
    },
    "jenkins.queue.pending.value" : {
      "value" : 0
    },
    "jenkins.queue.size.value" : {
      "value" : 0
    },
    "jenkins.queue.stuck.value" : {
      "value" : 0
    },
    "system.cpu.load" : {
      "value" : 0.74
    },
    "vm.blocked.count" : {
      "value" : 0
    },
    "vm.count" : {
      "value" : 51
    },
    "vm.cpu.load" : {
      "value" : 0.02849859339091186
    },
    "vm.daemon.count" : {
      "value" : 44
    },
    "vm.deadlocks" : {
      "value" : [ ]
    },
    "vm.file.descriptor.ratio" : {
      "value" : 0.0706787109375
    },
    "vm.gc.Copy.count" : {
      "value" : 7931
    },
    "vm.gc.Copy.time" : {
      "value" : 67279
    },
    "vm.gc.MarkSweepCompact.count" : {
      "value" : 21
    },
    "vm.gc.MarkSweepCompact.time" : {
      "value" : 5451
    },
    "vm.memory.heap.committed" : {
      "value" : 206712832
    },
    "vm.memory.heap.init" : {
      "value" : 16281152
    },
    "vm.memory.heap.max" : {
      "value" : 504823808
    },
    "vm.memory.heap.usage" : {
      "value" : 0.2078365685954336
    },
    "vm.memory.heap.used" : {
      "value" : 104920848
    },
    "vm.memory.non-heap.committed" : {
      "value" : 120324096
    },
    "vm.memory.non-heap.init" : {
      "value" : 24313856
    },
    "vm.memory.non-heap.max" : {
      "value" : 224395264
    },
    "vm.memory.non-heap.usage" : {
      "value" : 0.534872286787657
    },
    "vm.memory.non-heap.used" : {
      "value" : 120022808
    },
    "vm.memory.pools.Code-Cache.usage" : {
      "value" : 0.30591074625651044
    },
    "vm.memory.pools.Eden-Space.usage" : {
      "value" : 0.08927847143623589
    },
    "vm.memory.pools.Perm-Gen.usage" : {
      "value" : 0.6010780334472656
    },
    "vm.memory.pools.Survivor-Space.usage" : {
      "value" : 0.39014270710495286
    },
    "vm.memory.pools.Tenured-Gen.usage" : {
      "value" : 0.2461918750441218
    },
    "vm.memory.total.committed" : {
      "value" : 327036928
    },
    "vm.memory.total.init" : {
      "value" : 40595008
    },
    "vm.memory.total.max" : {
      "value" : 729219072
    },
    "vm.memory.total.used" : {
      "value" : 224943656
    },
    "vm.new.count" : {
      "value" : 0
    },
    "vm.runnable.count" : {
      "value" : 24
    },
    "vm.terminated.count" : {
      "value" : 0
    },
    "vm.timed_waiting.count" : {
      "value" : 12
    },
    "vm.uptime.milliseconds" : {
      "value" : 75079509
    },
    "vm.waiting.count" : {
      "value" : 15
    }
  },
  "counters" : {
    "http.activeRequests" : {
      "count" : 1
    }
  },
  "histograms" : {
    "jenkins.executor.count.history" : {
      "count" : 0,
      "max" : 0,
      "mean" : 0.0,
      "min" : 0,
      "p50" : 0.0,
      "p75" : 0.0,
      "p95" : 0.0,
      "p98" : 0.0,
      "p99" : 0.0,
      "p999" : 0.0,
      "values" : [ ],
      "stddev" : 0.0
    },
    "jenkins.executor.free.history" : {
      "count" : 0,
      "max" : 0,
      "mean" : 0.0,
      "min" : 0,
      "p50" : 0.0,
      "p75" : 0.0,
      "p95" : 0.0,
      "p98" : 0.0,
      "p99" : 0.0,
      "p999" : 0.0,
      "values" : [ ],
      "stddev" : 0.0
    },
    "jenkins.executor.in-use.history" : {
      "count" : 0,
      "max" : 0,
      "mean" : 0.0,
      "min" : 0,
      "p50" : 0.0,
      "p75" : 0.0,
      "p95" : 0.0,
      "p98" : 0.0,
      "p99" : 0.0,
      "p999" : 0.0,
      "values" : [ ],
      "stddev" : 0.0
    },
    "jenkins.job.count.history" : {
      "count" : 0,
      "max" : 0,
      "mean" : 0.0,
      "min" : 0,
      "p50" : 0.0,
      "p75" : 0.0,
      "p95" : 0.0,
      "p98" : 0.0,
      "p99" : 0.0,
      "p999" : 0.0,
      "values" : [ ],
      "stddev" : 0.0
    },
    "jenkins.node.count.history" : {
      "count" : 0,
      "max" : 0,
      "mean" : 0.0,
      "min" : 0,
      "p50" : 0.0,
      "p75" : 0.0,
      "p95" : 0.0,
      "p98" : 0.0,
      "p99" : 0.0,
      "p999" : 0.0,
      "values" : [ ],
      "stddev" : 0.0
    },
    "jenkins.node.offline.history" : {
      "count" : 0,
      "max" : 0,
      "mean" : 0.0,
      "min" : 0,
      "p50" : 0.0,
      "p75" : 0.0,
      "p95" : 0.0,
      "p98" : 0.0,
      "p99" : 0.0,
      "p999" : 0.0,
      "values" : [ ],
      "stddev" : 0.0
    },
    "jenkins.node.online.history" : {
      "count" : 0,
      "max" : 0,
      "mean" : 0.0,
      "min" : 0,
      "p50" : 0.0,
      "p75" : 0.0,
      "p95" : 0.0,
      "p98" : 0.0,
      "p99" : 0.0,
      "p999" : 0.0,
      "values" : [ ],
      "stddev" : 0.0
    },
    "jenkins.project.count.history" : {
      "count" : 0,
      "max" : 0,
      "mean" : 0.0,
      "min" : 0,
      "p50" : 0.0,
      "p75" : 0.0,
      "p95" : 0.0,
      "p98" : 0.0,
      "p99" : 0.0,
      "p999" : 0.0,
      "values" : [ ],
      "stddev" : 0.0
    },
    "jenkins.project.disabled.count.history" : {
      "count" : 0,
      "max" : 0,
      "mean" : 0.0,
      "min" : 0,
      "p50" : 0.0,
      "p75" : 0.0,
      "p95" : 0.0,
      "p98" : 0.0,
      "p99" : 0.0,
      "p999" : 0.0,
      "values" : [ ],
      "stddev" : 0.0
    },
    "jenkins.project.enabled.count.history" : {
      "count" : 0,
      "max" : 0,
      "mean" : 0.0,
      "min" : 0,
      "p50" : 0.0,
      "p75" : 0.0,
      "p95" : 0.0,
      "p98" : 0.0,
      "p99" : 0.0,
      "p999" : 0.0,
      "values" : [ ],
      "stddev" : 0.0
    },
    "jenkins.queue.blocked.history" : {
      "count" : 0,
      "max" : 0,
      "mean" : 0.0,
      "min" : 0,
      "p50" : 0.0,
      "p75" : 0.0,
      "p95" : 0.0,
      "p98" : 0.0,
      "p99" : 0.0,
      "p999" : 0.0,
      "values" : [ ],
      "stddev" : 0.0
    },
    "jenkins.queue.buildable.history" : {
      "count" : 0,
      "max" : 0,
      "mean" : 0.0,
      "min" : 0,
      "p50" : 0.0,
      "p75" : 0.0,
      "p95" : 0.0,
      "p98" : 0.0,
      "p99" : 0.0,
      "p999" : 0.0,
      "values" : [ ],
      "stddev" : 0.0
    },
    "jenkins.queue.pending.history" : {
      "count" : 0,
      "max" : 0,
      "mean" : 0.0,
      "min" : 0,
      "p50" : 0.0,
      "p75" : 0.0,
      "p95" : 0.0,
      "p98" : 0.0,
      "p99" : 0.0,
      "p999" : 0.0,
      "values" : [ ],
      "stddev" : 0.0
    },
    "jenkins.queue.size.history" : {
      "count" : 0,
      "max" : 0,
      "mean" : 0.0,
      "min" : 0,
      "p50" : 0.0,
      "p75" : 0.0,
      "p95" : 0.0,
      "p98" : 0.0,
      "p99" : 0.0,
      "p999" : 0.0,
      "values" : [ ],
      "stddev" : 0.0
    },
    "jenkins.queue.stuck.history" : {
      "count" : 0,
      "max" : 0,
      "mean" : 0.0,
      "min" : 0,
      "p50" : 0.0,
      "p75" : 0.0,
      "p95" : 0.0,
      "p98" : 0.0,
      "p99" : 0.0,
      "p999" : 0.0,
      "values" : [ ],
      "stddev" : 0.0
    }
  },
  "meters" : {
    "http.responseCodes.badRequest" : {
      "count" : 0,
      "m15_rate" : 0.0,
      "m1_rate" : 0.0,
      "m5_rate" : 0.0,
      "mean_rate" : 0.0,
      "units" : "events/minute"
    },
    "http.responseCodes.created" : {
      "count" : 2,
      "m15_rate" : 1.9394191330396738E-5,
      "m1_rate" : 6.708588181500181E-56,
      "m5_rate" : 1.9532499417778453E-12,
      "mean_rate" : 0.010753692910002645,
      "units" : "events/minute"
    },
    "http.responseCodes.forbidden" : {
      "count" : 0,
      "m15_rate" : 0.0,
      "m1_rate" : 0.0,
      "m5_rate" : 0.0,
      "mean_rate" : 0.0,
      "units" : "events/minute"
    },
    "http.responseCodes.noContent" : {
      "count" : 0,
      "m15_rate" : 0.0,
      "m1_rate" : 0.0,
      "m5_rate" : 0.0,
      "mean_rate" : 0.0,
      "units" : "events/minute"
    },
    "http.responseCodes.notFound" : {
      "count" : 0,
      "m15_rate" : 0.0,
      "m1_rate" : 0.0,
      "m5_rate" : 0.0,
      "mean_rate" : 0.0,
      "units" : "events/minute"
    },
    "http.responseCodes.notModified" : {
      "count" : 185057,
      "m15_rate" : 1055.8187021962317,
      "m1_rate" : 234.77729346140444,
      "m5_rate" : 815.1980112742748,
      "mean_rate" : 995.0230460413295,
      "units" : "events/minute"
    },
    "http.responseCodes.ok" : {
      "count" : 6439,
      "m15_rate" : 44.11750207684938,
      "m1_rate" : 49.37642944118843,
      "m5_rate" : 49.55721465551782,
      "mean_rate" : 34.621513284517754,
      "units" : "events/minute"
    },
    "http.responseCodes.other" : {
      "count" : 0,
      "m15_rate" : 0.0,
      "m1_rate" : 0.0,
      "m5_rate" : 0.0,
      "mean_rate" : 0.0,
      "units" : "events/minute"
    },
    "http.responseCodes.serverError" : {
      "count" : 0,
      "m15_rate" : 0.0,
      "m1_rate" : 0.0,
      "m5_rate" : 0.0,
      "mean_rate" : 0.0,
      "units" : "events/minute"
    },
    "http.responseCodes.serviceUnavailable" : {
      "count" : 0,
      "m15_rate" : 0.0,
      "m1_rate" : 0.0,
      "m5_rate" : 0.0,
      "mean_rate" : 0.0,
      "units" : "events/minute"
    },
    "jenkins.job.scheduled" : {
      "count" : 2,
      "m15_rate" : 1.9394191330396738E-5,
      "m1_rate" : 6.708588181500181E-56,
      "m5_rate" : 1.9532499417778453E-12,
      "mean_rate" : 0.010754605870798224,
      "units" : "events/minute"
    },
    "jenkins.runs.aborted" : {
      "count" : 0,
      "m15_rate" : 0.0,
      "m1_rate" : 0.0,
      "m5_rate" : 0.0,
      "mean_rate" : 0.0,
      "units" : "events/minute"
    },
    "jenkins.runs.failure" : {
      "count" : 0,
      "m15_rate" : 0.0,
      "m1_rate" : 0.0,
      "m5_rate" : 0.0,
      "mean_rate" : 0.0,
      "units" : "events/minute"
    },
    "jenkins.runs.not_built" : {
      "count" : 0,
      "m15_rate" : 0.0,
      "m1_rate" : 0.0,
      "m5_rate" : 0.0,
      "mean_rate" : 0.0,
      "units" : "events/minute"
    },
    "jenkins.runs.success" : {
      "count" : 2,
      "m15_rate" : 2.0163267212117525E-5,
      "m1_rate" : 1.2021802268820942E-55,
      "m5_rate" : 2.1949544371598694E-12,
      "mean_rate" : 0.01075460875208718,
      "units" : "events/minute"
    },
    "jenkins.runs.total" : {
      "count" : 2,
      "m15_rate" : 2.0163267212117525E-5,
      "m1_rate" : 1.2021802268820942E-55,
      "m5_rate" : 2.1949544371598694E-12,
      "mean_rate" : 0.010754608669322622,
      "units" : "events/minute"
    },
    "jenkins.runs.unstable" : {
      "count" : 0,
      "m15_rate" : 0.0,
      "m1_rate" : 0.0,
      "m5_rate" : 0.0,
      "mean_rate" : 0.0,
      "units" : "events/minute"
    }
  },
  "timers" : {
    "http.requests" : {
      "count" : 191498,
      "max" : 0.582895954,
      "mean" : 0.0031153479299610896,
      "min" : 1.43E-7,
      "p50" : 3.0327450000000003E-4,
      "p75" : 5.8776925E-4,
      "p95" : 0.0067693922,
      "p98" : 0.02662515507999992,
      "p99" : 0.07719532104000006,
      "p999" : 0.5743487239700011,
      "values" : [ 1.43E-7, 1.43E-7, 4.2630000000000005E-6, 6.716000000000001E-6, 3.7763000000000004E-5, 5.8017000000000004E-5, 6.2567E-5, 6.6186E-5, 7.953800000000001E-5, 8.2427E-5, 8.273300000000001E-5, 8.2742E-5, 8.4121E-5, 8.414200000000001E-5, 8.611500000000001E-5, 8.6452E-5, 8.652200000000001E-5, 8.9245E-5, 9.0846E-5, 9.527E-5, 9.6458E-5, 9.6624E-5, 9.777600000000001E-5, 9.8281E-5, 1.0169000000000001E-4, 1.01972E-4, 1.0451300000000001E-4, 1.06291E-4, 1.0717200000000001E-4, 1.0824800000000001E-4, 1.0856200000000001E-4, 1.11187E-4, 1.1189500000000001E-4, 1.1247600000000001E-4, 1.1258700000000001E-4, 1.1333500000000001E-4, 1.14431E-4, 1.1500900000000001E-4, 1.1522600000000001E-4, 1.16064E-4, 1.16984E-4, 1.1808700000000001E-4, 1.1840400000000001E-4, 1.1877E-4, 1.1918700000000001E-4, 1.1929E-4, 1.1932400000000001E-4, 1.19531E-4, 1.1955700000000001E-4, 1.2023E-4, 1.2122100000000001E-4, 1.21522E-4, 1.22302E-4, 1.2236900000000002E-4, 1.23032E-4, 1.2338E-4, 1.24618E-4, 1.2465300000000001E-4, 1.2477700000000002E-4, 1.2561700000000001E-4, 1.25807E-4, 1.26166E-4, 1.26269E-4, 1.27654E-4, 1.2779500000000002E-4, 1.2793E-4, 1.27978E-4, 1.28021E-4, 1.29097E-4, 1.2910300000000001E-4, 1.2912400000000002E-4, 1.29727E-4, 1.29978E-4, 1.3005500000000001E-4, 1.30154E-4, 1.30645E-4, 1.3095900000000002E-4, 1.31344E-4, 1.3135300000000001E-4, 1.31566E-4, 1.31618E-4, 1.31671E-4, 1.32284E-4, 1.32528E-4, 1.32687E-4, 1.33191E-4, 1.33359E-4, 1.3438300000000002E-4, 1.35107E-4, 1.35141E-4, 1.3528500000000002E-4, 1.3576000000000001E-4, 1.36123E-4, 1.3618700000000002E-4, 1.37128E-4, 1.37186E-4, 1.37267E-4, 1.37588E-4, 1.3762100000000002E-4, 1.37706E-4, 1.37755E-4, 1.38054E-4, 1.3854E-4, 1.38738E-4, 1.39355E-4, 1.3948400000000002E-4, 1.39502E-4, 1.39975E-4, 1.4001400000000002E-4, 1.40016E-4, 1.4031500000000001E-4, 1.40362E-4, 1.40929E-4, 1.41101E-4, 1.4142400000000002E-4, 1.4233800000000002E-4, 1.4304700000000001E-4, 1.44071E-4, 1.44329E-4, 1.4435900000000002E-4, 1.4439500000000002E-4, 1.44529E-4, 1.4469100000000001E-4, 1.44768E-4, 1.44828E-4, 1.44887E-4, 1.4526100000000002E-4, 1.4540400000000002E-4, 1.45456E-4, 1.4553500000000002E-4, 1.4626E-4, 1.4652100000000002E-4, 1.4677100000000002E-4, 1.4697400000000002E-4, 1.47042E-4, 1.48317E-4, 1.4833200000000002E-4, 1.48443E-4, 1.4844900000000001E-4, 1.48528E-4, 1.48528E-4, 1.4856800000000002E-4, 1.48812E-4, 1.48955E-4, 1.4895900000000002E-4, 1.49142E-4, 1.49177E-4, 1.49337E-4, 1.49405E-4, 1.4943900000000002E-4, 1.5007600000000002E-4, 1.50239E-4, 1.50778E-4, 1.50829E-4, 1.5118100000000002E-4, 1.51215E-4, 1.51296E-4, 1.5161000000000002E-4, 1.5168200000000002E-4, 1.52088E-4, 1.52416E-4, 1.5257E-4, 1.52657E-4, 1.5279E-4, 1.528E-4, 1.5331900000000001E-4, 1.5345900000000002E-4, 1.53523E-4, 1.53885E-4, 1.53998E-4, 1.5451900000000002E-4, 1.5468300000000002E-4, 1.54715E-4, 1.55098E-4, 1.55152E-4, 1.56035E-4, 1.56231E-4, 1.56248E-4, 1.56577E-4, 1.56644E-4, 1.5667100000000002E-4, 1.56717E-4, 1.5718200000000001E-4, 1.5724100000000002E-4, 1.57748E-4, 1.57873E-4, 1.5798300000000002E-4, 1.57991E-4, 1.58015E-4, 1.5829E-4, 1.5829100000000002E-4, 1.58307E-4, 1.5834600000000002E-4, 1.58443E-4, 1.58736E-4, 1.588E-4, 1.5916000000000001E-4, 1.5916700000000002E-4, 1.59864E-4, 1.5990400000000002E-4, 1.5997800000000002E-4, 1.60303E-4, 1.60306E-4, 1.60542E-4, 1.60669E-4, 1.60671E-4, 1.6076500000000002E-4, 1.60881E-4, 1.61044E-4, 1.6221400000000002E-4, 1.62317E-4, 1.62549E-4, 1.6306800000000002E-4, 1.6340000000000001E-4, 1.63816E-4, 1.64222E-4, 1.64288E-4, 1.64565E-4, 1.6462800000000002E-4, 1.64678E-4, 1.6472E-4, 1.6491500000000002E-4, 1.65152E-4, 1.65381E-4, 1.65414E-4, 1.65422E-4, 1.6569300000000001E-4, 1.65754E-4, 1.65897E-4, 1.6597E-4, 1.6607400000000002E-4, 1.66187E-4, 1.6639900000000002E-4, 1.66489E-4, 1.66668E-4, 1.6693800000000002E-4, 1.67589E-4, 1.6768700000000002E-4, 1.6799500000000002E-4, 1.68053E-4, 1.68259E-4, 1.68261E-4, 1.68776E-4, 1.6935000000000002E-4, 1.69399E-4, 1.6949800000000002E-4, 1.6957500000000002E-4, 1.6978700000000002E-4, 1.6978900000000002E-4, 1.69822E-4, 1.70136E-4, 1.7014000000000002E-4, 1.70235E-4, 1.7047E-4, 1.7055100000000001E-4, 1.70816E-4, 1.7116900000000001E-4, 1.71299E-4, 1.7144100000000001E-4, 1.7156700000000002E-4, 1.7191800000000002E-4, 1.7235900000000002E-4, 1.72406E-4, 1.7240900000000002E-4, 1.72592E-4, 1.72623E-4, 1.7283900000000002E-4, 1.72895E-4, 1.72909E-4, 1.72921E-4, 1.72962E-4, 1.7315600000000002E-4, 1.7330600000000002E-4, 1.7336400000000002E-4, 1.7339700000000002E-4, 1.7369800000000002E-4, 1.73928E-4, 1.7411500000000002E-4, 1.74279E-4, 1.74555E-4, 1.7491200000000002E-4, 1.75233E-4, 1.75458E-4, 1.7575500000000001E-4, 1.76331E-4, 1.76512E-4, 1.76765E-4, 1.7683100000000002E-4, 1.76884E-4, 1.77004E-4, 1.7702900000000002E-4, 1.7719800000000002E-4, 1.77522E-4, 1.77762E-4, 1.77884E-4, 1.78003E-4, 1.7811400000000002E-4, 1.78132E-4, 1.78214E-4, 1.7829E-4, 1.7831200000000002E-4, 1.78363E-4, 1.789E-4, 1.7894700000000002E-4, 1.79173E-4, 1.7929100000000002E-4, 1.7932E-4, 1.79683E-4, 1.79969E-4, 1.79982E-4, 1.80761E-4, 1.80793E-4, 1.8125900000000002E-4, 1.8139500000000002E-4, 1.81566E-4, 1.81723E-4, 1.81773E-4, 1.81873E-4, 1.8196300000000002E-4, 1.82127E-4, 1.82298E-4, 1.82604E-4, 1.82721E-4, 1.8284100000000002E-4, 1.8289100000000002E-4, 1.83413E-4, 1.83455E-4, 1.8345900000000002E-4, 1.8350000000000002E-4, 1.83508E-4, 1.8371700000000002E-4, 1.84198E-4, 1.84997E-4, 1.8508200000000001E-4, 1.85624E-4, 1.85677E-4, 1.8571900000000002E-4, 1.8575400000000002E-4, 1.8591200000000002E-4, 1.85934E-4, 1.85997E-4, 1.8628400000000002E-4, 1.86319E-4, 1.86452E-4, 1.8719600000000001E-4, 1.8769900000000002E-4, 1.88058E-4, 1.8831000000000002E-4, 1.8842900000000002E-4, 1.88882E-4, 1.8893000000000002E-4, 1.8893700000000002E-4, 1.8914500000000002E-4, 1.8918600000000001E-4, 1.89332E-4, 1.8933600000000002E-4, 1.8983900000000002E-4, 1.89977E-4, 1.9026600000000002E-4, 1.90907E-4, 1.91244E-4, 1.9195E-4, 1.92167E-4, 1.9321E-4, 1.9418400000000002E-4, 1.9458500000000002E-4, 1.9466E-4, 1.94768E-4, 1.94971E-4, 1.94989E-4, 1.95114E-4, 1.95209E-4, 1.9552500000000002E-4, 1.9555100000000003E-4, 1.95977E-4, 1.9624400000000001E-4, 1.96524E-4, 1.96767E-4, 1.9696900000000002E-4, 1.9759E-4, 1.9784500000000001E-4, 1.98098E-4, 1.98414E-4, 1.9843600000000002E-4, 1.98648E-4, 1.9879E-4, 1.9889200000000002E-4, 1.98929E-4, 1.9904900000000002E-4, 1.9905000000000001E-4, 1.9905400000000002E-4, 1.99654E-4, 1.9977500000000002E-4, 2.00036E-4, 2.00134E-4, 2.0025400000000002E-4, 2.0058900000000001E-4, 2.0132E-4, 2.0141E-4, 2.0141400000000002E-4, 2.0154800000000002E-4, 2.0156000000000001E-4, 2.0179600000000002E-4, 2.01978E-4, 2.0198700000000002E-4, 2.0199100000000002E-4, 2.02169E-4, 2.0221800000000002E-4, 2.02262E-4, 2.02995E-4, 2.0388E-4, 2.0427700000000002E-4, 2.0486000000000001E-4, 2.05166E-4, 2.0554700000000002E-4, 2.05985E-4, 2.06037E-4, 2.063E-4, 2.0637200000000002E-4, 2.06462E-4, 2.07796E-4, 2.08826E-4, 2.0884400000000002E-4, 2.09213E-4, 2.09602E-4, 2.0998000000000002E-4, 2.1022100000000002E-4, 2.10609E-4, 2.1105400000000002E-4, 2.1178800000000003E-4, 2.1180000000000003E-4, 2.1208400000000002E-4, 2.1431100000000002E-4, 2.14464E-4, 2.14565E-4, 2.1589700000000002E-4, 2.1682500000000003E-4, 2.1713100000000002E-4, 2.1741500000000002E-4, 2.17538E-4, 2.18695E-4, 2.18852E-4, 2.19236E-4, 2.19428E-4, 2.1945700000000002E-4, 2.2062700000000001E-4, 2.21257E-4, 2.2145900000000002E-4, 2.2237E-4, 2.2369000000000002E-4, 2.24627E-4, 2.25242E-4, 2.26736E-4, 2.27125E-4, 2.2951400000000003E-4, 2.3133700000000002E-4, 2.3187400000000002E-4, 2.32011E-4, 2.3239900000000002E-4, 2.3250200000000002E-4, 2.3266700000000001E-4, 2.32715E-4, 2.3306900000000003E-4, 2.3381700000000001E-4, 2.33899E-4, 2.34882E-4, 2.34973E-4, 2.35987E-4, 2.3701900000000002E-4, 2.3713600000000001E-4, 2.3735200000000003E-4, 2.3756000000000002E-4, 2.3804500000000002E-4, 2.3918800000000001E-4, 2.3948600000000002E-4, 2.4145400000000002E-4, 2.41649E-4, 2.4225100000000002E-4, 2.4352800000000002E-4, 2.4449300000000003E-4, 2.4455500000000003E-4, 2.48071E-4, 2.4838400000000004E-4, 2.49098E-4, 2.4946500000000004E-4, 2.53549E-4, 2.54351E-4, 2.5468E-4, 2.54707E-4, 2.5584800000000003E-4, 2.57507E-4, 2.57978E-4, 2.5834800000000004E-4, 2.58438E-4, 2.58872E-4, 2.61573E-4, 2.6185E-4, 2.66009E-4, 2.68871E-4, 2.69326E-4, 2.6946800000000003E-4, 2.7030200000000004E-4, 2.7048700000000003E-4, 2.71581E-4, 2.71654E-4, 2.7264E-4, 2.73253E-4, 2.76176E-4, 2.78181E-4, 2.78432E-4, 2.82395E-4, 2.92355E-4, 2.94696E-4, 3.01076E-4, 3.05473E-4, 3.05772E-4, 3.0748600000000004E-4, 3.1241300000000005E-4, 3.1395500000000004E-4, 3.1485700000000004E-4, 3.15899E-4, 3.15998E-4, 3.18491E-4, 3.18853E-4, 3.2044100000000003E-4, 3.20766E-4, 3.22127E-4, 3.23583E-4, 3.25718E-4, 3.26434E-4, 3.26726E-4, 3.28592E-4, 3.3015700000000003E-4, 3.3216500000000004E-4, 3.32642E-4, 3.3363100000000003E-4, 3.34886E-4, 3.37197E-4, 3.38842E-4, 3.4035200000000004E-4, 3.4111000000000005E-4, 3.4188100000000004E-4, 3.4310000000000005E-4, 3.4345E-4, 3.4444200000000003E-4, 3.44513E-4, 3.4609500000000004E-4, 3.4661800000000003E-4, 3.4821200000000003E-4, 3.49065E-4, 3.4948300000000004E-4, 3.49509E-4, 3.51313E-4, 3.56274E-4, 3.5639600000000003E-4, 3.5741200000000004E-4, 3.5923300000000003E-4, 3.62485E-4, 3.6341300000000004E-4, 3.65588E-4, 3.6706300000000005E-4, 3.6818200000000005E-4, 3.68259E-4, 3.68496E-4, 3.69623E-4, 3.7120100000000004E-4, 3.7130100000000004E-4, 3.7135600000000004E-4, 3.7217200000000004E-4, 3.7406E-4, 3.76759E-4, 3.76798E-4, 3.8066600000000004E-4, 3.8176000000000003E-4, 3.8552000000000004E-4, 3.8777200000000004E-4, 3.8956600000000004E-4, 3.93758E-4, 3.95837E-4, 3.96867E-4, 3.9806300000000004E-4, 4.0027400000000005E-4, 4.0093800000000004E-4, 4.04024E-4, 4.0499000000000004E-4, 4.07921E-4, 4.09832E-4, 4.1055000000000003E-4, 4.1163800000000003E-4, 4.1193500000000005E-4, 4.1304300000000004E-4, 4.1392400000000003E-4, 4.1479600000000004E-4, 4.1751500000000003E-4, 4.17766E-4, 4.18351E-4, 4.23953E-4, 4.2411E-4, 4.25422E-4, 4.26707E-4, 4.3048600000000005E-4, 4.34384E-4, 4.3509E-4, 4.35358E-4, 4.3551E-4, 4.3556300000000003E-4, 4.3558400000000004E-4, 4.35638E-4, 4.37807E-4, 4.38348E-4, 4.3888900000000003E-4, 4.3890400000000005E-4, 4.41267E-4, 4.4381000000000005E-4, 4.44166E-4, 4.45453E-4, 4.4601700000000005E-4, 4.4689500000000005E-4, 4.4711500000000004E-4, 4.47196E-4, 4.48415E-4, 4.5050300000000005E-4, 4.51206E-4, 4.5140400000000003E-4, 4.5195300000000006E-4, 4.54467E-4, 4.54915E-4, 4.5524400000000005E-4, 4.56475E-4, 4.5759100000000003E-4, 4.5916800000000003E-4, 4.5941600000000003E-4, 4.5949300000000005E-4, 4.59783E-4, 4.60451E-4, 4.60668E-4, 4.61708E-4, 4.6205400000000005E-4, 4.6216700000000004E-4, 4.6273E-4, 4.63608E-4, 4.64861E-4, 4.6494E-4, 4.6629600000000005E-4, 4.6709700000000003E-4, 4.67874E-4, 4.6838200000000004E-4, 4.6879E-4, 4.69124E-4, 4.69141E-4, 4.69382E-4, 4.7014800000000004E-4, 4.7059500000000003E-4, 4.7296500000000005E-4, 4.73469E-4, 4.7392200000000005E-4, 4.74895E-4, 4.75359E-4, 4.76172E-4, 4.7735000000000003E-4, 4.7775300000000003E-4, 4.78004E-4, 4.7895800000000003E-4, 4.8003200000000003E-4, 4.8123100000000004E-4, 4.81254E-4, 4.8235600000000003E-4, 4.8317900000000003E-4, 4.8359000000000005E-4, 4.84658E-4, 4.8813000000000003E-4, 4.88729E-4, 4.888690000000001E-4, 4.89666E-4, 4.89677E-4, 4.91285E-4, 4.92255E-4, 4.929310000000001E-4, 4.949970000000001E-4, 4.951080000000001E-4, 4.957060000000001E-4, 4.99383E-4, 5.001620000000001E-4, 5.00779E-4, 5.01132E-4, 5.014500000000001E-4, 5.026540000000001E-4, 5.04724E-4, 5.05538E-4, 5.06117E-4, 5.062070000000001E-4, 5.07126E-4, 5.07387E-4, 5.09894E-4, 5.1019E-4, 5.102150000000001E-4, 5.125640000000001E-4, 5.14681E-4, 5.15204E-4, 5.15799E-4, 5.164130000000001E-4, 5.17482E-4, 5.199730000000001E-4, 5.200410000000001E-4, 5.20218E-4, 5.20258E-4, 5.20867E-4, 5.22454E-4, 5.27056E-4, 5.27344E-4, 5.277950000000001E-4, 5.27894E-4, 5.28534E-4, 5.2879E-4, 5.288550000000001E-4, 5.304740000000001E-4, 5.323890000000001E-4, 5.32412E-4, 5.32489E-4, 5.328830000000001E-4, 5.329250000000001E-4, 5.35068E-4, 5.374E-4, 5.39902E-4, 5.40787E-4, 5.42127E-4, 5.42478E-4, 5.432890000000001E-4, 5.44062E-4, 5.45551E-4, 5.461470000000001E-4, 5.49365E-4, 5.500500000000001E-4, 5.52574E-4, 5.52765E-4, 5.533900000000001E-4, 5.540040000000001E-4, 5.56887E-4, 5.57159E-4, 5.57716E-4, 5.58015E-4, 5.58725E-4, 5.595110000000001E-4, 5.60337E-4, 5.616680000000001E-4, 5.63394E-4, 5.64984E-4, 5.65354E-4, 5.66076E-4, 5.673970000000001E-4, 5.679550000000001E-4, 5.68586E-4, 5.70393E-4, 5.714800000000001E-4, 5.723190000000001E-4, 5.726840000000001E-4, 5.739450000000001E-4, 5.74652E-4, 5.74697E-4, 5.754730000000001E-4, 5.75655E-4, 5.769410000000001E-4, 5.772090000000001E-4, 5.78032E-4, 5.78618E-4, 5.78959E-4, 5.7983E-4, 5.82817E-4, 5.83629E-4, 5.83707E-4, 5.865400000000001E-4, 5.881790000000001E-4, 5.89461E-4, 5.90249E-4, 5.91832E-4, 5.9302E-4, 5.95978E-4, 5.96259E-4, 5.97202E-4, 6.001190000000001E-4, 6.00563E-4, 6.02795E-4, 6.04816E-4, 6.0525E-4, 6.070720000000001E-4, 6.11685E-4, 6.1174E-4, 6.12269E-4, 6.12735E-4, 6.250240000000001E-4, 6.26159E-4, 6.2683E-4, 6.27147E-4, 6.27832E-4, 6.28652E-4, 6.28835E-4, 6.34222E-4, 6.348990000000001E-4, 6.377920000000001E-4, 6.398080000000001E-4, 6.411570000000001E-4, 6.45629E-4, 6.4758E-4, 6.496270000000001E-4, 6.512810000000001E-4, 6.537860000000001E-4, 6.61165E-4, 6.680740000000001E-4, 6.706570000000001E-4, 6.71713E-4, 6.770050000000001E-4, 6.82586E-4, 6.864610000000001E-4, 6.86486E-4, 7.055060000000001E-4, 7.082880000000001E-4, 7.095900000000001E-4, 7.176480000000001E-4, 7.17945E-4, 7.244290000000001E-4, 7.3249E-4, 7.353430000000001E-4, 7.436060000000001E-4, 7.465940000000001E-4, 7.467390000000001E-4, 7.548730000000001E-4, 7.55462E-4, 7.632100000000001E-4, 7.660260000000001E-4, 7.755430000000001E-4, 7.782420000000001E-4, 7.789730000000001E-4, 7.798820000000001E-4, 7.913390000000001E-4, 7.94104E-4, 7.94836E-4, 7.96117E-4, 8.08635E-4, 8.10478E-4, 8.201220000000001E-4, 8.365740000000001E-4, 8.54674E-4, 8.5468E-4, 8.62876E-4, 8.83202E-4, 8.846040000000001E-4, 8.89847E-4, 9.08575E-4, 9.110510000000001E-4, 9.12156E-4, 9.142950000000001E-4, 9.25764E-4, 9.55071E-4, 9.66693E-4, 9.703310000000001E-4, 9.78782E-4, 9.90246E-4, 0.001006443, 0.001011046, 0.001015225, 0.0010369370000000001, 0.0010397190000000001, 0.001050163, 0.00106324, 0.001085138, 0.001089712, 0.001108372, 0.001114578, 0.001123817, 0.0011264950000000001, 0.0011361490000000001, 0.001174656, 0.00117924, 0.001217631, 0.001228322, 0.0012344160000000001, 0.0012506020000000002, 0.00130313, 0.0013047780000000001, 0.001329303, 0.00136327, 0.001365279, 0.001379645, 0.00139235, 0.0014005250000000001, 0.001403406, 0.001405039, 0.001445735, 0.001513688, 0.001526659, 0.0015393960000000002, 0.0015644670000000002, 0.0015828790000000001, 0.0016086100000000001, 0.001628951, 0.0016784, 0.0017048800000000002, 0.0017146680000000001, 0.001719938, 0.0017230210000000001, 0.0017299820000000001, 0.0017342870000000002, 0.0017576570000000001, 0.001828413, 0.0018920050000000002, 0.001958598, 0.002037722, 0.002069542, 0.002104275, 0.0021124, 0.002119036, 0.002126803, 0.002239441, 0.002244779, 0.002275848, 0.0023839250000000003, 0.002393249, 0.002485769, 0.0025547, 0.002586554, 0.0026308620000000003, 0.0026777710000000002, 0.00275229, 0.0027787930000000003, 0.002784555, 0.002898093, 0.003024066, 0.0030513520000000002, 0.003149686, 0.003174253, 0.003199982, 0.0033653280000000003, 0.003382953, 0.0033832190000000002, 0.003394401, 0.003437219, 0.0034378810000000003, 0.0034712640000000004, 0.003475886, 0.003478381, 0.003482335, 0.0035593, 0.003720376, 0.003785291, 0.0037887180000000004, 0.0037958830000000003, 0.0038405930000000002, 0.003933465000000001, 0.003963196, 0.004027842, 0.004097553, 0.004205976, 0.004206544, 0.004237530000000001, 0.004302094, 0.00440311, 0.0044763170000000005, 0.004760647000000001, 0.004890566000000001, 0.004894626, 0.004925223, 0.004946573, 0.0051527380000000005, 0.005161672, 0.005241315000000001, 0.005428602, 0.005432634, 0.0054368080000000004, 0.005455561, 0.005495764, 0.005595565, 0.005987438, 0.006098918, 0.0063414330000000005, 0.006523103000000001, 0.006605805, 0.006759556000000001, 0.00677744, 0.006948613, 0.006952639, 0.007552433000000001, 0.007720294000000001, 0.007798236, 0.008071305, 0.00849748, 0.008651908, 0.008858002, 0.008977886000000001, 0.009148184, 0.009357745, 0.009872235, 0.010568826, 0.010735336, 0.010955646000000001, 0.011255533, 0.013218199000000002, 0.013560027, 0.015231955, 0.016158509, 0.016444963, 0.019169121, 0.019662836, 0.019745568, 0.020619129, 0.021270698, 0.024545671, 0.024672433, 0.025797745, 0.027767769, 0.031742587, 0.031769296, 0.032440587, 0.051659858, 0.055794505, 0.061911814, 0.064288563, 0.071583095, 0.07631462, 0.077555044, 0.07830247500000001, 0.08592218600000001, 0.088712047, 0.10328089900000001, 0.112823952, 0.12437244600000001, 0.136496916, 0.28816388400000004, 0.582895954 ],
      "stddev" : 0.022804753554123525,
      "m15_rate" : 1099.924241943806,
      "m1_rate" : 284.09119405358354,
      "m5_rate" : 864.7185566215394,
      "mean_rate" : 1029.65454076578,
      "duration_units" : "seconds",
      "rate_units" : "calls/minute"
    },
    "jenkins.health-check.duration" : {
      "count" : 0,
      "max" : 0.0,
      "mean" : 0.0,
      "min" : 0.0,
      "p50" : 0.0,
      "p75" : 0.0,
      "p95" : 0.0,
      "p98" : 0.0,
      "p99" : 0.0,
      "p999" : 0.0,
      "values" : [ ],
      "stddev" : 0.0,
      "m15_rate" : 0.0,
      "m1_rate" : 0.0,
      "m5_rate" : 0.0,
      "mean_rate" : 0.0,
      "duration_units" : "seconds",
      "rate_units" : "calls/minute"
    },
    "jenkins.job.blocked.duration" : {
      "count" : 0,
      "max" : 0.0,
      "mean" : 0.0,
      "min" : 0.0,
      "p50" : 0.0,
      "p75" : 0.0,
      "p95" : 0.0,
      "p98" : 0.0,
      "p99" : 0.0,
      "p999" : 0.0,
      "values" : [ ],
      "stddev" : 0.0,
      "m15_rate" : 0.0,
      "m1_rate" : 0.0,
      "m5_rate" : 0.0,
      "mean_rate" : 0.0,
      "duration_units" : "seconds",
      "rate_units" : "calls/minute"
    },
    "jenkins.job.buildable.duration" : {
      "count" : 2,
      "max" : 0.007990639,
      "mean" : 0.0055562885,
      "min" : 0.0031219380000000003,
      "p50" : 0.0055562885,
      "p75" : 0.007990639,
      "p95" : 0.007990639,
      "p98" : 0.007990639,
      "p99" : 0.007990639,
      "p999" : 0.007990639,
      "values" : [ 0.0031219380000000003, 0.007990639 ],
      "stddev" : 0.0034426914926697257,
      "m15_rate" : 1.9394191330396738E-5,
      "m1_rate" : 6.708588181500181E-56,
      "m5_rate" : 1.9532499417778453E-12,
      "mean_rate" : 0.010754593116290182,
      "duration_units" : "seconds",
      "rate_units" : "calls/minute"
    },
    "jenkins.job.building.duration" : {
      "count" : 4,
      "max" : 34.831,
      "mean" : 34.26039524125,
      "min" : 33.696998427000004,
      "p50" : 34.256791269000004,
      "p75" : 34.8273956345,
      "p95" : 34.831,
      "p98" : 34.831,
      "p99" : 34.831,
      "p999" : 34.831,
      "values" : [ 33.696998427000004, 33.697, 34.816582538, 34.831 ],
      "stddev" : 0.6505803224671578,
      "m15_rate" : 4.032653442423505E-5,
      "m1_rate" : 2.4043604537641885E-55,
      "m5_rate" : 4.389908874319739E-12,
      "mean_rate" : 0.021509185904511025,
      "duration_units" : "seconds",
      "rate_units" : "calls/minute"
    },
    "jenkins.job.queuing.duration" : {
      "count" : 2,
      "max" : 0.012,
      "mean" : 0.0095,
      "min" : 0.007,
      "p50" : 0.0095,
      "p75" : 0.012,
      "p95" : 0.012,
      "p98" : 0.012,
      "p99" : 0.012,
      "p999" : 0.012,
      "values" : [ 0.007, 0.012 ],
      "stddev" : 0.0035355339059327377,
      "m15_rate" : 1.9394191330396738E-5,
      "m1_rate" : 6.708588181500181E-56,
      "m5_rate" : 1.9532499417778453E-12,
      "mean_rate" : 0.01075459275488438,
      "duration_units" : "seconds",
      "rate_units" : "calls/minute"
    },
    "jenkins.job.total.duration" : {
      "count" : 2,
      "max" : 34.843,
      "mean" : 34.273500000000006,
      "min" : 33.704,
      "p50" : 34.273500000000006,
      "p75" : 34.843,
      "p95" : 34.843,
      "p98" : 34.843,
      "p99" : 34.843,
      "p999" : 34.843,
      "values" : [ 33.704, 34.843 ],
      "stddev" : 0.8053946237714776,
      "m15_rate" : 2.0163267212117525E-5,
      "m1_rate" : 1.2021802268820942E-55,
      "m5_rate" : 2.1949544371598694E-12,
      "mean_rate" : 0.010754592640346956,
      "duration_units" : "seconds",
      "rate_units" : "calls/minute"
    },
    "jenkins.job.waiting.duration" : {
      "count" : 2,
      "max" : 0.001155463,
      "mean" : 9.45072E-4,
      "min" : 7.34681E-4,
      "p50" : 9.45072E-4,
      "p75" : 0.001155463,
      "p95" : 0.001155463,
      "p98" : 0.001155463,
      "p99" : 0.001155463,
      "p999" : 0.001155463,
      "values" : [ 7.34681E-4, 0.001155463 ],
      "stddev" : 2.975378056012379E-4,
      "m15_rate" : 1.9394191330396738E-5,
      "m1_rate" : 6.708588181500181E-56,
      "m5_rate" : 1.9532499417778453E-12,
      "mean_rate" : 0.01075459241064755,
      "duration_units" : "seconds",
      "rate_units" : "calls/minute"
    },
    "jenkins.node.builds" : {
      "count" : 2,
      "max" : 34.816338376000004,
      "mean" : 34.256620692000006,
      "min" : 33.696903008,
      "p50" : 34.256620692000006,
      "p75" : 34.816338376000004,
      "p95" : 34.816338376000004,
      "p98" : 34.816338376000004,
      "p99" : 34.816338376000004,
      "p999" : 34.816338376000004,
      "values" : [ 33.696903008, 34.816338376000004 ],
      "stddev" : 0.7915603398128583,
      "m15_rate" : 2.0163267212117525E-5,
      "m1_rate" : 1.2021802268820942E-55,
      "m5_rate" : 2.1949544371598694E-12,
      "mean_rate" : 0.014150964266320497,
      "duration_units" : "seconds",
      "rate_units" : "calls/minute"
    }
  }
}