<?xml version='1.0' encoding='UTF-8'?>
<org.jenkinsci.plugins.workflow.support.storage.SimpleXStreamFlowNodeStorage_-Tag plugin="workflow-support@2.14">
  <node class="org.jenkinsci.plugins.workflow.cps.nodes.StepStartNode" plugin="workflow-cps@2.30">
    <parentIds>
      <string>3</string>
    </parentIds>
    <id>4</id>
    <descriptorId>org.jenkinsci.plugins.workflow.support.steps.ExecutorStep</descriptorId>
  </node>
  <actions>
    <org.jenkinsci.plugins.workflow.support.actions.LogActionImpl>
      <charset>UTF-8</charset>
    </org.jenkinsci.plugins.workflow.support.actions.LogActionImpl>
    <org.jenkinsci.plugins.workflow.actions.TimingAction plugin="workflow-api@2.13">
      <startTime>1493820701813</startTime>
    </org.jenkinsci.plugins.workflow.actions.TimingAction>
    <org.jenkinsci.plugins.workflow.support.actions.WorkspaceActionImpl>
      <node>Jenkins Slave (i-0033251314b7bd21e)</node>
      <path>/home/ec2-user/workspace/ture_docker_jenkins_kitchen-T55FLPI6O7DC5A4TYUGLZM5KH3AU5XLP5H5IJ6KEXIWVEJ5FPOXA</path>
      <labels class="sorted-set">
        <hudson.model.labels.LabelAtom>any</hudson.model.labels.LabelAtom>
        <hudson.model.labels.LabelAtom>docker</hudson.model.labels.LabelAtom>
        <hudson.model.labels.LabelAtom>ec2</hudson.model.labels.LabelAtom>
      </labels>
    </org.jenkinsci.plugins.workflow.support.actions.WorkspaceActionImpl>
  </actions>
</org.jenkinsci.plugins.workflow.support.storage.SimpleXStreamFlowNodeStorage_-Tag>