<?xml version='1.0' encoding='UTF-8'?>
<org.jenkinsci.plugins.workflow.support.storage.SimpleXStreamFlowNodeStorage_-Tag plugin="workflow-support@2.14">
  <node class="org.jenkinsci.plugins.workflow.graph.FlowEndNode" plugin="workflow-api@2.13">
    <parentIds>
      <string>63</string>
    </parentIds>
    <id>64</id>
    <startId>2</startId>
    <result>
      <name>SUCCESS</name>
      <ordinal>0</ordinal>
      <color>BLUE</color>
      <completeBuild>true</completeBuild>
    </result>
  </node>
  <actions>
    <org.jenkinsci.plugins.workflow.actions.TimingAction plugin="workflow-api@2.13">
      <startTime>1493824188409</startTime>
    </org.jenkinsci.plugins.workflow.actions.TimingAction>
  </actions>
</org.jenkinsci.plugins.workflow.support.storage.SimpleXStreamFlowNodeStorage_-Tag>