{
  "version" : "3.0.0",
  "gauges" : {
    "jenkins.executor.count.value" : {
      "value" : 2
    },
    "jenkins.executor.free.value" : {
      "value" : 2
    },
    "jenkins.executor.in-use.value" : {
      "value" : 0
    },
    "jenkins.health-check.count" : {
      "value" : 4
    },
    "jenkins.health-check.inverse-score" : {
      "value" : 0.0
    },
    "jenkins.health-check.score" : {
      "value" : 1.0
    },
    "jenkins.job.averageDepth" : {
      "value" : 2.0
    },
    "jenkins.job.count.value" : {
      "value" : 27
    },
    "jenkins.node.count.value" : {
      "value" : 1
    },
    "jenkins.node.offline.value" : {
      "value" : 0
    },
    "jenkins.node.online.value" : {
      "value" : 1
    },
    "jenkins.plugins.active" : {
      "value" : 95
    },
    "jenkins.plugins.failed" : {
      "value" : 0
    },
    "jenkins.plugins.inactive" : {
      "value" : 0
    },
    "jenkins.plugins.withUpdate" : {
      "value" : 1
    },
    "jenkins.project.count.value" : {
      "value" : 27
    },
    "jenkins.project.disabled.count.value" : {
      "value" : 1
    },
    "jenkins.project.enabled.count.value" : {
      "value" : 26
    },
    "jenkins.queue.blocked.value" : {
      "value" : 0
    },
    "jenkins.queue.buildable.value" : {
      "value" : 0
    },
    "jenkins.queue.pending.value" : {
      "value" : 0
    },
    "jenkins.queue.size.value" : {
      "value" : 0
    },
    "jenkins.queue.stuck.value" : {
      "value" : 0
    },
    "jenkins.versions.core" : {
      "value" : "2.32.2"
    },
    "jenkins.versions.plugin.ace-editor" : {
      "value" : "1.1"
    },
    "jenkins.versions.plugin.analysis-core" : {
      "value" : "1.82"
    },
    "jenkins.versions.plugin.ant" : {
      "value" : "1.4"
    },
    "jenkins.versions.plugin.antisamy-markup-formatter" : {
      "value" : "1.5"
    },
    "jenkins.versions.plugin.authentication-tokens" : {
      "value" : "1.3"
    },
    "jenkins.versions.plugin.bouncycastle-api" : {
      "value" : "2.16.0"
    },
    "jenkins.versions.plugin.branch-api" : {
      "value" : "2.0.6"
    },
    "jenkins.versions.plugin.build-timeout" : {
      "value" : "1.18"
    },
    "jenkins.versions.plugin.checkstyle" : {
      "value" : "3.47"
    },
    "jenkins.versions.plugin.cloudbees-folder" : {
      "value" : "5.17"
    },
    "jenkins.versions.plugin.cloverphp" : {
      "value" : "0.5"
    },
    "jenkins.versions.plugin.crap4j" : {
      "value" : "0.9"
    },
    "jenkins.versions.plugin.credentials" : {
      "value" : "2.1.11"
    },
    "jenkins.versions.plugin.credentials-binding" : {
      "value" : "1.10"
    },
    "jenkins.versions.plugin.disk-usage" : {
      "value" : "0.28"
    },
    "jenkins.versions.plugin.display-url-api" : {
      "value" : "1.1.1"
    },
    "jenkins.versions.plugin.docker-commons" : {
      "value" : "1.6"
    },
    "jenkins.versions.plugin.docker-workflow" : {
      "value" : "1.10"
    },
    "jenkins.versions.plugin.dry" : {
      "value" : "2.46"
    },
    "jenkins.versions.plugin.durable-task" : {
      "value" : "1.13"
    },
    "jenkins.versions.plugin.email-ext" : {
      "value" : "2.56"
    },
    "jenkins.versions.plugin.external-monitor-job" : {
      "value" : "1.7"
    },
    "jenkins.versions.plugin.ghprb" : {
      "value" : "1.35.0"
    },
    "jenkins.versions.plugin.git" : {
      "value" : "3.0.5"
    },
    "jenkins.versions.plugin.git-client" : {
      "value" : "2.2.1"
    },
    "jenkins.versions.plugin.git-server" : {
      "value" : "1.7"
    },
    "jenkins.versions.plugin.github" : {
      "value" : "1.26.0"
    },
    "jenkins.versions.plugin.github-api" : {
      "value" : "1.84"
    },
    "jenkins.versions.plugin.github-branch-source" : {
      "value" : "2.0.3"
    },
    "jenkins.versions.plugin.github-oauth" : {
      "value" : "0.25"
    },
    "jenkins.versions.plugin.github-organization-folder" : {
      "value" : "1.6"
    },
    "jenkins.versions.plugin.github-pr-coverage-status" : {
      "value" : "1.2.0"
    },
    "jenkins.versions.plugin.gradle" : {
      "value" : "1.26"
    },
    "jenkins.versions.plugin.greenballs" : {
      "value" : "1.15"
    },
    "jenkins.versions.plugin.handlebars" : {
      "value" : "1.1.1"
    },
    "jenkins.versions.plugin.htmlpublisher" : {
      "value" : "1.12"
    },
    "jenkins.versions.plugin.icon-shim" : {
      "value" : "2.0.3"
    },
    "jenkins.versions.plugin.jackson2-api" : {
      "value" : "2.7.3"
    },
    "jenkins.versions.plugin.javadoc" : {
      "value" : "1.4"
    },
    "jenkins.versions.plugin.jdepend" : {
      "value" : "1.2.4"
    },
    "jenkins.versions.plugin.jquery-detached" : {
      "value" : "1.2.1"
    },
    "jenkins.versions.plugin.junit" : {
      "value" : "1.20"
    },
    "jenkins.versions.plugin.ldap" : {
      "value" : "1.14"
    },
    "jenkins.versions.plugin.mailer" : {
      "value" : "1.19"
    },
    "jenkins.versions.plugin.mapdb-api" : {
      "value" : "1.0.9.0"
    },
    "jenkins.versions.plugin.matrix-auth" : {
      "value" : "1.4"
    },
    "jenkins.versions.plugin.matrix-project" : {
      "value" : "1.8"
    },
    "jenkins.versions.plugin.maven-plugin" : {
      "value" : "2.14"
    },
    "jenkins.versions.plugin.metrics" : {
      "value" : "3.1.2.9"
    },
    "jenkins.versions.plugin.momentjs" : {
      "value" : "1.1.1"
    },
    "jenkins.versions.plugin.multi-branch-project-plugin" : {
      "value" : "0.5.1"
    },
    "jenkins.versions.plugin.pam-auth" : {
      "value" : "1.3"
    },
    "jenkins.versions.plugin.pipeline-build-step" : {
      "value" : "2.4"
    },
    "jenkins.versions.plugin.pipeline-github-lib" : {
      "value" : "1.0"
    },
    "jenkins.versions.plugin.pipeline-graph-analysis" : {
      "value" : "1.3"
    },
    "jenkins.versions.plugin.pipeline-input-step" : {
      "value" : "2.5"
    },
    "jenkins.versions.plugin.pipeline-milestone-step" : {
      "value" : "1.3"
    },
    "jenkins.versions.plugin.pipeline-model-api" : {
      "value" : "1.0.1"
    },
    "jenkins.versions.plugin.pipeline-model-declarative-agent" : {
      "value" : "1.0.1"
    },
    "jenkins.versions.plugin.pipeline-model-definition" : {
      "value" : "1.0.1"
    },
    "jenkins.versions.plugin.pipeline-rest-api" : {
      "value" : "2.5"
    },
    "jenkins.versions.plugin.pipeline-stage-step" : {
      "value" : "2.2"
    },
    "jenkins.versions.plugin.pipeline-stage-tags-metadata" : {
      "value" : "1.0.1"
    },
    "jenkins.versions.plugin.pipeline-stage-view" : {
      "value" : "2.5"
    },
    "jenkins.versions.plugin.plain-credentials" : {
      "value" : "1.3"
    },
    "jenkins.versions.plugin.plot" : {
      "value" : "1.9"
    },
    "jenkins.versions.plugin.pmd" : {
      "value" : "3.46"
    },
    "jenkins.versions.plugin.resource-disposer" : {
      "value" : "0.6"
    },
    "jenkins.versions.plugin.scm-api" : {
      "value" : "2.0.4"
    },
    "jenkins.versions.plugin.scm-sync-configuration" : {
      "value" : "0.0.10"
    },
    "jenkins.versions.plugin.script-security" : {
      "value" : "1.26"
    },
    "jenkins.versions.plugin.ssh-agent" : {
      "value" : "1.14"
    },
    "jenkins.versions.plugin.ssh-credentials" : {
      "value" : "1.13"
    },
    "jenkins.versions.plugin.ssh-slaves" : {
      "value" : "1.13"
    },
    "jenkins.versions.plugin.structs" : {
      "value" : "1.6"
    },
    "jenkins.versions.plugin.subversion" : {
      "value" : "2.7.1"
    },
    "jenkins.versions.plugin.support-core" : {
      "value" : "2.38"
    },
    "jenkins.versions.plugin.timestamper" : {
      "value" : "1.8.8"
    },
    "jenkins.versions.plugin.token-macro" : {
      "value" : "2.0"
    },
    "jenkins.versions.plugin.violations" : {
      "value" : "0.7.11"
    },
    "jenkins.versions.plugin.warnings" : {
      "value" : "4.59"
    },
    "jenkins.versions.plugin.windows-slaves" : {
      "value" : "1.2"
    },
    "jenkins.versions.plugin.workflow-aggregator" : {
      "value" : "2.5"
    },
    "jenkins.versions.plugin.workflow-api" : {
      "value" : "2.11"
    },
    "jenkins.versions.plugin.workflow-basic-steps" : {
      "value" : "2.4"
    },
    "jenkins.versions.plugin.workflow-cps" : {
      "value" : "2.27"
    },
    "jenkins.versions.plugin.workflow-cps-global-lib" : {
      "value" : "2.6"
    },
    "jenkins.versions.plugin.workflow-durable-task-step" : {
      "value" : "2.9"
    },
    "jenkins.versions.plugin.workflow-job" : {
      "value" : "2.10"
    },
    "jenkins.versions.plugin.workflow-multibranch" : {
      "value" : "2.12"
    },
    "jenkins.versions.plugin.workflow-scm-step" : {
      "value" : "2.3"
    },
    "jenkins.versions.plugin.workflow-step-api" : {
      "value" : "2.9"
    },
    "jenkins.versions.plugin.workflow-support" : {
      "value" : "2.13"
    },
    "jenkins.versions.plugin.ws-cleanup" : {
      "value" : "0.32"
    },
    "jenkins.versions.plugin.xunit" : {
      "value" : "1.102"
    },
    "system.cpu.load" : {
      "value" : 2.08
    },
    "vm.blocked.count" : {
      "value" : 2
    },
    "vm.class.loaded" : {
      "value" : 14813
    },
    "vm.class.unloaded" : {
      "value" : 0
    },
    "vm.count" : {
      "value" : 37
    },
    "vm.cpu.load" : {
      "value" : 0.19327561908596738
    },
    "vm.daemon.count" : {
      "value" : 30
    },
    "vm.deadlock.count" : {
      "value" : 0
    },
    "vm.deadlocks" : {
      "value" : [ ]
    },
    "vm.file.descriptor.ratio" : {
      "value" : 0.00933837890625
    },
    "vm.gc.PS-MarkSweep.count" : {
      "value" : 0
    },
    "vm.gc.PS-MarkSweep.time" : {
      "value" : 0
    },
    "vm.gc.PS-Scavenge.count" : {
      "value" : 10
    },
    "vm.gc.PS-Scavenge.time" : {
      "value" : 1095
    },
    "vm.memory.heap.committed" : {
      "value" : 3102736384
    },
    "vm.memory.heap.init" : {
      "value" : 526934848
    },
    "vm.memory.heap.max" : {
      "value" : 7495745536
    },
    "vm.memory.heap.usage" : {
      "value" : 0.36244196537250223
    },
    "vm.memory.heap.used" : {
      "value" : 2716772744
    },
    "vm.memory.non-heap.committed" : {
      "value" : 97779712
    },
    "vm.memory.non-heap.init" : {
      "value" : 24576000
    },
    "vm.memory.non-heap.max" : {
      "value" : 224395264
    },
    "vm.memory.non-heap.usage" : {
      "value" : 0.4338871608270663
    },
    "vm.memory.non-heap.used" : {
      "value" : 97362224
    },
    "vm.memory.pools.Code-Cache.committed" : {
      "value" : 7077888
    },
    "vm.memory.pools.Code-Cache.init" : {
      "value" : 2555904
    },
    "vm.memory.pools.Code-Cache.max" : {
      "value" : 50331648
    },
    "vm.memory.pools.Code-Cache.usage" : {
      "value" : 0.13756179809570312
    },
    "vm.memory.pools.Code-Cache.used" : {
      "value" : 6923712
    },
    "vm.memory.pools.PS-Eden-Space.committed" : {
      "value" : 2693791744
    },
    "vm.memory.pools.PS-Eden-Space.init" : {
      "value" : 132644864
    },
    "vm.memory.pools.PS-Eden-Space.max" : {
      "value" : 2694840320
    },
    "vm.memory.pools.PS-Eden-Space.usage" : {
      "value" : 0.9777821670710345
    },
    "vm.memory.pools.PS-Eden-Space.used" : {
      "value" : 2634966808
    },
    "vm.memory.pools.PS-Old-Gen.committed" : {
      "value" : 351272960
    },
    "vm.memory.pools.PS-Old-Gen.init" : {
      "value" : 351272960
    },
    "vm.memory.pools.PS-Old-Gen.max" : {
      "value" : 5621415936
    },
    "vm.memory.pools.PS-Old-Gen.usage" : {
      "value" : 0.013946319733776056
    },
    "vm.memory.pools.PS-Old-Gen.used" : {
      "value" : 78398064
    },
    "vm.memory.pools.PS-Perm-Gen.committed" : {
      "value" : 90701824
    },
    "vm.memory.pools.PS-Perm-Gen.init" : {
      "value" : 22020096
    },
    "vm.memory.pools.PS-Perm-Gen.max" : {
      "value" : 174063616
    },
    "vm.memory.pools.PS-Perm-Gen.usage" : {
      "value" : 0.5195725682270096
    },
    "vm.memory.pools.PS-Perm-Gen.used" : {
      "value" : 90438680
    },
    "vm.memory.pools.PS-Survivor-Space.committed" : {
      "value" : 57671680
    },
    "vm.memory.pools.PS-Survivor-Space.init" : {
      "value" : 21495808
    },
    "vm.memory.pools.PS-Survivor-Space.max" : {
      "value" : 57671680
    },
    "vm.memory.pools.PS-Survivor-Space.usage" : {
      "value" : 0.05909090909090909
    },
    "vm.memory.pools.PS-Survivor-Space.used" : {
      "value" : 3407872
    },
    "vm.memory.total.committed" : {
      "value" : 3200516096
    },
    "vm.memory.total.init" : {
      "value" : 551510848
    },
    "vm.memory.total.max" : {
      "value" : 7720140800
    },
    "vm.memory.total.used" : {
      "value" : 2814135136
    },
    "vm.new.count" : {
      "value" : 0
    },
    "vm.runnable.count" : {
      "value" : 11
    },
    "vm.terminated.count" : {
      "value" : 0
    },
    "vm.timed_waiting.count" : {
      "value" : 10
    },
    "vm.uptime.milliseconds" : {
      "value" : 211913
    },
    "vm.waiting.count" : {
      "value" : 14
    }
  },
  "counters" : {
    "http.activeRequests" : {
      "count" : 1
    }
  },
  "histograms" : {
    "jenkins.executor.count.history" : {
      "count" : 9,
      "max" : 2,
      "mean" : 2.0000000000000004,
      "min" : 2,
      "p50" : 2.0,
      "p75" : 2.0,
      "p95" : 2.0,
      "p98" : 2.0,
      "p99" : 2.0,
      "p999" : 2.0,
      "values" : [ 2, 2, 2, 2, 2, 2, 2, 2, 2 ],
      "stddev" : 4.440892098500626E-16
    },
    "jenkins.executor.free.history" : {
      "count" : 9,
      "max" : 2,
      "mean" : 2.0,
      "min" : 2,
      "p50" : 2.0,
      "p75" : 2.0,
      "p95" : 2.0,
      "p98" : 2.0,
      "p99" : 2.0,
      "p999" : 2.0,
      "values" : [ 2, 2, 2, 2, 2, 2, 2, 2, 2 ],
      "stddev" : 0.0
    },
    "jenkins.executor.in-use.history" : {
      "count" : 9,
      "max" : 0,
      "mean" : 0.0,
      "min" : 0,
      "p50" : 0.0,
      "p75" : 0.0,
      "p95" : 0.0,
      "p98" : 0.0,
      "p99" : 0.0,
      "p999" : 0.0,
      "values" : [ 0, 0, 0, 0, 0, 0, 0, 0, 0 ],
      "stddev" : 0.0
    },
    "jenkins.job.count.history" : {
      "count" : 9,
      "max" : 27,
      "mean" : 27.0,
      "min" : 27,
      "p50" : 27.0,
      "p75" : 27.0,
      "p95" : 27.0,
      "p98" : 27.0,
      "p99" : 27.0,
      "p999" : 27.0,
      "values" : [ 27, 27, 27, 27, 27, 27, 27, 27, 27 ],
      "stddev" : 0.0
    },
    "jenkins.node.count.history" : {
      "count" : 9,
      "max" : 1,
      "mean" : 1.0,
      "min" : 1,
      "p50" : 1.0,
      "p75" : 1.0,
      "p95" : 1.0,
      "p98" : 1.0,
      "p99" : 1.0,
      "p999" : 1.0,
      "values" : [ 1, 1, 1, 1, 1, 1, 1, 1, 1 ],
      "stddev" : 0.0
    },
    "jenkins.node.offline.history" : {
      "count" : 9,
      "max" : 0,
      "mean" : 0.0,
      "min" : 0,
      "p50" : 0.0,
      "p75" : 0.0,
      "p95" : 0.0,
      "p98" : 0.0,
      "p99" : 0.0,
      "p999" : 0.0,
      "values" : [ 0, 0, 0, 0, 0, 0, 0, 0, 0 ],
      "stddev" : 0.0
    },
    "jenkins.node.online.history" : {
      "count" : 9,
      "max" : 1,
      "mean" : 1.0,
      "min" : 1,
      "p50" : 1.0,
      "p75" : 1.0,
      "p95" : 1.0,
      "p98" : 1.0,
      "p99" : 1.0,
      "p999" : 1.0,
      "values" : [ 1, 1, 1, 1, 1, 1, 1, 1, 1 ],
      "stddev" : 0.0
    },
    "jenkins.project.count.history" : {
      "count" : 9,
      "max" : 27,
      "mean" : 26.999999999999993,
      "min" : 27,
      "p50" : 27.0,
      "p75" : 27.0,
      "p95" : 27.0,
      "p98" : 27.0,
      "p99" : 27.0,
      "p999" : 27.0,
      "values" : [ 27, 27, 27, 27, 27, 27, 27, 27, 27 ],
      "stddev" : 7.105427357601002E-15
    },
    "jenkins.project.disabled.count.history" : {
      "count" : 9,
      "max" : 1,
      "mean" : 0.9999999999999999,
      "min" : 1,
      "p50" : 1.0,
      "p75" : 1.0,
      "p95" : 1.0,
      "p98" : 1.0,
      "p99" : 1.0,
      "p999" : 1.0,
      "values" : [ 1, 1, 1, 1, 1, 1, 1, 1, 1 ],
      "stddev" : 1.1102230246251564E-16
    },
    "jenkins.project.enabled.count.history" : {
      "count" : 9,
      "max" : 26,
      "mean" : 26.0,
      "min" : 26,
      "p50" : 26.0,
      "p75" : 26.0,
      "p95" : 26.0,
      "p98" : 26.0,
      "p99" : 26.0,
      "p999" : 26.0,
      "values" : [ 26, 26, 26, 26, 26, 26, 26, 26, 26 ],
      "stddev" : 0.0
    },
    "jenkins.queue.blocked.history" : {
      "count" : 9,
      "max" : 0,
      "mean" : 0.0,
      "min" : 0,
      "p50" : 0.0,
      "p75" : 0.0,
      "p95" : 0.0,
      "p98" : 0.0,
      "p99" : 0.0,
      "p999" : 0.0,
      "values" : [ 0, 0, 0, 0, 0, 0, 0, 0, 0 ],
      "stddev" : 0.0
    },
    "jenkins.queue.buildable.history" : {
      "count" : 9,
      "max" : 0,
      "mean" : 0.0,
      "min" : 0,
      "p50" : 0.0,
      "p75" : 0.0,
      "p95" : 0.0,
      "p98" : 0.0,
      "p99" : 0.0,
      "p999" : 0.0,
      "values" : [ 0, 0, 0, 0, 0, 0, 0, 0, 0 ],
      "stddev" : 0.0
    },
    "jenkins.queue.pending.history" : {
      "count" : 9,
      "max" : 0,
      "mean" : 0.0,
      "min" : 0,
      "p50" : 0.0,
      "p75" : 0.0,
      "p95" : 0.0,
      "p98" : 0.0,
      "p99" : 0.0,
      "p999" : 0.0,
      "values" : [ 0, 0, 0, 0, 0, 0, 0, 0, 0 ],
      "stddev" : 0.0
    },
    "jenkins.queue.size.history" : {
      "count" : 9,
      "max" : 0,
      "mean" : 0.0,
      "min" : 0,
      "p50" : 0.0,
      "p75" : 0.0,
      "p95" : 0.0,
      "p98" : 0.0,
      "p99" : 0.0,
      "p999" : 0.0,
      "values" : [ 0, 0, 0, 0, 0, 0, 0, 0, 0 ],
      "stddev" : 0.0
    },
    "jenkins.queue.stuck.history" : {
      "count" : 9,
      "max" : 0,
      "mean" : 0.0,
      "min" : 0,
      "p50" : 0.0,
      "p75" : 0.0,
      "p95" : 0.0,
      "p98" : 0.0,
      "p99" : 0.0,
      "p999" : 0.0,
      "values" : [ 0, 0, 0, 0, 0, 0, 0, 0, 0 ],
      "stddev" : 0.0
    },
    "system.cpu.load.x100.history" : {
      "count" : 9,
      "max" : 257,
      "mean" : 190.88415724906,
      "min" : 165,
      "p50" : 184.0,
      "p75" : 200.0,
      "p95" : 255.0,
      "p98" : 257.0,
      "p99" : 257.0,
      "p999" : 257.0,
      "values" : [ 165, 169, 170, 184, 200, 227, 253, 255, 257 ],
      "stddev" : 31.497501680734754
    },
    "system.cpu.load.x100.window.15m" : {
      "count" : 9,
      "max" : 257,
      "mean" : 208.88888888888889,
      "min" : 165,
      "p50" : 200.0,
      "p75" : 254.0,
      "p95" : 257.0,
      "p98" : 257.0,
      "p99" : 257.0,
      "p999" : 257.0,
      "values" : [ 165, 169, 170, 184, 200, 227, 253, 255, 257 ],
      "stddev" : 39.438066777050715
    },
    "system.cpu.load.x100.window.1h" : {
      "count" : 9,
      "max" : 257,
      "mean" : 208.88888888888889,
      "min" : 165,
      "p50" : 200.0,
      "p75" : 254.0,
      "p95" : 257.0,
      "p98" : 257.0,
      "p99" : 257.0,
      "p999" : 257.0,
      "values" : [ 165, 169, 170, 184, 200, 227, 253, 255, 257 ],
      "stddev" : 39.438066777050715
    },
    "system.cpu.load.x100.window.5m" : {
      "count" : 9,
      "max" : 257,
      "mean" : 208.88888888888889,
      "min" : 165,
      "p50" : 200.0,
      "p75" : 254.0,
      "p95" : 257.0,
      "p98" : 257.0,
      "p99" : 257.0,
      "p999" : 257.0,
      "values" : [ 165, 169, 170, 184, 200, 227, 253, 255, 257 ],
      "stddev" : 39.438066777050715
    },
    "vm.cpu.load.x100.history" : {
      "count" : 9,
      "max" : 916,
      "mean" : 47.86237953868979,
      "min" : 5,
      "p50" : 7.0,
      "p75" : 26.0,
      "p95" : 48.0,
      "p98" : 916.0,
      "p99" : 916.0,
      "p999" : 916.0,
      "values" : [ 5, 5, 7, 7, 12, 18, 26, 48, 916 ],
      "stddev" : 173.76356519130292
    },
    "vm.cpu.load.x100.window.15m" : {
      "count" : 9,
      "max" : 916,
      "mean" : 116.0,
      "min" : 5,
      "p50" : 12.0,
      "p75" : 37.0,
      "p95" : 916.0,
      "p98" : 916.0,
      "p99" : 916.0,
      "p999" : 916.0,
      "values" : [ 5, 5, 7, 7, 12, 18, 26, 48, 916 ],
      "stddev" : 300.3223268423445
    },
    "vm.cpu.load.x100.window.1h" : {
      "count" : 9,
      "max" : 916,
      "mean" : 116.0,
      "min" : 5,
      "p50" : 12.0,
      "p75" : 37.0,
      "p95" : 916.0,
      "p98" : 916.0,
      "p99" : 916.0,
      "p999" : 916.0,
      "values" : [ 5, 5, 7, 7, 12, 18, 26, 48, 916 ],
      "stddev" : 300.3223268423445
    },
    "vm.cpu.load.x100.window.5m" : {
      "count" : 9,
      "max" : 916,
      "mean" : 116.0,
      "min" : 5,
      "p50" : 12.0,
      "p75" : 37.0,
      "p95" : 916.0,
      "p98" : 916.0,
      "p99" : 916.0,
      "p999" : 916.0,
      "values" : [ 5, 5, 7, 7, 12, 18, 26, 48, 916 ],
      "stddev" : 300.3223268423445
    },
    "vm.file.descriptor.ratio.x100.history" : {
      "count" : 9,
      "max" : 1,
      "mean" : 1.0000000000000002,
      "min" : 1,
      "p50" : 1.0,
      "p75" : 1.0,
      "p95" : 1.0,
      "p98" : 1.0,
      "p99" : 1.0,
      "p999" : 1.0,
      "values" : [ 1, 1, 1, 1, 1, 1, 1, 1, 1 ],
      "stddev" : 2.220446049250313E-16
    },
    "vm.file.descriptor.ratio.x100.window.15m" : {
      "count" : 9,
      "max" : 1,
      "mean" : 1.0,
      "min" : 1,
      "p50" : 1.0,
      "p75" : 1.0,
      "p95" : 1.0,
      "p98" : 1.0,
      "p99" : 1.0,
      "p999" : 1.0,
      "values" : [ 1, 1, 1, 1, 1, 1, 1, 1, 1 ],
      "stddev" : 0.0
    },
    "vm.file.descriptor.ratio.x100.window.1h" : {
      "count" : 9,
      "max" : 1,
      "mean" : 1.0,
      "min" : 1,
      "p50" : 1.0,
      "p75" : 1.0,
      "p95" : 1.0,
      "p98" : 1.0,
      "p99" : 1.0,
      "p999" : 1.0,
      "values" : [ 1, 1, 1, 1, 1, 1, 1, 1, 1 ],
      "stddev" : 0.0
    },
    "vm.file.descriptor.ratio.x100.window.5m" : {
      "count" : 9,
      "max" : 1,
      "mean" : 1.0,
      "min" : 1,
      "p50" : 1.0,
      "p75" : 1.0,
      "p95" : 1.0,
      "p98" : 1.0,
      "p99" : 1.0,
      "p999" : 1.0,
      "values" : [ 1, 1, 1, 1, 1, 1, 1, 1, 1 ],
      "stddev" : 0.0
    },
    "vm.memory.heap.committed.history" : {
      "count" : 9,
      "max" : 3102736384,
      "mean" : 3.0388456862715845E9,
      "min" : 1437597696,
      "p50" : 3.102736384E9,
      "p75" : 3.102736384E9,
      "p95" : 3.102736384E9,
      "p98" : 3.102736384E9,
      "p99" : 3.102736384E9,
      "p999" : 3.102736384E9,
      "values" : [ 1437597696, 3102736384, 3102736384, 3102736384, 3102736384, 3102736384, 3102736384, 3102736384, 3102736384 ],
      "stddev" : 3.198512956588961E8
    },
    "vm.memory.heap.committed.window.15m" : {
      "count" : 9,
      "max" : 3102736384,
      "mean" : 2.9177209742222223E9,
      "min" : 1437597696,
      "p50" : 3.102736384E9,
      "p75" : 3.102736384E9,
      "p95" : 3.102736384E9,
      "p98" : 3.102736384E9,
      "p99" : 3.102736384E9,
      "p999" : 3.102736384E9,
      "values" : [ 1437597696, 3102736384, 3102736384, 3102736384, 3102736384, 3102736384, 3102736384, 3102736384, 3102736384 ],
      "stddev" : 5.550462293333334E8
    },
    "vm.memory.heap.committed.window.1h" : {
      "count" : 9,
      "max" : 3102736384,
      "mean" : 2.9177209742222223E9,
      "min" : 1437597696,
      "p50" : 3.102736384E9,
      "p75" : 3.102736384E9,
      "p95" : 3.102736384E9,
      "p98" : 3.102736384E9,
      "p99" : 3.102736384E9,
      "p999" : 3.102736384E9,
      "values" : [ 1437597696, 3102736384, 3102736384, 3102736384, 3102736384, 3102736384, 3102736384, 3102736384, 3102736384 ],
      "stddev" : 5.550462293333334E8
    },
    "vm.memory.heap.committed.window.5m" : {
      "count" : 9,
      "max" : 3102736384,
      "mean" : 2.9177209742222223E9,
      "min" : 1437597696,
      "p50" : 3.102736384E9,
      "p75" : 3.102736384E9,
      "p95" : 3.102736384E9,
      "p98" : 3.102736384E9,
      "p99" : 3.102736384E9,
      "p999" : 3.102736384E9,
      "values" : [ 1437597696, 3102736384, 3102736384, 3102736384, 3102736384, 3102736384, 3102736384, 3102736384, 3102736384 ],
      "stddev" : 5.550462293333334E8
    },
    "vm.memory.heap.usage.x100.history" : {
      "count" : 9,
      "max" : 36,
      "mean" : 32.897320608409416,
      "min" : 9,
      "p50" : 33.0,
      "p75" : 36.0,
      "p95" : 36.0,
      "p98" : 36.0,
      "p99" : 36.0,
      "p999" : 36.0,
      "values" : [ 9, 30, 31, 32, 32, 33, 33, 36, 36 ],
      "stddev" : 5.166287275692936
    },
    "vm.memory.heap.usage.x100.window.15m" : {
      "count" : 9,
      "max" : 36,
      "mean" : 30.22222222222222,
      "min" : 9,
      "p50" : 32.0,
      "p75" : 34.5,
      "p95" : 36.0,
      "p98" : 36.0,
      "p99" : 36.0,
      "p999" : 36.0,
      "values" : [ 9, 30, 31, 32, 32, 33, 33, 36, 36 ],
      "stddev" : 8.212456663169945
    },
    "vm.memory.heap.usage.x100.window.1h" : {
      "count" : 9,
      "max" : 36,
      "mean" : 30.22222222222222,
      "min" : 9,
      "p50" : 32.0,
      "p75" : 34.5,
      "p95" : 36.0,
      "p98" : 36.0,
      "p99" : 36.0,
      "p999" : 36.0,
      "values" : [ 9, 30, 31, 32, 32, 33, 33, 36, 36 ],
      "stddev" : 8.212456663169945
    },
    "vm.memory.heap.usage.x100.window.5m" : {
      "count" : 9,
      "max" : 36,
      "mean" : 30.22222222222222,
      "min" : 9,
      "p50" : 32.0,
      "p75" : 34.5,
      "p95" : 36.0,
      "p98" : 36.0,
      "p99" : 36.0,
      "p999" : 36.0,
      "values" : [ 9, 30, 31, 32, 32, 33, 33, 36, 36 ],
      "stddev" : 8.212456663169945
    },
    "vm.memory.heap.used.history" : {
      "count" : 9,
      "max" : 2696157272,
      "mean" : 2.463832982406061E9,
      "min" : 690060440,
      "p50" : 2.466171952E9,
      "p75" : 2.674141744E9,
      "p95" : 2.696157272E9,
      "p98" : 2.696157272E9,
      "p99" : 2.696157272E9,
      "p999" : 2.696157272E9,
      "values" : [ 690060440, 2265390472, 2354747096, 2409388776, 2426315128, 2451537368, 2466171952, 2674141744, 2696157272 ],
      "stddev" : 3.800409519979001E8
    },
    "vm.memory.heap.used.window.15m" : {
      "count" : 9,
      "max" : 2696157272,
      "mean" : 2.270434472E9,
      "min" : 690060440,
      "p50" : 2.426315128E9,
      "p75" : 2.570156848E9,
      "p95" : 2.696157272E9,
      "p98" : 2.696157272E9,
      "p99" : 2.696157272E9,
      "p999" : 2.696157272E9,
      "values" : [ 690060440, 2265390472, 2354747096, 2409388776, 2426315128, 2451537368, 2466171952, 2674141744, 2696157272 ],
      "stddev" : 6.086515939926834E8
    },
    "vm.memory.heap.used.window.1h" : {
      "count" : 9,
      "max" : 2696157272,
      "mean" : 2.270434472E9,
      "min" : 690060440,
      "p50" : 2.426315128E9,
      "p75" : 2.570156848E9,
      "p95" : 2.696157272E9,
      "p98" : 2.696157272E9,
      "p99" : 2.696157272E9,
      "p999" : 2.696157272E9,
      "values" : [ 690060440, 2265390472, 2354747096, 2409388776, 2426315128, 2451537368, 2466171952, 2674141744, 2696157272 ],
      "stddev" : 6.086515939926834E8
    },
    "vm.memory.heap.used.window.5m" : {
      "count" : 9,
      "max" : 2696157272,
      "mean" : 2.270434472E9,
      "min" : 690060440,
      "p50" : 2.426315128E9,
      "p75" : 2.570156848E9,
      "p95" : 2.696157272E9,
      "p98" : 2.696157272E9,
      "p99" : 2.696157272E9,
      "p999" : 2.696157272E9,
      "values" : [ 690060440, 2265390472, 2354747096, 2409388776, 2426315128, 2451537368, 2466171952, 2674141744, 2696157272 ],
      "stddev" : 6.086515939926834E8
    },
    "vm.memory.non-heap.committed.history" : {
      "count" : 9,
      "max" : 97779712,
      "mean" : 9.622981258446936E7,
      "min" : 86835200,
      "p50" : 9.6075776E7,
      "p75" : 9.7779712E7,
      "p95" : 9.7779712E7,
      "p98" : 9.7779712E7,
      "p99" : 9.7779712E7,
      "p999" : 9.7779712E7,
      "values" : [ 86835200, 94044160, 95354880, 95420416, 95944704, 96075776, 96075776, 97779712, 97779712 ],
      "stddev" : 2174459.515374828
    },
    "vm.memory.non-heap.committed.window.15m" : {
      "count" : 9,
      "max" : 97779712,
      "mean" : 9.503448177777778E7,
      "min" : 86835200,
      "p50" : 9.5944704E7,
      "p75" : 9.6927744E7,
      "p95" : 9.7779712E7,
      "p98" : 9.7779712E7,
      "p99" : 9.7779712E7,
      "p999" : 9.7779712E7,
      "values" : [ 86835200, 94044160, 95354880, 95420416, 95944704, 96075776, 96075776, 97779712, 97779712 ],
      "stddev" : 3288811.1243640073
    },
    "vm.memory.non-heap.committed.window.1h" : {
      "count" : 9,
      "max" : 97779712,
      "mean" : 9.503448177777778E7,
      "min" : 86835200,
      "p50" : 9.5944704E7,
      "p75" : 9.6927744E7,
      "p95" : 9.7779712E7,
      "p98" : 9.7779712E7,
      "p99" : 9.7779712E7,
      "p999" : 9.7779712E7,
      "values" : [ 86835200, 94044160, 95354880, 95420416, 95944704, 96075776, 96075776, 97779712, 97779712 ],
      "stddev" : 3288811.1243640073
    },
    "vm.memory.non-heap.committed.window.5m" : {
      "count" : 9,
      "max" : 97779712,
      "mean" : 9.503448177777778E7,
      "min" : 86835200,
      "p50" : 9.5944704E7,
      "p75" : 9.6927744E7,
      "p95" : 9.7779712E7,
      "p98" : 9.7779712E7,
      "p99" : 9.7779712E7,
      "p999" : 9.7779712E7,
      "values" : [ 86835200, 94044160, 95354880, 95420416, 95944704, 96075776, 96075776, 97779712, 97779712 ],
      "stddev" : 3288811.1243640073
    },
    "vm.memory.non-heap.usage.x100.history" : {
      "count" : 9,
      "max" : 43,
      "mean" : 42.62456625249945,
      "min" : 38,
      "p50" : 43.0,
      "p75" : 43.0,
      "p95" : 43.0,
      "p98" : 43.0,
      "p99" : 43.0,
      "p999" : 43.0,
      "values" : [ 38, 42, 42, 42, 43, 43, 43, 43, 43 ],
      "stddev" : 1.0009371391639448
    },
    "vm.memory.non-heap.usage.x100.window.15m" : {
      "count" : 9,
      "max" : 43,
      "mean" : 42.111111111111114,
      "min" : 38,
      "p50" : 43.0,
      "p75" : 43.0,
      "p95" : 43.0,
      "p98" : 43.0,
      "p99" : 43.0,
      "p999" : 43.0,
      "values" : [ 38, 42, 42, 42, 43, 43, 43, 43, 43 ],
      "stddev" : 1.6158932858054424
    },
    "vm.memory.non-heap.usage.x100.window.1h" : {
      "count" : 9,
      "max" : 43,
      "mean" : 42.111111111111114,
      "min" : 38,
      "p50" : 43.0,
      "p75" : 43.0,
      "p95" : 43.0,
      "p98" : 43.0,
      "p99" : 43.0,
      "p999" : 43.0,
      "values" : [ 38, 42, 42, 42, 43, 43, 43, 43, 43 ],
      "stddev" : 1.6158932858054424
    },
    "vm.memory.non-heap.usage.x100.window.5m" : {
      "count" : 9,
      "max" : 43,
      "mean" : 42.111111111111114,
      "min" : 38,
      "p50" : 43.0,
      "p75" : 43.0,
      "p95" : 43.0,
      "p98" : 43.0,
      "p99" : 43.0,
      "p999" : 43.0,
      "values" : [ 38, 42, 42, 42, 43, 43, 43, 43, 43 ],
      "stddev" : 1.6158932858054424
    },
    "vm.memory.non-heap.used.history" : {
      "count" : 9,
      "max" : 97304512,
      "mean" : 9.573217129302987E7,
      "min" : 86355944,
      "p50" : 9.560112E7,
      "p75" : 9.726996E7,
      "p95" : 9.7304512E7,
      "p98" : 9.7304512E7,
      "p99" : 9.7304512E7,
      "p999" : 9.7304512E7,
      "values" : [ 86355944, 93542064, 94810352, 95015552, 95378368, 95553352, 95601120, 97269960, 97304512 ],
      "stddev" : 2172285.3389442787
    },
    "vm.memory.non-heap.used.window.15m" : {
      "count" : 9,
      "max" : 97304512,
      "mean" : 9.453680266666667E7,
      "min" : 86355944,
      "p50" : 9.5378368E7,
      "p75" : 9.643554E7,
      "p95" : 9.7304512E7,
      "p98" : 9.7304512E7,
      "p99" : 9.7304512E7,
      "p999" : 9.7304512E7,
      "values" : [ 86355944, 93542064, 94810352, 95015552, 95378368, 95553352, 95601120, 97269960, 97304512 ],
      "stddev" : 3283000.224772457
    },
    "vm.memory.non-heap.used.window.1h" : {
      "count" : 9,
      "max" : 97304512,
      "mean" : 9.453680266666667E7,
      "min" : 86355944,
      "p50" : 9.5378368E7,
      "p75" : 9.643554E7,
      "p95" : 9.7304512E7,
      "p98" : 9.7304512E7,
      "p99" : 9.7304512E7,
      "p999" : 9.7304512E7,
      "values" : [ 86355944, 93542064, 94810352, 95015552, 95378368, 95553352, 95601120, 97269960, 97304512 ],
      "stddev" : 3283000.224772457
    },
    "vm.memory.non-heap.used.window.5m" : {
      "count" : 9,
      "max" : 97304512,
      "mean" : 9.45374E7,
      "min" : 86361320,
      "p50" : 9.5378368E7,
      "p75" : 9.643554E7,
      "p95" : 9.7304512E7,
      "p98" : 9.7304512E7,
      "p99" : 9.7304512E7,
      "p999" : 9.7304512E7,
      "values" : [ 86361320, 93542064, 94810352, 95015552, 95378368, 95553352, 95601120, 97269960, 97304512 ],
      "stddev" : 3281325.7401653985
    },
    "vm.memory.pools.Code-Cache.committed.history" : {
      "count" : 9,
      "max" : 7077888,
      "mean" : 6607313.695588927,
      "min" : 5570560,
      "p50" : 6422528.0,
      "p75" : 7077888.0,
      "p95" : 7077888.0,
      "p98" : 7077888.0,
      "p99" : 7077888.0,
      "p999" : 7077888.0,
      "values" : [ 5570560, 5963776, 6225920, 6291456, 6291456, 6422528, 6422528, 7077888, 7077888 ],
      "stddev" : 434009.2261155757
    },
    "vm.memory.pools.Code-Cache.committed.window.15m" : {
      "count" : 9,
      "max" : 7077888,
      "mean" : 6371555.555555556,
      "min" : 5570560,
      "p50" : 6291456.0,
      "p75" : 6750208.0,
      "p95" : 7077888.0,
      "p98" : 7077888.0,
      "p99" : 7077888.0,
      "p999" : 7077888.0,
      "values" : [ 5570560, 5963776, 6225920, 6291456, 6291456, 6422528, 6422528, 7077888, 7077888 ],
      "stddev" : 480224.82533265377
    },
    "vm.memory.pools.Code-Cache.committed.window.1h" : {
      "count" : 9,
      "max" : 7077888,
      "mean" : 6371555.555555556,
      "min" : 5570560,
      "p50" : 6291456.0,
      "p75" : 6750208.0,
      "p95" : 7077888.0,
      "p98" : 7077888.0,
      "p99" : 7077888.0,
      "p999" : 7077888.0,
      "values" : [ 5570560, 5963776, 6225920, 6291456, 6291456, 6422528, 6422528, 7077888, 7077888 ],
      "stddev" : 480224.82533265377
    },
    "vm.memory.pools.Code-Cache.committed.window.5m" : {
      "count" : 9,
      "max" : 7077888,
      "mean" : 6371555.555555556,
      "min" : 5570560,
      "p50" : 6291456.0,
      "p75" : 6750208.0,
      "p95" : 7077888.0,
      "p98" : 7077888.0,
      "p99" : 7077888.0,
      "p999" : 7077888.0,
      "values" : [ 5570560, 5963776, 6225920, 6291456, 6291456, 6422528, 6422528, 7077888, 7077888 ],
      "stddev" : 480224.82533265377
    },
    "vm.memory.pools.Code-Cache.usage.x100.history" : {
      "count" : 9,
      "max" : 14,
      "mean" : 13.062777189267672,
      "min" : 11,
      "p50" : 13.0,
      "p75" : 14.0,
      "p95" : 14.0,
      "p98" : 14.0,
      "p99" : 14.0,
      "p999" : 14.0,
      "values" : [ 11, 12, 12, 12, 12, 13, 13, 14, 14 ],
      "stddev" : 0.9192242814501125
    },
    "vm.memory.pools.Code-Cache.usage.x100.window.15m" : {
      "count" : 9,
      "max" : 14,
      "mean" : 12.555555555555555,
      "min" : 11,
      "p50" : 12.0,
      "p75" : 13.5,
      "p95" : 14.0,
      "p98" : 14.0,
      "p99" : 14.0,
      "p999" : 14.0,
      "values" : [ 11, 12, 12, 12, 12, 13, 13, 14, 14 ],
      "stddev" : 1.0137937550497031
    },
    "vm.memory.pools.Code-Cache.usage.x100.window.1h" : {
      "count" : 9,
      "max" : 14,
      "mean" : 12.555555555555555,
      "min" : 11,
      "p50" : 12.0,
      "p75" : 13.5,
      "p95" : 14.0,
      "p98" : 14.0,
      "p99" : 14.0,
      "p999" : 14.0,
      "values" : [ 11, 12, 12, 12, 12, 13, 13, 14, 14 ],
      "stddev" : 1.0137937550497031
    },
    "vm.memory.pools.Code-Cache.usage.x100.window.5m" : {
      "count" : 9,
      "max" : 14,
      "mean" : 12.555555555555555,
      "min" : 11,
      "p50" : 12.0,
      "p75" : 13.5,
      "p95" : 14.0,
      "p98" : 14.0,
      "p99" : 14.0,
      "p999" : 14.0,
      "values" : [ 11, 12, 12, 12, 12, 13, 13, 14, 14 ],
      "stddev" : 1.0137937550497031
    },
    "vm.memory.pools.Code-Cache.used.history" : {
      "count" : 9,
      "max" : 6955392,
      "mean" : 6465568.279164835,
      "min" : 5366528,
      "p50" : 6322944.0,
      "p75" : 6890368.0,
      "p95" : 6955392.0,
      "p98" : 6955392.0,
      "p99" : 6955392.0,
      "p999" : 6955392.0,
      "values" : [ 5366528, 5843200, 6081600, 6110144, 6184128, 6298368, 6322944, 6890368, 6955392 ],
      "stddev" : 428367.9224761602
    },
    "vm.memory.pools.Code-Cache.used.window.15m" : {
      "count" : 9,
      "max" : 6955392,
      "mean" : 6228074.666666667,
      "min" : 5366528,
      "p50" : 6184128.0,
      "p75" : 6606656.0,
      "p95" : 6955392.0,
      "p98" : 6955392.0,
      "p99" : 6955392.0,
      "p999" : 6955392.0,
      "values" : [ 5366528, 5843200, 6081600, 6110144, 6184128, 6298368, 6322944, 6890368, 6955392 ],
      "stddev" : 488524.4688569857
    },
    "vm.memory.pools.Code-Cache.used.window.1h" : {
      "count" : 9,
      "max" : 6955392,
      "mean" : 6228074.666666667,
      "min" : 5366528,
      "p50" : 6184128.0,
      "p75" : 6606656.0,
      "p95" : 6955392.0,
      "p98" : 6955392.0,
      "p99" : 6955392.0,
      "p999" : 6955392.0,
      "values" : [ 5366528, 5843200, 6081600, 6110144, 6184128, 6298368, 6322944, 6890368, 6955392 ],
      "stddev" : 488524.4688569857
    },
    "vm.memory.pools.Code-Cache.used.window.5m" : {
      "count" : 9,
      "max" : 6955392,
      "mean" : 6228074.666666667,
      "min" : 5366528,
      "p50" : 6184128.0,
      "p75" : 6606656.0,
      "p95" : 6955392.0,
      "p98" : 6955392.0,
      "p99" : 6955392.0,
      "p999" : 6955392.0,
      "values" : [ 5366528, 5843200, 6081600, 6110144, 6184128, 6298368, 6322944, 6890368, 6955392 ],
      "stddev" : 488524.4688569857
    },
    "vm.memory.pools.PS-Eden-Space.committed.history" : {
      "count" : 9,
      "max" : 2693791744,
      "mean" : 2.6309068821930017E9,
      "min" : 1054867456,
      "p50" : 2.693791744E9,
      "p75" : 2.693791744E9,
      "p95" : 2.693791744E9,
      "p98" : 2.693791744E9,
      "p99" : 2.693791744E9,
      "p999" : 2.693791744E9,
      "values" : [ 1054867456, 2693791744, 2693791744, 2693791744, 2693791744, 2693791744, 2693791744, 2693791744, 2693791744 ],
      "stddev" : 3.1481585334688574E8
    },
    "vm.memory.pools.PS-Eden-Space.committed.window.15m" : {
      "count" : 9,
      "max" : 2693791744,
      "mean" : 2.5116890453333335E9,
      "min" : 1054867456,
      "p50" : 2.693791744E9,
      "p75" : 2.693791744E9,
      "p95" : 2.693791744E9,
      "p98" : 2.693791744E9,
      "p99" : 2.693791744E9,
      "p999" : 2.693791744E9,
      "values" : [ 1054867456, 2693791744, 2693791744, 2693791744, 2693791744, 2693791744, 2693791744, 2693791744, 2693791744 ],
      "stddev" : 5.46308096E8
    },
    "vm.memory.pools.PS-Eden-Space.committed.window.1h" : {
      "count" : 9,
      "max" : 2693791744,
      "mean" : 2.5116890453333335E9,
      "min" : 1054867456,
      "p50" : 2.693791744E9,
      "p75" : 2.693791744E9,
      "p95" : 2.693791744E9,
      "p98" : 2.693791744E9,
      "p99" : 2.693791744E9,
      "p999" : 2.693791744E9,
      "values" : [ 1054867456, 2693791744, 2693791744, 2693791744, 2693791744, 2693791744, 2693791744, 2693791744, 2693791744 ],
      "stddev" : 5.46308096E8
    },
    "vm.memory.pools.PS-Eden-Space.committed.window.5m" : {
      "count" : 9,
      "max" : 2693791744,
      "mean" : 2.5116890453333335E9,
      "min" : 1054867456,
      "p50" : 2.693791744E9,
      "p75" : 2.693791744E9,
      "p95" : 2.693791744E9,
      "p98" : 2.693791744E9,
      "p99" : 2.693791744E9,
      "p999" : 2.693791744E9,
      "values" : [ 1054867456, 2693791744, 2693791744, 2693791744, 2693791744, 2693791744, 2693791744, 2693791744, 2693791744 ],
      "stddev" : 5.46308096E8
    },
    "vm.memory.pools.PS-Eden-Space.usage.x100.history" : {
      "count" : 9,
      "max" : 97,
      "mean" : 88.25575573450368,
      "min" : 23,
      "p50" : 88.0,
      "p75" : 96.0,
      "p95" : 97.0,
      "p98" : 97.0,
      "p99" : 97.0,
      "p999" : 97.0,
      "values" : [ 23, 81, 84, 86, 87, 88, 88, 96, 97 ],
      "stddev" : 14.015127823234698
    },
    "vm.memory.pools.PS-Eden-Space.usage.x100.window.15m" : {
      "count" : 9,
      "max" : 97,
      "mean" : 81.11111111111111,
      "min" : 23,
      "p50" : 87.0,
      "p75" : 92.0,
      "p95" : 97.0,
      "p98" : 97.0,
      "p99" : 97.0,
      "p999" : 97.0,
      "values" : [ 23, 81, 84, 86, 87, 88, 88, 96, 97 ],
      "stddev" : 22.396676340723218
    },
    "vm.memory.pools.PS-Eden-Space.usage.x100.window.1h" : {
      "count" : 9,
      "max" : 97,
      "mean" : 81.11111111111111,
      "min" : 23,
      "p50" : 87.0,
      "p75" : 92.0,
      "p95" : 97.0,
      "p98" : 97.0,
      "p99" : 97.0,
      "p999" : 97.0,
      "values" : [ 23, 81, 84, 86, 87, 88, 88, 96, 97 ],
      "stddev" : 22.396676340723218
    },
    "vm.memory.pools.PS-Eden-Space.usage.x100.window.5m" : {
      "count" : 9,
      "max" : 97,
      "mean" : 81.11111111111111,
      "min" : 23,
      "p50" : 87.0,
      "p75" : 92.0,
      "p95" : 97.0,
      "p98" : 97.0,
      "p99" : 97.0,
      "p999" : 97.0,
      "values" : [ 23, 81, 84, 86, 87, 88, 88, 96, 97 ],
      "stddev" : 22.396676340723218
    },
    "vm.memory.pools.PS-Eden-Space.used.history" : {
      "count" : 9,
      "max" : 2614351336,
      "mean" : 2.3832652617963066E9,
      "min" : 640525248,
      "p50" : 2.384366016E9,
      "p75" : 2.592335808E9,
      "p95" : 2.614351336E9,
      "p98" : 2.614351336E9,
      "p99" : 2.614351336E9,
      "p999" : 2.614351336E9,
      "values" : [ 640525248, 2183584536, 2272941160, 2327582840, 2344509192, 2369731432, 2384366016, 2592335808, 2614351336 ],
      "stddev" : 3.742685202209616E8
    },
    "vm.memory.pools.PS-Eden-Space.used.window.15m" : {
      "count" : 9,
      "max" : 2614351336,
      "mean" : 2.1922141742222223E9,
      "min" : 640525248,
      "p50" : 2.344509192E9,
      "p75" : 2.488350912E9,
      "p95" : 2.614351336E9,
      "p98" : 2.614351336E9,
      "p99" : 2.614351336E9,
      "p999" : 2.614351336E9,
      "values" : [ 640525248, 2183584536, 2272941160, 2327582840, 2344509192, 2369731432, 2384366016, 2592335808, 2614351336 ],
      "stddev" : 5.981826749666446E8
    },
    "vm.memory.pools.PS-Eden-Space.used.window.1h" : {
      "count" : 9,
      "max" : 2614351336,
      "mean" : 2.1922141742222223E9,
      "min" : 640525248,
      "p50" : 2.344509192E9,
      "p75" : 2.488350912E9,
      "p95" : 2.614351336E9,
      "p98" : 2.614351336E9,
      "p99" : 2.614351336E9,
      "p999" : 2.614351336E9,
      "values" : [ 640525248, 2183584536, 2272941160, 2327582840, 2344509192, 2369731432, 2384366016, 2592335808, 2614351336 ],
      "stddev" : 5.981826749666446E8
    },
    "vm.memory.pools.PS-Eden-Space.used.window.5m" : {
      "count" : 9,
      "max" : 2614351336,
      "mean" : 2.1922141742222223E9,
      "min" : 640525248,
      "p50" : 2.344509192E9,
      "p75" : 2.488350912E9,
      "p95" : 2.614351336E9,
      "p98" : 2.614351336E9,
      "p99" : 2.614351336E9,
      "p999" : 2.614351336E9,
      "values" : [ 640525248, 2183584536, 2272941160, 2327582840, 2344509192, 2369731432, 2384366016, 2592335808, 2614351336 ],
      "stddev" : 5.981826749666446E8
    },
    "vm.memory.pools.PS-Old-Gen.committed.history" : {
      "count" : 9,
      "max" : 351272960,
      "mean" : 3.5127296E8,
      "min" : 351272960,
      "p50" : 3.5127296E8,
      "p75" : 3.5127296E8,
      "p95" : 3.5127296E8,
      "p98" : 3.5127296E8,
      "p99" : 3.5127296E8,
      "p999" : 3.5127296E8,
      "values" : [ 351272960, 351272960, 351272960, 351272960, 351272960, 351272960, 351272960, 351272960, 351272960 ],
      "stddev" : 0.0
    },
    "vm.memory.pools.PS-Old-Gen.committed.window.15m" : {
      "count" : 9,
      "max" : 351272960,
      "mean" : 3.5127296E8,
      "min" : 351272960,
      "p50" : 3.5127296E8,
      "p75" : 3.5127296E8,
      "p95" : 3.5127296E8,
      "p98" : 3.5127296E8,
      "p99" : 3.5127296E8,
      "p999" : 3.5127296E8,
      "values" : [ 351272960, 351272960, 351272960, 351272960, 351272960, 351272960, 351272960, 351272960, 351272960 ],
      "stddev" : 0.0
    },
    "vm.memory.pools.PS-Old-Gen.committed.window.1h" : {
      "count" : 9,
      "max" : 351272960,
      "mean" : 3.5127296E8,
      "min" : 351272960,
      "p50" : 3.5127296E8,
      "p75" : 3.5127296E8,
      "p95" : 3.5127296E8,
      "p98" : 3.5127296E8,
      "p99" : 3.5127296E8,
      "p999" : 3.5127296E8,
      "values" : [ 351272960, 351272960, 351272960, 351272960, 351272960, 351272960, 351272960, 351272960, 351272960 ],
      "stddev" : 0.0
    },
    "vm.memory.pools.PS-Old-Gen.committed.window.5m" : {
      "count" : 9,
      "max" : 351272960,
      "mean" : 3.5127296E8,
      "min" : 351272960,
      "p50" : 3.5127296E8,
      "p75" : 3.5127296E8,
      "p95" : 3.5127296E8,
      "p98" : 3.5127296E8,
      "p99" : 3.5127296E8,
      "p999" : 3.5127296E8,
      "values" : [ 351272960, 351272960, 351272960, 351272960, 351272960, 351272960, 351272960, 351272960, 351272960 ],
      "stddev" : 0.0
    },
    "vm.memory.pools.PS-Old-Gen.usage.x100.history" : {
      "count" : 9,
      "max" : 1,
      "mean" : 0.9616304046090273,
      "min" : 0,
      "p50" : 1.0,
      "p75" : 1.0,
      "p95" : 1.0,
      "p98" : 1.0,
      "p99" : 1.0,
      "p999" : 1.0,
      "values" : [ 0, 1, 1, 1, 1, 1, 1, 1, 1 ],
      "stddev" : 0.1920868801883823
    },
    "vm.memory.pools.PS-Old-Gen.usage.x100.window.15m" : {
      "count" : 9,
      "max" : 1,
      "mean" : 0.8888888888888888,
      "min" : 0,
      "p50" : 1.0,
      "p75" : 1.0,
      "p95" : 1.0,
      "p98" : 1.0,
      "p99" : 1.0,
      "p999" : 1.0,
      "values" : [ 0, 1, 1, 1, 1, 1, 1, 1, 1 ],
      "stddev" : 0.3333333333333334
    },
    "vm.memory.pools.PS-Old-Gen.usage.x100.window.1h" : {
      "count" : 9,
      "max" : 1,
      "mean" : 0.8888888888888888,
      "min" : 0,
      "p50" : 1.0,
      "p75" : 1.0,
      "p95" : 1.0,
      "p98" : 1.0,
      "p99" : 1.0,
      "p999" : 1.0,
      "values" : [ 0, 1, 1, 1, 1, 1, 1, 1, 1 ],
      "stddev" : 0.3333333333333334
    },
    "vm.memory.pools.PS-Old-Gen.usage.x100.window.5m" : {
      "count" : 9,
      "max" : 1,
      "mean" : 0.8888888888888888,
      "min" : 0,
      "p50" : 1.0,
      "p75" : 1.0,
      "p95" : 1.0,
      "p98" : 1.0,
      "p99" : 1.0,
      "p999" : 1.0,
      "values" : [ 0, 1, 1, 1, 1, 1, 1, 1, 1 ],
      "stddev" : 0.3333333333333334
    },
    "vm.memory.pools.PS-Old-Gen.used.history" : {
      "count" : 9,
      "max" : 78398064,
      "mean" : 7.608421102735871E7,
      "min" : 18093728,
      "p50" : 7.8398064E7,
      "p75" : 7.8398064E7,
      "p95" : 7.8398064E7,
      "p98" : 7.8398064E7,
      "p99" : 7.8398064E7,
      "p999" : 7.8398064E7,
      "values" : [ 18093728, 78398064, 78398064, 78398064, 78398064, 78398064, 78398064, 78398064, 78398064 ],
      "stddev" : 1.1583671764071949E7
    },
    "vm.memory.pools.PS-Old-Gen.used.window.15m" : {
      "count" : 9,
      "max" : 78398064,
      "mean" : 7.169758222222222E7,
      "min" : 18093728,
      "p50" : 7.8398064E7,
      "p75" : 7.8398064E7,
      "p95" : 7.8398064E7,
      "p98" : 7.8398064E7,
      "p99" : 7.8398064E7,
      "p999" : 7.8398064E7,
      "values" : [ 18093728, 78398064, 78398064, 78398064, 78398064, 78398064, 78398064, 78398064, 78398064 ],
      "stddev" : 2.0101445333333332E7
    },
    "vm.memory.pools.PS-Old-Gen.used.window.1h" : {
      "count" : 9,
      "max" : 78398064,
      "mean" : 7.169758222222222E7,
      "min" : 18093728,
      "p50" : 7.8398064E7,
      "p75" : 7.8398064E7,
      "p95" : 7.8398064E7,
      "p98" : 7.8398064E7,
      "p99" : 7.8398064E7,
      "p999" : 7.8398064E7,
      "values" : [ 18093728, 78398064, 78398064, 78398064, 78398064, 78398064, 78398064, 78398064, 78398064 ],
      "stddev" : 2.0101445333333332E7
    },
    "vm.memory.pools.PS-Old-Gen.used.window.5m" : {
      "count" : 9,
      "max" : 78398064,
      "mean" : 7.169758222222222E7,
      "min" : 18093728,
      "p50" : 7.8398064E7,
      "p75" : 7.8398064E7,
      "p95" : 7.8398064E7,
      "p98" : 7.8398064E7,
      "p99" : 7.8398064E7,
      "p999" : 7.8398064E7,
      "values" : [ 18093728, 78398064, 78398064, 78398064, 78398064, 78398064, 78398064, 78398064, 78398064 ],
      "stddev" : 2.0101445333333332E7
    },
    "vm.memory.pools.PS-Perm-Gen.committed.history" : {
      "count" : 9,
      "max" : 90701824,
      "mean" : 8.962249888888043E7,
      "min" : 81264640,
      "p50" : 8.9653248E7,
      "p75" : 9.0701824E7,
      "p95" : 9.0701824E7,
      "p98" : 9.0701824E7,
      "p99" : 9.0701824E7,
      "p999" : 9.0701824E7,
      "values" : [ 81264640, 88080384, 89128960, 89128960, 89653248, 89653248, 89653248, 90701824, 90701824 ],
      "stddev" : 1820500.970577771
    },
    "vm.memory.pools.PS-Perm-Gen.committed.window.15m" : {
      "count" : 9,
      "max" : 90701824,
      "mean" : 8.866292622222222E7,
      "min" : 81264640,
      "p50" : 8.9653248E7,
      "p75" : 9.0177536E7,
      "p95" : 9.0701824E7,
      "p98" : 9.0701824E7,
      "p99" : 9.0701824E7,
      "p999" : 9.0701824E7,
      "values" : [ 81264640, 88080384, 89128960, 89128960, 89653248, 89653248, 89653248, 90701824, 90701824 ],
      "stddev" : 2888874.9842657517
    },
    "vm.memory.pools.PS-Perm-Gen.committed.window.1h" : {
      "count" : 9,
      "max" : 90701824,
      "mean" : 8.866292622222222E7,
      "min" : 81264640,
      "p50" : 8.9653248E7,
      "p75" : 9.0177536E7,
      "p95" : 9.0701824E7,
      "p98" : 9.0701824E7,
      "p99" : 9.0701824E7,
      "p999" : 9.0701824E7,
      "values" : [ 81264640, 88080384, 89128960, 89128960, 89653248, 89653248, 89653248, 90701824, 90701824 ],
      "stddev" : 2888874.9842657517
    },
    "vm.memory.pools.PS-Perm-Gen.committed.window.5m" : {
      "count" : 9,
      "max" : 90701824,
      "mean" : 8.866292622222222E7,
      "min" : 81264640,
      "p50" : 8.9653248E7,
      "p75" : 9.0177536E7,
      "p95" : 9.0701824E7,
      "p98" : 9.0701824E7,
      "p99" : 9.0701824E7,
      "p999" : 9.0701824E7,
      "values" : [ 81264640, 88080384, 89128960, 89128960, 89653248, 89653248, 89653248, 90701824, 90701824 ],
      "stddev" : 2888874.9842657517
    },
    "vm.memory.pools.PS-Perm-Gen.usage.x100.history" : {
      "count" : 9,
      "max" : 52,
      "mean" : 51.21594662930967,
      "min" : 47,
      "p50" : 51.0,
      "p75" : 52.0,
      "p95" : 52.0,
      "p98" : 52.0,
      "p99" : 52.0,
      "p999" : 52.0,
      "values" : [ 47, 50, 51, 51, 51, 51, 51, 52, 52 ],
      "stddev" : 1.0162715297878495
    },
    "vm.memory.pools.PS-Perm-Gen.usage.x100.window.15m" : {
      "count" : 9,
      "max" : 52,
      "mean" : 50.666666666666664,
      "min" : 47,
      "p50" : 51.0,
      "p75" : 51.5,
      "p95" : 52.0,
      "p98" : 52.0,
      "p99" : 52.0,
      "p999" : 52.0,
      "values" : [ 47, 50, 51, 51, 51, 51, 51, 52, 52 ],
      "stddev" : 1.5
    },
    "vm.memory.pools.PS-Perm-Gen.usage.x100.window.1h" : {
      "count" : 9,
      "max" : 52,
      "mean" : 50.666666666666664,
      "min" : 47,
      "p50" : 51.0,
      "p75" : 51.5,
      "p95" : 52.0,
      "p98" : 52.0,
      "p99" : 52.0,
      "p999" : 52.0,
      "values" : [ 47, 50, 51, 51, 51, 51, 51, 52, 52 ],
      "stddev" : 1.5
    },
    "vm.memory.pools.PS-Perm-Gen.usage.x100.window.5m" : {
      "count" : 9,
      "max" : 52,
      "mean" : 50.666666666666664,
      "min" : 47,
      "p50" : 51.0,
      "p75" : 51.5,
      "p95" : 52.0,
      "p98" : 52.0,
      "p99" : 52.0,
      "p999" : 52.0,
      "values" : [ 47, 50, 51, 51, 51, 51, 51, 52, 52 ],
      "stddev" : 1.5
    },
    "vm.memory.pools.PS-Perm-Gen.used.history" : {
      "count" : 9,
      "max" : 90379592,
      "mean" : 8.92667389957111E7,
      "min" : 80992960,
      "p50" : 8.9278176E7,
      "p75" : 9.034912E7,
      "p95" : 9.0379592E7,
      "p98" : 9.0379592E7,
      "p99" : 9.0379592E7,
      "p999" : 9.0379592E7,
      "values" : [ 80992960, 87698864, 88728752, 88905408, 89194240, 89254984, 89278176, 90349120, 90379592 ],
      "stddev" : 1810286.0932795997
    },
    "vm.memory.pools.PS-Perm-Gen.used.window.15m" : {
      "count" : 9,
      "max" : 90379592,
      "mean" : 8.830912177777778E7,
      "min" : 80992960,
      "p50" : 8.919424E7,
      "p75" : 8.9813648E7,
      "p95" : 9.0379592E7,
      "p98" : 9.0379592E7,
      "p99" : 9.0379592E7,
      "p999" : 9.0379592E7,
      "values" : [ 80992960, 87698864, 88728752, 88905408, 89194240, 89254984, 89278176, 90349120, 90379592 ],
      "stddev" : 2861290.790017059
    },
    "vm.memory.pools.PS-Perm-Gen.used.window.1h" : {
      "count" : 9,
      "max" : 90379592,
      "mean" : 8.830912177777778E7,
      "min" : 80992960,
      "p50" : 8.919424E7,
      "p75" : 8.9813648E7,
      "p95" : 9.0379592E7,
      "p98" : 9.0379592E7,
      "p99" : 9.0379592E7,
      "p999" : 9.0379592E7,
      "values" : [ 80992960, 87698864, 88728752, 88905408, 89194240, 89254984, 89278176, 90349120, 90379592 ],
      "stddev" : 2861290.790017059
    },
    "vm.memory.pools.PS-Perm-Gen.used.window.5m" : {
      "count" : 9,
      "max" : 90379592,
      "mean" : 8.830912177777778E7,
      "min" : 80992960,
      "p50" : 8.919424E7,
      "p75" : 8.9813648E7,
      "p95" : 9.0379592E7,
      "p98" : 9.0379592E7,
      "p99" : 9.0379592E7,
      "p999" : 9.0379592E7,
      "values" : [ 80992960, 87698864, 88728752, 88905408, 89194240, 89254984, 89278176, 90349120, 90379592 ],
      "stddev" : 2861290.790017059
    },
    "vm.memory.pools.PS-Survivor-Space.committed.history" : {
      "count" : 9,
      "max" : 57671680,
      "mean" : 5.666584407858288E7,
      "min" : 31457280,
      "p50" : 5.767168E7,
      "p75" : 5.767168E7,
      "p95" : 5.767168E7,
      "p98" : 5.767168E7,
      "p99" : 5.767168E7,
      "p999" : 5.767168E7,
      "values" : [ 31457280, 57671680, 57671680, 57671680, 57671680, 57671680, 57671680, 57671680, 57671680 ],
      "stddev" : 5035442.312010328
    },
    "vm.memory.pools.PS-Survivor-Space.committed.window.15m" : {
      "count" : 9,
      "max" : 57671680,
      "mean" : 5.475896888888889E7,
      "min" : 31457280,
      "p50" : 5.767168E7,
      "p75" : 5.767168E7,
      "p95" : 5.767168E7,
      "p98" : 5.767168E7,
      "p99" : 5.767168E7,
      "p999" : 5.767168E7,
      "values" : [ 31457280, 57671680, 57671680, 57671680, 57671680, 57671680, 57671680, 57671680, 57671680 ],
      "stddev" : 8738133.333333334
    },
    "vm.memory.pools.PS-Survivor-Space.committed.window.1h" : {
      "count" : 9,
      "max" : 57671680,
      "mean" : 5.475896888888889E7,
      "min" : 31457280,
      "p50" : 5.767168E7,
      "p75" : 5.767168E7,
      "p95" : 5.767168E7,
      "p98" : 5.767168E7,
      "p99" : 5.767168E7,
      "p999" : 5.767168E7,
      "values" : [ 31457280, 57671680, 57671680, 57671680, 57671680, 57671680, 57671680, 57671680, 57671680 ],
      "stddev" : 8738133.333333334
    },
    "vm.memory.pools.PS-Survivor-Space.committed.window.5m" : {
      "count" : 9,
      "max" : 57671680,
      "mean" : 5.475896888888889E7,
      "min" : 31457280,
      "p50" : 5.767168E7,
      "p75" : 5.767168E7,
      "p95" : 5.767168E7,
      "p98" : 5.767168E7,
      "p99" : 5.767168E7,
      "p999" : 5.767168E7,
      "values" : [ 31457280, 57671680, 57671680, 57671680, 57671680, 57671680, 57671680, 57671680, 57671680 ],
      "stddev" : 8738133.333333334
    },
    "vm.memory.pools.PS-Survivor-Space.usage.x100.history" : {
      "count" : 9,
      "max" : 100,
      "mean" : 9.606741966751452,
      "min" : 6,
      "p50" : 6.0,
      "p75" : 6.0,
      "p95" : 6.0,
      "p98" : 100.0,
      "p99" : 100.0,
      "p999" : 100.0,
      "values" : [ 6, 6, 6, 6, 6, 6, 6, 6, 100 ],
      "stddev" : 18.056166737707933
    },
    "vm.memory.pools.PS-Survivor-Space.usage.x100.window.15m" : {
      "count" : 9,
      "max" : 100,
      "mean" : 16.444444444444443,
      "min" : 6,
      "p50" : 6.0,
      "p75" : 6.0,
      "p95" : 100.0,
      "p98" : 100.0,
      "p99" : 100.0,
      "p999" : 100.0,
      "values" : [ 6, 6, 6, 6, 6, 6, 6, 6, 100 ],
      "stddev" : 31.333333333333332
    },
    "vm.memory.pools.PS-Survivor-Space.usage.x100.window.1h" : {
      "count" : 9,
      "max" : 100,
      "mean" : 16.444444444444443,
      "min" : 6,
      "p50" : 6.0,
      "p75" : 6.0,
      "p95" : 100.0,
      "p98" : 100.0,
      "p99" : 100.0,
      "p999" : 100.0,
      "values" : [ 6, 6, 6, 6, 6, 6, 6, 6, 100 ],
      "stddev" : 31.333333333333332
    },
    "vm.memory.pools.PS-Survivor-Space.usage.x100.window.5m" : {
      "count" : 9,
      "max" : 100,
      "mean" : 16.444444444444443,
      "min" : 6,
      "p50" : 6.0,
      "p75" : 6.0,
      "p95" : 100.0,
      "p98" : 100.0,
      "p99" : 100.0,
      "p999" : 100.0,
      "values" : [ 6, 6, 6, 6, 6, 6, 6, 6, 100 ],
      "stddev" : 31.333333333333332
    },
    "vm.memory.pools.PS-Survivor-Space.used.history" : {
      "count" : 9,
      "max" : 31441464,
      "mean" : 4483509.582395614,
      "min" : 3407872,
      "p50" : 3407872.0,
      "p75" : 3407872.0,
      "p95" : 3407872.0,
      "p98" : 3.1441464E7,
      "p99" : 3.1441464E7,
      "p999" : 3.1441464E7,
      "values" : [ 3407872, 3407872, 3407872, 3407872, 3407872, 3407872, 3407872, 3407872, 31441464 ],
      "stddev" : 5384885.227753992
    },
    "vm.memory.pools.PS-Survivor-Space.used.window.15m" : {
      "count" : 9,
      "max" : 31441464,
      "mean" : 6522715.555555556,
      "min" : 3407872,
      "p50" : 3407872.0,
      "p75" : 3407872.0,
      "p95" : 3.1441464E7,
      "p98" : 3.1441464E7,
      "p99" : 3.1441464E7,
      "p999" : 3.1441464E7,
      "values" : [ 3407872, 3407872, 3407872, 3407872, 3407872, 3407872, 3407872, 3407872, 31441464 ],
      "stddev" : 9344530.666666666
    },
    "vm.memory.pools.PS-Survivor-Space.used.window.1h" : {
      "count" : 9,
      "max" : 31441464,
      "mean" : 6522715.555555556,
      "min" : 3407872,
      "p50" : 3407872.0,
      "p75" : 3407872.0,
      "p95" : 3.1441464E7,
      "p98" : 3.1441464E7,
      "p99" : 3.1441464E7,
      "p999" : 3.1441464E7,
      "values" : [ 3407872, 3407872, 3407872, 3407872, 3407872, 3407872, 3407872, 3407872, 31441464 ],
      "stddev" : 9344530.666666666
    },
    "vm.memory.pools.PS-Survivor-Space.used.window.5m" : {
      "count" : 9,
      "max" : 31441464,
      "mean" : 6522715.555555556,
      "min" : 3407872,
      "p50" : 3407872.0,
      "p75" : 3407872.0,
      "p95" : 3.1441464E7,
      "p98" : 3.1441464E7,
      "p99" : 3.1441464E7,
      "p999" : 3.1441464E7,
      "values" : [ 3407872, 3407872, 3407872, 3407872, 3407872, 3407872, 3407872, 3407872, 31441464 ],
      "stddev" : 9344530.666666666
    },
    "vm.memory.total.committed.history" : {
      "count" : 9,
      "max" : 3200516096,
      "mean" : 3.135075498856054E9,
      "min" : 1524432896,
      "p50" : 3.19881216E9,
      "p75" : 3.200516096E9,
      "p95" : 3.200516096E9,
      "p98" : 3.200516096E9,
      "p99" : 3.200516096E9,
      "p999" : 3.200516096E9,
      "values" : [ 1524432896, 3196780544, 3198091264, 3198156800, 3198681088, 3198812160, 3198812160, 3200516096, 3200516096 ],
      "stddev" : 3.217297566509482E8
    },
    "vm.memory.total.committed.window.15m" : {
      "count" : 9,
      "max" : 3200516096,
      "mean" : 3.012755456E9,
      "min" : 1524432896,
      "p50" : 3.198681088E9,
      "p75" : 3.199664128E9,
      "p95" : 3.200516096E9,
      "p98" : 3.200516096E9,
      "p99" : 3.200516096E9,
      "p999" : 3.200516096E9,
      "values" : [ 1524432896, 3196780544, 3198091264, 3198156800, 3198681088, 3198812160, 3198812160, 3200516096, 3200516096 ],
      "stddev" : 5.581221804419359E8
    },
    "vm.memory.total.committed.window.1h" : {
      "count" : 9,
      "max" : 3200516096,
      "mean" : 3.012755456E9,
      "min" : 1524432896,
      "p50" : 3.198681088E9,
      "p75" : 3.199664128E9,
      "p95" : 3.200516096E9,
      "p98" : 3.200516096E9,
      "p99" : 3.200516096E9,
      "p999" : 3.200516096E9,
      "values" : [ 1524432896, 3196780544, 3198091264, 3198156800, 3198681088, 3198812160, 3198812160, 3200516096, 3200516096 ],
      "stddev" : 5.581221804419359E8
    },
    "vm.memory.total.committed.window.5m" : {
      "count" : 9,
      "max" : 3200516096,
      "mean" : 3.012755456E9,
      "min" : 1524432896,
      "p50" : 3.198681088E9,
      "p75" : 3.199664128E9,
      "p95" : 3.200516096E9,
      "p98" : 3.200516096E9,
      "p99" : 3.200516096E9,
      "p999" : 3.200516096E9,
      "values" : [ 1524432896, 3196780544, 3198091264, 3198156800, 3198681088, 3198812160, 3198812160, 3200516096, 3200516096 ],
      "stddev" : 5.581221804419359E8
    },
    "vm.memory.total.used.history" : {
      "count" : 9,
      "max" : 2793427232,
      "mean" : 2.5595655183682942E9,
      "min" : 776421352,
      "p50" : 2.561773072E9,
      "p75" : 2.771446256E9,
      "p95" : 2.793427232E9,
      "p98" : 2.793427232E9,
      "p99" : 2.793427232E9,
      "p999" : 2.793427232E9,
      "values" : [ 776421352, 2358932536, 2449557448, 2504404328, 2521694128, 2547091688, 2561773072, 2771446256, 2793427232 ],
      "stddev" : 3.821813131422377E8
    },
    "vm.memory.total.used.window.15m" : {
      "count" : 9,
      "max" : 2793427232,
      "mean" : 2.364972256888889E9,
      "min" : 776423624,
      "p50" : 2.521694128E9,
      "p75" : 2.666609664E9,
      "p95" : 2.793427232E9,
      "p98" : 2.793427232E9,
      "p99" : 2.793427232E9,
      "p999" : 2.793427232E9,
      "values" : [ 776423624, 2358932536, 2449557448, 2504404328, 2521694128, 2547091688, 2561773072, 2771446256, 2793427232 ],
      "stddev" : 6.119000903786554E8
    },
    "vm.memory.total.used.window.1h" : {
      "count" : 9,
      "max" : 2793427232,
      "mean" : 2.364972256888889E9,
      "min" : 776423624,
      "p50" : 2.521694128E9,
      "p75" : 2.666609664E9,
      "p95" : 2.793427232E9,
      "p98" : 2.793427232E9,
      "p99" : 2.793427232E9,
      "p999" : 2.793427232E9,
      "values" : [ 776423624, 2358932536, 2449557448, 2504404328, 2521694128, 2547091688, 2561773072, 2771446256, 2793427232 ],
      "stddev" : 6.119000903786554E8
    },
    "vm.memory.total.used.window.5m" : {
      "count" : 9,
      "max" : 2793427232,
      "mean" : 2.364972256888889E9,
      "min" : 776423624,
      "p50" : 2.521694128E9,
      "p75" : 2.666609664E9,
      "p95" : 2.793427232E9,
      "p98" : 2.793427232E9,
      "p99" : 2.793427232E9,
      "p999" : 2.793427232E9,
      "values" : [ 776423624, 2358932536, 2449557448, 2504404328, 2521694128, 2547091688, 2561773072, 2771446256, 2793427232 ],
      "stddev" : 6.119000903786554E8
    }
  },
  "meters" : {
    "http.responseCodes.badRequest" : {
      "count" : 0,
      "m15_rate" : 0.0,
      "m1_rate" : 0.0,
      "m5_rate" : 0.0,
      "mean_rate" : 0.0,
      "units" : "events/minute"
    },
    "http.responseCodes.created" : {
      "count" : 0,
      "m15_rate" : 0.0,
      "m1_rate" : 0.0,
      "m5_rate" : 0.0,
      "mean_rate" : 0.0,
      "units" : "events/minute"
    },
    "http.responseCodes.forbidden" : {
      "count" : 0,
      "m15_rate" : 0.0,
      "m1_rate" : 0.0,
      "m5_rate" : 0.0,
      "mean_rate" : 0.0,
      "units" : "events/minute"
    },
    "http.responseCodes.noContent" : {
      "count" : 0,
      "m15_rate" : 0.0,
      "m1_rate" : 0.0,
      "m5_rate" : 0.0,
      "mean_rate" : 0.0,
      "units" : "events/minute"
    },
    "http.responseCodes.notFound" : {
      "count" : 0,
      "m15_rate" : 0.0,
      "m1_rate" : 0.0,
      "m5_rate" : 0.0,
      "mean_rate" : 0.0,
      "units" : "events/minute"
    },
    "http.responseCodes.notModified" : {
      "count" : 640,
      "m15_rate" : 39.44661054337612,
      "m1_rate" : 274.742891876328,
      "m5_rate" : 104.7225714243627,
      "mean_rate" : 218.22774344290886,
      "units" : "events/minute"
    },
    "http.responseCodes.ok" : {
      "count" : 145,
      "m15_rate" : 8.766885159266634,
      "m1_rate" : 44.36245651383232,
      "m5_rate" : 21.798910186164427,
      "mean_rate" : 49.442217408915106,
      "units" : "events/minute"
    },
    "http.responseCodes.other" : {
      "count" : 0,
      "m15_rate" : 0.0,
      "m1_rate" : 0.0,
      "m5_rate" : 0.0,
      "mean_rate" : 0.0,
      "units" : "events/minute"
    },
    "http.responseCodes.serverError" : {
      "count" : 0,
      "m15_rate" : 0.0,
      "m1_rate" : 0.0,
      "m5_rate" : 0.0,
      "mean_rate" : 0.0,
      "units" : "events/minute"
    },
    "http.responseCodes.serviceUnavailable" : {
      "count" : 10,
      "m15_rate" : 0.5741323393569259,
      "m1_rate" : 1.066052771152892,
      "m5_rate" : 1.2775456325176315,
      "mean_rate" : 3.409803714976432,
      "units" : "events/minute"
    },
    "jenkins.job.scheduled" : {
      "count" : 0,
      "m15_rate" : 0.0,
      "m1_rate" : 0.0,
      "m5_rate" : 0.0,
      "mean_rate" : 0.0,
      "units" : "events/minute"
    },
    "jenkins.runs.aborted" : {
      "count" : 0,
      "m15_rate" : 0.0,
      "m1_rate" : 0.0,
      "m5_rate" : 0.0,
      "mean_rate" : 0.0,
      "units" : "events/minute"
    },
    "jenkins.runs.failure" : {
      "count" : 0,
      "m15_rate" : 0.0,
      "m1_rate" : 0.0,
      "m5_rate" : 0.0,
      "mean_rate" : 0.0,
      "units" : "events/minute"
    },
    "jenkins.runs.not_built" : {
      "count" : 0,
      "m15_rate" : 0.0,
      "m1_rate" : 0.0,
      "m5_rate" : 0.0,
      "mean_rate" : 0.0,
      "units" : "events/minute"
    },
    "jenkins.runs.success" : {
      "count" : 0,
      "m15_rate" : 0.0,
      "m1_rate" : 0.0,
      "m5_rate" : 0.0,
      "mean_rate" : 0.0,
      "units" : "events/minute"
    },
    "jenkins.runs.total" : {
      "count" : 0,
      "m15_rate" : 0.0,
      "m1_rate" : 0.0,
      "m5_rate" : 0.0,
      "mean_rate" : 0.0,
      "units" : "events/minute"
    },
    "jenkins.runs.unstable" : {
      "count" : 0,
      "m15_rate" : 0.0,
      "m1_rate" : 0.0,
      "m5_rate" : 0.0,
      "mean_rate" : 0.0,
      "units" : "events/minute"
    }
  },
  "timers" : {
    "http.requests" : {
      "count" : 795,
      "max" : 4.1241188730000005,
      "mean" : 0.01932643205829471,
      "min" : 0.0038387810000000003,
      "p50" : 0.004044273,
      "p75" : 0.006209844,
      "p95" : 0.013960493000000001,
      "p98" : 0.053210664000000005,
      "p99" : 0.101683457,
      "p999" : 4.1241188730000005,
      "values" : [ 0.0038387810000000003, 0.0038429170000000004, 0.003844427, 0.0038470490000000004, 0.0038540230000000003, 0.0038574950000000003, 0.0038585240000000003, 0.003858928, 0.0038591500000000004, 0.0038592490000000004, 0.00386021, 0.003860324, 0.003865704, 0.003866519, 0.0038667610000000002, 0.003867016, 0.0038684860000000004, 0.0038685510000000005, 0.003869373, 0.003869426, 0.0038695670000000004, 0.003869931, 0.003870174, 0.003870188, 0.0038702420000000003, 0.0038706900000000004, 0.003870744, 0.003871455, 0.0038717850000000004, 0.0038725720000000003, 0.0038728200000000003, 0.003873346, 0.003875358, 0.003875396, 0.0038769670000000003, 0.0038769700000000004, 0.0038773650000000002, 0.0038777290000000003, 0.003877759, 0.0038779220000000002, 0.0038780650000000004, 0.0038782660000000004, 0.0038784110000000004, 0.0038789140000000002, 0.003879181, 0.0038793340000000003, 0.003879373, 0.0038798490000000003, 0.0038802280000000003, 0.003880468, 0.003880506, 0.00388074, 0.0038809800000000005, 0.003881915, 0.003881929, 0.0038825540000000003, 0.0038827370000000003, 0.003884334, 0.0038843510000000003, 0.003885518, 0.003885884, 0.0038866160000000003, 0.003888205, 0.0038882910000000003, 0.0038895640000000003, 0.0038897310000000004, 0.0038900220000000004, 0.003890885, 0.0038912710000000004, 0.0038913700000000003, 0.00389149, 0.0038918990000000003, 0.003891919, 0.0038921430000000003, 0.003892496, 0.003892847, 0.003893431, 0.003893549, 0.0038947850000000004, 0.0038951180000000004, 0.0038952060000000004, 0.0038978830000000004, 0.0038986470000000003, 0.003899192, 0.0038999760000000003, 0.003900221, 0.00390067, 0.0039013060000000002, 0.003902008, 0.003902033, 0.0039024940000000003, 0.0039027920000000004, 0.0039030420000000002, 0.0039030790000000003, 0.0039035370000000003, 0.003903718, 0.0039040230000000004, 0.0039053800000000004, 0.0039054500000000004, 0.003905743, 0.0039067270000000005, 0.003907453, 0.003907581, 0.003909009000000001, 0.003910089, 0.003910093, 0.0039111350000000005, 0.003912647, 0.003912789, 0.003913089000000001, 0.003913304, 0.003913869, 0.003914034, 0.003915737, 0.003916437, 0.003916699, 0.003917167, 0.003917915, 0.003919007, 0.003919121, 0.003919381, 0.003919462, 0.003920662, 0.003920728, 0.003920757, 0.003920812, 0.003921229, 0.003921295, 0.003922485, 0.003922639, 0.003922893, 0.003923202000000001, 0.003923224, 0.003923619000000001, 0.0039238020000000005, 0.003924418, 0.003924452, 0.00392448, 0.003925336000000001, 0.003925339, 0.003926072, 0.0039264370000000005, 0.003926921, 0.0039274620000000005, 0.003927728, 0.0039283550000000006, 0.003928684, 0.003928794, 0.003928852, 0.003929195, 0.0039293, 0.003931347, 0.003933479, 0.003933683, 0.003933900000000001, 0.003934076, 0.0039370310000000006, 0.0039372750000000005, 0.003937338, 0.0039380940000000005, 0.003939258, 0.003939461, 0.003939746, 0.0039403910000000006, 0.003940395, 0.00394142, 0.003941938, 0.0039438680000000005, 0.003945181, 0.003946745000000001, 0.003947054, 0.0039479910000000005, 0.003948755, 0.003949007, 0.003949063, 0.003949642000000001, 0.003949819, 0.003949955000000001, 0.003950236, 0.003950833, 0.003952064, 0.003952406, 0.003953285, 0.003953310000000001, 0.003953669, 0.00395416, 0.003954478, 0.003954873, 0.003955523, 0.003956015, 0.003956091, 0.003956304, 0.0039565780000000005, 0.00395664, 0.0039570970000000006, 0.003957105, 0.003958241, 0.003958608000000001, 0.003959234, 0.0039595690000000005, 0.0039606, 0.0039623, 0.0039633920000000005, 0.0039645750000000006, 0.003965275, 0.0039656380000000005, 0.0039677010000000006, 0.003968547, 0.0039691760000000005, 0.003971737, 0.003972351, 0.003972379, 0.003974213, 0.003974308, 0.003975282, 0.0039753160000000004, 0.003975856, 0.0039761200000000005, 0.003976238, 0.003978199, 0.0039791950000000005, 0.0039792460000000005, 0.003980435, 0.003981293, 0.0039816240000000004, 0.003982013, 0.003982017, 0.0039827790000000005, 0.003983042, 0.003983948, 0.003984004, 0.003984860000000001, 0.003985679000000001, 0.003986367, 0.003987361, 0.003987751, 0.003987883, 0.0039883440000000004, 0.0039885, 0.003989254, 0.003989871, 0.003990354000000001, 0.00399133, 0.003991362, 0.003992935, 0.00399312, 0.003993387, 0.003993930000000001, 0.0039939910000000006, 0.00399428, 0.00399429, 0.0039954840000000005, 0.003995921, 0.003997034, 0.003997479, 0.003997879, 0.003998684000000001, 0.003998946000000001, 0.0039992100000000004, 0.003999599, 0.003999749, 0.003999794, 0.0039998460000000005, 0.004001293, 0.004001431000000001, 0.004002427, 0.004002535000000001, 0.004002603, 0.00400338, 0.004004329, 0.004004527, 0.004004564, 0.004006326, 0.0040070950000000004, 0.004007271000000001, 0.004007422, 0.004007811, 0.004008345, 0.004008778, 0.004009184, 0.0040098220000000006, 0.004010939, 0.004011507, 0.0040128360000000005, 0.0040128590000000006, 0.004013061, 0.004013102, 0.0040134210000000005, 0.0040143060000000005, 0.0040143110000000004, 0.004014705, 0.004015249, 0.004015328, 0.004015674, 0.004018239, 0.004018426, 0.004018582000000001, 0.004019047, 0.004019122, 0.004020737, 0.004020773, 0.004020885, 0.0040219, 0.004022272, 0.004023111, 0.004024056000000001, 0.00402554, 0.004025566, 0.004025977, 0.004027346, 0.004027738, 0.004030563, 0.004031534000000001, 0.00403167, 0.004031977, 0.00403232, 0.004032957, 0.004033685, 0.004034727, 0.004035772, 0.004036683, 0.00403829, 0.0040399960000000006, 0.004041033, 0.004041186, 0.004041866, 0.0040420510000000005, 0.004044169, 0.004044273, 0.004045534, 0.004045998, 0.004047937000000001, 0.004047994, 0.004048154, 0.004048357, 0.004048812000000001, 0.004051039, 0.004052808000000001, 0.004052885, 0.004054111, 0.00405413, 0.0040546210000000004, 0.0040550890000000004, 0.004056878, 0.004057565, 0.0040605020000000006, 0.004065434000000001, 0.004065486, 0.004069899, 0.0040703020000000005, 0.004070845, 0.004071374, 0.004071849000000001, 0.004073449000000001, 0.004074294, 0.0040747940000000005, 0.004075434, 0.004076163, 0.004076195, 0.00407708, 0.004077427000000001, 0.004079047000000001, 0.004080857, 0.004082907, 0.004083115, 0.004088439, 0.004089592, 0.0040917110000000005, 0.004092861000000001, 0.004094669, 0.004094818, 0.004095734, 0.004097759, 0.004097964, 0.004103591, 0.004104447000000001, 0.004106637000000001, 0.004106752, 0.004107864, 0.004109914, 0.004114276, 0.0041142850000000005, 0.004116774, 0.0041186880000000006, 0.004123394, 0.004125199, 0.004127619, 0.0041283710000000005, 0.004130343, 0.004131054, 0.004131977, 0.004135599, 0.004136086000000001, 0.004140995000000001, 0.004141466, 0.004141617, 0.004142011, 0.004142201, 0.004144165, 0.004144297, 0.004147715000000001, 0.00415132, 0.004154293, 0.0041551290000000005, 0.004161174, 0.004163644, 0.00416574, 0.004168258, 0.0041747730000000005, 0.004179388, 0.004185726, 0.004192042, 0.0041927530000000005, 0.0041958, 0.004199067, 0.004201276, 0.0042037770000000006, 0.0042064630000000006, 0.004206481000000001, 0.004207795, 0.00421159, 0.0042139130000000006, 0.004217593, 0.004222031, 0.004222495000000001, 0.0042238580000000005, 0.00422474, 0.004226637, 0.0042281490000000005, 0.0042296470000000004, 0.0042318880000000005, 0.004234744, 0.00424256, 0.004243608, 0.004252003, 0.004267187, 0.00426843, 0.004272159, 0.00427403, 0.00428315, 0.004288353, 0.0043038880000000005, 0.0043067420000000006, 0.004307509, 0.0043133930000000004, 0.004317692000000001, 0.004328724, 0.004337391, 0.004344449, 0.00435654, 0.004360562, 0.004362675, 0.004375582, 0.004394983, 0.0044002730000000006, 0.004402566, 0.004405499, 0.0044174520000000005, 0.0044219360000000004, 0.004428264, 0.004433618, 0.004439383, 0.004447185, 0.004457662, 0.004469242, 0.004486861, 0.004505973, 0.0045078520000000006, 0.004525063, 0.004528224, 0.004540018000000001, 0.0045403050000000006, 0.004636124, 0.004654037000000001, 0.004663316000000001, 0.004705837, 0.004739096, 0.004741769000000001, 0.004746038, 0.004780434, 0.004787614, 0.004790094, 0.004796037, 0.00485031, 0.004872113, 0.004875003, 0.004881426, 0.004886130000000001, 0.004950088, 0.005005615000000001, 0.005029994, 0.005035207000000001, 0.005039995, 0.005082108, 0.005117418, 0.0051306880000000004, 0.005157898, 0.005179048, 0.0052005670000000006, 0.005210913, 0.005232353, 0.005233204, 0.0052783000000000005, 0.005293391000000001, 0.0053020540000000005, 0.005316082000000001, 0.005316089, 0.005328759000000001, 0.0053548630000000005, 0.005355768, 0.005371599, 0.005397631, 0.0054083840000000005, 0.005428896000000001, 0.005464132, 0.005475423, 0.005478714, 0.005528311, 0.005700341, 0.0057708920000000006, 0.005802216000000001, 0.005816358000000001, 0.00585627, 0.005868749, 0.005870987, 0.005894107, 0.005903501, 0.00599075, 0.005995514, 0.006010246, 0.006012237, 0.006036966, 0.006040266000000001, 0.006057749, 0.006095609, 0.0061195120000000006, 0.006126211, 0.0061350020000000005, 0.006146142, 0.006162832, 0.006168695, 0.006178619000000001, 0.006178741000000001, 0.006182066000000001, 0.006188291, 0.006209844, 0.006222287, 0.006237165, 0.0062604390000000005, 0.006266558, 0.006279969000000001, 0.0062832520000000005, 0.006338441, 0.006339565, 0.006360231, 0.0063608070000000004, 0.006362943, 0.0063630380000000005, 0.006367393000000001, 0.006368721000000001, 0.006370803, 0.006374289, 0.006376507, 0.006377505, 0.006386105, 0.00638748, 0.006388083, 0.0063898340000000005, 0.006390443, 0.006390753000000001, 0.006392294000000001, 0.006393963000000001, 0.006394317, 0.006394633, 0.006395002, 0.006395362000000001, 0.006395789000000001, 0.006399592000000001, 0.006400327000000001, 0.006402603000000001, 0.006403272000000001, 0.006404571, 0.006405386000000001, 0.006407071, 0.0064127080000000005, 0.006414362000000001, 0.006415874, 0.006417832, 0.0064224700000000004, 0.006424502, 0.006425482000000001, 0.006431353000000001, 0.0064326620000000004, 0.00643407, 0.006438360000000001, 0.006446085000000001, 0.0064545390000000005, 0.006457679, 0.006458778, 0.006459791, 0.006462896, 0.006464331, 0.006467803, 0.006468501000000001, 0.006472052000000001, 0.0064769630000000005, 0.006477209, 0.006482142000000001, 0.0064827850000000005, 0.006484299000000001, 0.006486342, 0.0064871550000000005, 0.006490915000000001, 0.006490916, 0.006492101, 0.006492530000000001, 0.006493576, 0.006496282000000001, 0.006504572, 0.006504804, 0.006506026000000001, 0.006506631000000001, 0.006508618000000001, 0.006510659, 0.006511475, 0.0065130000000000006, 0.006514633000000001, 0.006525086, 0.006527427000000001, 0.006528197, 0.00653056, 0.006531348, 0.0065317380000000005, 0.00653484, 0.006537225000000001, 0.006537912000000001, 0.006538238, 0.006539691, 0.006540084000000001, 0.006541209, 0.006542132, 0.006542484, 0.006543097, 0.006544698000000001, 0.006545147, 0.00654589, 0.006546472, 0.006553725000000001, 0.006554033000000001, 0.006554619, 0.006571616000000001, 0.0065741260000000004, 0.006574777, 0.006580884, 0.006580888, 0.006594555, 0.006602821, 0.006604276, 0.006606609, 0.006607817, 0.006608228000000001, 0.0066115950000000005, 0.006611909, 0.006618273, 0.006619593, 0.006628777000000001, 0.006633033, 0.006635336, 0.006638062, 0.0066393830000000004, 0.006646391000000001, 0.006649366, 0.006659329, 0.006673298, 0.006684298000000001, 0.0066844090000000005, 0.006688810000000001, 0.006692001, 0.006729995000000001, 0.006730059, 0.006737613000000001, 0.006737676000000001, 0.006740033, 0.006742091, 0.006751503000000001, 0.00686038, 0.006914924, 0.006916511, 0.006925318000000001, 0.0069985030000000005, 0.007040875, 0.0070456730000000006, 0.007123535, 0.007155075, 0.007223177000000001, 0.007228557, 0.007307646, 0.0073395940000000005, 0.00736338, 0.007424997000000001, 0.007494886, 0.00756726, 0.007686516000000001, 0.007843618, 0.007879113, 0.007908545000000001, 0.008006571, 0.008450606000000001, 0.008500814, 0.009076915000000001, 0.009374093, 0.009404810000000001, 0.009476793, 0.00958404, 0.009709855, 0.009757615, 0.009783161, 0.010446296, 0.010581021000000001, 0.010623294, 0.010630716, 0.010819008000000001, 0.011542655, 0.013960493000000001, 0.014780567000000001, 0.014985058, 0.015034743000000001, 0.015279679000000001, 0.015832633000000002, 0.015840478, 0.016020347, 0.01609429, 0.016176916, 0.016569459, 0.017311493, 0.017713367, 0.017830941, 0.018705894, 0.018943994000000002, 0.019046464000000003, 0.019317348, 0.019840497000000002, 0.020079239000000002, 0.020330215000000002, 0.021356793000000002, 0.021911595000000002, 0.022281726, 0.022287119, 0.024837684000000002, 0.02531069, 0.026757370000000003, 0.028185542, 0.028297009, 0.030819938, 0.034629966000000005, 0.034892672, 0.034994693, 0.035588520000000005, 0.036582107, 0.039232636, 0.044149001, 0.046923649000000005, 0.053210664000000005, 0.06099493500000001, 0.06461267500000001, 0.065027377, 0.06572565000000001, 0.066271684, 0.078885746, 0.081792585, 0.082952597, 0.086548152, 0.08857832, 0.0916619, 0.09198213200000001, 0.101683457, 0.11575009100000001, 0.118835909, 0.130832428, 0.144299105, 0.21324798, 0.223057516, 0.224047304, 0.259576079, 0.306093432, 0.403880883, 0.45787461900000004, 0.46832091600000003, 0.636309576, 0.738179751, 1.078358136, 2.774015447, 2.931472905, 3.43459109, 4.1241188730000005 ],
      "stddev" : 0.20660320725604586,
      "m15_rate" : 48.85377099572534,
      "m1_rate" : 321.1088890425887,
      "m5_rate" : 127.99481664362418,
      "mean_rate" : 271.0662021824401,
      "duration_units" : "seconds",
      "rate_units" : "calls/minute"
    },
    "jenkins.health-check.duration" : {
      "count" : 2,
      "max" : 0.002647997,
      "mean" : 0.002574625866998818,
      "min" : 0.002394162,
      "p50" : 0.002647997,
      "p75" : 0.002647997,
      "p95" : 0.002647997,
      "p98" : 0.002647997,
      "p99" : 0.002647997,
      "p999" : 0.002647997,
      "values" : [ 0.002394162, 0.002647997 ],
      "stddev" : 1.1506884194897377E-4,
      "m15_rate" : 0.12515088736501304,
      "m1_rate" : 0.8652106197003503,
      "m5_rate" : 0.3318891883956314,
      "mean_rate" : 0.8623197181237975,
      "duration_units" : "seconds",
      "rate_units" : "calls/minute"
    },
    "jenkins.job.blocked.duration" : {
      "count" : 0,
      "max" : 0.0,
      "mean" : 0.0,
      "min" : 0.0,
      "p50" : 0.0,
      "p75" : 0.0,
      "p95" : 0.0,
      "p98" : 0.0,
      "p99" : 0.0,
      "p999" : 0.0,
      "values" : [ ],
      "stddev" : 0.0,
      "m15_rate" : 0.0,
      "m1_rate" : 0.0,
      "m5_rate" : 0.0,
      "mean_rate" : 0.0,
      "duration_units" : "seconds",
      "rate_units" : "calls/minute"
    },
    "jenkins.job.buildable.duration" : {
      "count" : 0,
      "max" : 0.0,
      "mean" : 0.0,
      "min" : 0.0,
      "p50" : 0.0,
      "p75" : 0.0,
      "p95" : 0.0,
      "p98" : 0.0,
      "p99" : 0.0,
      "p999" : 0.0,
      "values" : [ ],
      "stddev" : 0.0,
      "m15_rate" : 0.0,
      "m1_rate" : 0.0,
      "m5_rate" : 0.0,
      "mean_rate" : 0.0,
      "duration_units" : "seconds",
      "rate_units" : "calls/minute"
    },
    "jenkins.job.building.duration" : {
      "count" : 0,
      "max" : 0.0,
      "mean" : 0.0,
      "min" : 0.0,
      "p50" : 0.0,
      "p75" : 0.0,
      "p95" : 0.0,
      "p98" : 0.0,
      "p99" : 0.0,
      "p999" : 0.0,
      "values" : [ ],
      "stddev" : 0.0,
      "m15_rate" : 0.0,
      "m1_rate" : 0.0,
      "m5_rate" : 0.0,
      "mean_rate" : 0.0,
      "duration_units" : "seconds",
      "rate_units" : "calls/minute"
    },
    "jenkins.job.queuing.duration" : {
      "count" : 0,
      "max" : 0.0,
      "mean" : 0.0,
      "min" : 0.0,
      "p50" : 0.0,
      "p75" : 0.0,
      "p95" : 0.0,
      "p98" : 0.0,
      "p99" : 0.0,
      "p999" : 0.0,
      "values" : [ ],
      "stddev" : 0.0,
      "m15_rate" : 0.0,
      "m1_rate" : 0.0,
      "m5_rate" : 0.0,
      "mean_rate" : 0.0,
      "duration_units" : "seconds",
      "rate_units" : "calls/minute"
    },
    "jenkins.job.total.duration" : {
      "count" : 0,
      "max" : 0.0,
      "mean" : 0.0,
      "min" : 0.0,
      "p50" : 0.0,
      "p75" : 0.0,
      "p95" : 0.0,
      "p98" : 0.0,
      "p99" : 0.0,
      "p999" : 0.0,
      "values" : [ ],
      "stddev" : 0.0,
      "m15_rate" : 0.0,
      "m1_rate" : 0.0,
      "m5_rate" : 0.0,
      "mean_rate" : 0.0,
      "duration_units" : "seconds",
      "rate_units" : "calls/minute"
    },
    "jenkins.job.waiting.duration" : {
      "count" : 0,
      "max" : 0.0,
      "mean" : 0.0,
      "min" : 0.0,
      "p50" : 0.0,
      "p75" : 0.0,
      "p95" : 0.0,
      "p98" : 0.0,
      "p99" : 0.0,
      "p999" : 0.0,
      "values" : [ ],
      "stddev" : 0.0,
      "m15_rate" : 0.0,
      "m1_rate" : 0.0,
      "m5_rate" : 0.0,
      "mean_rate" : 0.0,
      "duration_units" : "seconds",
      "rate_units" : "calls/minute"
    }
  }
}