<?xml version="1.0" encoding="UTF-8"?><InteractionHistory Id="http://issues.hudson-ci.org-136965" Version="1"><InteractionEvent Delta="null" EndDate="2010-09-17 22:16:08.33 CEST" Interest="25.016998" Kind="propagation" Navigation="org.eclipse.mylyn.core.model.edges.containment" OriginId="org.eclipse.mylyn.core.model.interest.propagation" StartDate="2010-09-17 20:11:58.719 CEST" StructureHandle="/tfs/src/test/resources/hudson/plugins" StructureKind="resource" NumEvents="26" CreationCount="39"/><InteractionEvent Delta="null" EndDate="2010-09-17 22:06:25.840 CEST" Interest="3.0" Kind="selection" Navigation="null" OriginId="org.eclipse.jdt.ui.PackageExplorer" StartDate="2010-09-17 22:04:43.233 CEST" StructureHandle="/tfs/src/test/resources/hudson/plugins/tfs/commands/issues-6870-2.txt" StructureKind="resource" NumEvents="3" CreationCount="467"/><InteractionEvent Delta="null" EndDate="2010-09-17 22:05:25.566 CEST" Interest="4.0" Kind="edit" Navigation="null" OriginId="org.eclipse.ui.DefaultTextEditor" StartDate="2010-09-17 22:04:43.238 CEST" StructureHandle="/tfs/src/test/resources/hudson/plugins/tfs/commands/issues-6870-2.txt" StructureKind="resource" NumEvents="4" CreationCount="467"/><InteractionEvent Delta="null" EndDate="2010-09-17 22:04:43.68 CEST" Interest="1.0" Kind="propagation" Navigation="null" OriginId="org.eclipse.mylyn.resources.ui.interest.updater" StartDate="2010-09-17 22:04:43.68 CEST" StructureHandle="/tfs/src/test/resources/hudson/plugins/tfs/commands/issues-6870-2.txt" StructureKind="resource"/><InteractionEvent Delta="null" EndDate="2010-09-17 22:16:12.634 CEST" Interest="294.0" Kind="propagation" Navigation="org.eclipse.mylyn.core.model.edges.containment" OriginId="org.eclipse.mylyn.core.model.interest.propagation" StartDate="2010-09-17 20:12:26.574 CEST" StructureHandle="/tfs/src/main" StructureKind="resource" NumEvents="294" CreationCount="51"/><InteractionEvent Delta="null" EndDate="2010-09-17 22:16:08.640 CEST" Interest="14.0" Kind="selection" Navigation="null" OriginId="org.eclipse.jdt.ui.CompilationUnitEditor" StartDate="2010-09-17 20:12:26.573 CEST" StructureHandle="=tfs/src\/main\/java&amp;lt;hudson.plugins.tfs.commands{DetailedHistoryCommand.java" StructureKind="java" NumEvents="14" CreationCount="8"/><InteractionEvent Delta="null" EndDate="2010-09-17 20:24:18.118 CEST" Interest="1.0" Kind="edit" Navigation="null" OriginId="org.eclipse.jdt.ui.CompilationUnitEditor" StartDate="2010-09-17 20:24:18.118 CEST" StructureHandle="=tfs/src\/main\/java&amp;lt;hudson.plugins.tfs.commands{DetailedHistoryCommand.java" StructureKind="java"/><InteractionEvent Delta="null" EndDate="2010-09-17 22:16:12.633 CEST" Interest="170.35199" Kind="propagation" Navigation="org.eclipse.mylyn.core.model.edges.containment" OriginId="org.eclipse.mylyn.core.model.interest.propagation" StartDate="2010-09-17 20:12:30.71 CEST" StructureHandle="=tfs/src\/main\/java&amp;lt;hudson.plugins.tfs.commands{DetailedHistoryCommand.java" StructureKind="java" NumEvents="244" CreationCount="8"/><InteractionEvent Delta="null" EndDate="2010-09-17 20:12:12.980 CEST" Interest="2.417" Kind="propagation" Navigation="org.eclipse.mylyn.core.model.edges.containment" OriginId="org.eclipse.mylyn.core.model.interest.propagation" StartDate="2010-09-17 20:11:59.954 CEST" StructureHandle="=tfs/src\/test\/resources\/hudson\/plugins\/tfs\/commands" StructureKind="java" NumEvents="4" CreationCount="40"/><InteractionEvent Delta="null" EndDate="2010-09-17 22:15:09.494 CEST" Interest="232.0" Kind="propagation" Navigation="org.eclipse.mylyn.core.model.edges.containment" OriginId="org.eclipse.mylyn.core.model.interest.propagation" StartDate="2010-09-17 20:10:09.334 CEST" StructureHandle="/tfs/src/test/java/hudson" StructureKind="resource" NumEvents="232" CreationCount="1"/><InteractionEvent Delta="null" EndDate="2010-09-17 22:14:19.407 CEST" Interest="21.0" Kind="selection" Navigation="null" OriginId="org.eclipse.jdt.ui.CompilationUnitEditor" StartDate="2010-09-17 20:10:31.183 CEST" StructureHandle="=tfs/src\/test\/java&amp;lt;hudson.plugins.tfs.commands{DetailedHistoryCommandTest.java[DetailedHistoryCommandTest~assertThatSingleChangesetWithoutSeparatorIsParsedProperly" StructureKind="java" NumEvents="21" CreationCount="9"/><InteractionEvent Delta="null" EndDate="2010-09-17 22:14:29.779 CEST" Interest="52.0" Kind="edit" Navigation="null" OriginId="org.eclipse.jdt.ui.CompilationUnitEditor" StartDate="2010-09-17 20:10:32.751 CEST" StructureHandle="=tfs/src\/test\/java&amp;lt;hudson.plugins.tfs.commands{DetailedHistoryCommandTest.java[DetailedHistoryCommandTest~assertThatSingleChangesetWithoutSeparatorIsParsedProperly" StructureKind="java" NumEvents="52" CreationCount="9"/><InteractionEvent Delta="null" EndDate="2010-09-17 20:22:09.834 CEST" Interest="1.0" Kind="selection" Navigation="null" OriginId="org.eclipse.jdt.ui.CompilationUnitEditor" StartDate="2010-09-17 20:22:09.834 CEST" StructureHandle="=tfs/src\/main\/java&amp;lt;hudson.plugins.tfs.commands{DetailedHistoryCommand.java[DetailedHistoryCommand~parseChangeSetString~QString;" StructureKind="java"/><InteractionEvent Delta="null" EndDate="2010-09-17 22:02:49.987 CEST" Interest="4.0" Kind="propagation" Navigation="org.eclipse.mylyn.core.model.edges.containment" OriginId="org.eclipse.mylyn.core.model.interest.propagation" StartDate="2010-09-17 22:00:18.694 CEST" StructureHandle="/tfs/src/main/java/hudson/plugins/tfs/util" StructureKind="resource" NumEvents="4" CreationCount="435"/><InteractionEvent Delta="null" EndDate="2010-09-17 22:16:08.33 CEST" Interest="25.016998" Kind="propagation" Navigation="org.eclipse.mylyn.core.model.edges.containment" OriginId="org.eclipse.mylyn.core.model.interest.propagation" StartDate="2010-09-17 20:11:58.719 CEST" StructureHandle="/tfs/src/test/resources/hudson" StructureKind="resource" NumEvents="26" CreationCount="39"/><InteractionEvent Delta="null" EndDate="2010-09-17 22:16:08.33 CEST" Interest="25.016998" Kind="propagation" Navigation="org.eclipse.mylyn.core.model.edges.containment" OriginId="org.eclipse.mylyn.core.model.interest.propagation" StartDate="2010-09-17 20:11:58.719 CEST" StructureHandle="/tfs/src/test/resources" StructureKind="resource" NumEvents="26" CreationCount="39"/><InteractionEvent Delta="null" EndDate="2010-09-17 22:16:08.33 CEST" Interest="25.017" Kind="propagation" Navigation="null" OriginId="org.eclipse.ui.DefaultTextEditor" StartDate="2010-09-17 20:11:58.719 CEST" StructureHandle="/tfs/src/test/resources/hudson/plugins/tfs/commands" StructureKind="resource" NumEvents="26" CreationCount="39"/><InteractionEvent Delta="null" EndDate="2010-09-17 20:22:44.10 CEST" Interest="3.0" Kind="selection" Navigation="null" OriginId="org.eclipse.jdt.ui.CompilationUnitEditor" StartDate="2010-09-17 20:13:11.280 CEST" StructureHandle="=tfs/src\/main\/java&amp;lt;hudson.plugins.tfs.commands{DetailedHistoryCommand.java[DetailedHistoryCommand" StructureKind="java" NumEvents="3" CreationCount="52"/><InteractionEvent Delta="null" EndDate="2010-09-17 22:16:12.632 CEST" Interest="181.30399" Kind="propagation" Navigation="org.eclipse.mylyn.core.model.edges.containment" OriginId="org.eclipse.mylyn.core.model.interest.propagation" StartDate="2010-09-17 20:12:30.70 CEST" StructureHandle="=tfs/src\/main\/java&amp;lt;hudson.plugins.tfs.commands{DetailedHistoryCommand.java[DetailedHistoryCommand" StructureKind="java" NumEvents="255" CreationCount="52"/><InteractionEvent Delta="null" EndDate="2010-09-17 22:15:09.494 CEST" Interest="232.0" Kind="propagation" Navigation="org.eclipse.mylyn.core.model.edges.containment" OriginId="org.eclipse.mylyn.core.model.interest.propagation" StartDate="2010-09-17 20:10:09.334 CEST" StructureHandle="/tfs/src/test/java/hudson/plugins" StructureKind="resource" NumEvents="232" CreationCount="1"/><InteractionEvent Delta="null" EndDate="2010-09-17 22:02:49.987 CEST" Interest="2.0" Kind="selection" Navigation="null" OriginId="org.eclipse.jdt.ui.CompilationUnitEditor" StartDate="2010-09-17 22:00:19.336 CEST" StructureHandle="=tfs/src\/main\/java&amp;lt;hudson.plugins.tfs.util{DateUtil.java[DateUtil~parseWithFormats~QString;~\[QDateFormat;" StructureKind="java" NumEvents="2" CreationCount="436"/><InteractionEvent Delta="null" EndDate="2010-09-17 20:20:09.707 CEST" Interest="2.0" Kind="selection" Navigation="null" OriginId="org.eclipse.jdt.ui.CompilationUnitEditor" StartDate="2010-09-17 20:12:33.587 CEST" StructureHandle="=tfs/src\/main\/java&amp;lt;hudson.plugins.tfs.commands{DetailedHistoryCommand.java[DetailedHistoryCommand[ChangeSetStringReader" StructureKind="java" NumEvents="2" CreationCount="56"/><InteractionEvent Delta="null" EndDate="2010-09-17 22:16:12.632 CEST" Interest="182.236" Kind="propagation" Navigation="org.eclipse.mylyn.core.model.edges.containment" OriginId="org.eclipse.mylyn.core.model.interest.propagation" StartDate="2010-09-17 20:13:05.963 CEST" StructureHandle="=tfs/src\/main\/java&amp;lt;hudson.plugins.tfs.commands{DetailedHistoryCommand.java[DetailedHistoryCommand[ChangeSetStringReader" StructureKind="java" NumEvents="256" CreationCount="56"/><InteractionEvent Delta="null" EndDate="2010-09-17 20:11:58.719 CEST" Interest="1.0" Kind="selection" Navigation="null" OriginId="org.eclipse.jdt.ui.PackageExplorer" StartDate="2010-09-17 20:11:58.719 CEST" StructureHandle="=tfs/src\/test\/resources&amp;lt;hudson.plugins.tfs.commands" StructureKind="java"/><InteractionEvent Delta="null" EndDate="2010-09-17 22:06:25.840 CEST" Interest="13.076" Kind="propagation" Navigation="org.eclipse.mylyn.core.model.edges.containment" OriginId="org.eclipse.mylyn.core.model.interest.propagation" StartDate="2010-09-17 20:12:11.348 CEST" StructureHandle="=tfs/src\/test\/resources&amp;lt;hudson.plugins.tfs.commands" StructureKind="java" NumEvents="15" CreationCount="39"/><InteractionEvent Delta="null" EndDate="2010-09-17 20:12:09.886 CEST" Interest="4.0" Kind="selection" Navigation="null" OriginId="org.eclipse.jdt.ui.PackageExplorer" StartDate="2010-09-17 20:10:09.334 CEST" StructureHandle="/tfs/src/test/java/hudson/plugins/tfs/commands/issue-6870.txt" StructureKind="resource" NumEvents="4" CreationCount="1"/><InteractionEvent Delta="null" EndDate="2010-09-17 20:11:43.719 CEST" Interest="3.0" Kind="edit" Navigation="null" OriginId="org.eclipse.ui.DefaultTextEditor" StartDate="2010-09-17 20:10:09.344 CEST" StructureHandle="/tfs/src/test/java/hudson/plugins/tfs/commands/issue-6870.txt" StructureKind="resource" NumEvents="3" CreationCount="1"/><InteractionEvent Delta="null" EndDate="2010-09-17 22:02:49.942 CEST" Interest="2.0" Kind="selection" Navigation="null" OriginId="org.eclipse.jdt.ui.CompilationUnitEditor" StartDate="2010-09-17 22:00:18.694 CEST" StructureHandle="=tfs/src\/main\/java&amp;lt;hudson.plugins.tfs.util{DateUtil.java" StructureKind="java" NumEvents="2" CreationCount="435"/><InteractionEvent Delta="null" EndDate="2010-09-17 22:00:19.337 CEST" Interest="0.01700002" Kind="propagation" Navigation="org.eclipse.mylyn.core.model.edges.containment" OriginId="org.eclipse.mylyn.core.model.interest.propagation" StartDate="2010-09-17 22:00:19.337 CEST" StructureHandle="=tfs/src\/main\/java&amp;lt;hudson.plugins.tfs.util{DateUtil.java" StructureKind="java"/><InteractionEvent Delta="null" EndDate="2010-09-17 22:16:12.633 CEST" Interest="293.85" Kind="propagation" Navigation="org.eclipse.mylyn.core.model.edges.containment" OriginId="org.eclipse.mylyn.core.model.interest.propagation" StartDate="2010-09-17 20:10:09.335 CEST" StructureHandle="/" StructureKind="resource" NumEvents="294" CreationCount="1"/><InteractionEvent Delta="null" EndDate="2010-09-17 20:12:37.63 CEST" Interest="2.0" Kind="selection" Navigation="null" OriginId="org.eclipse.jdt.ui.CompilationUnitEditor" StartDate="2010-09-17 20:12:30.70 CEST" StructureHandle="=tfs/src\/main\/java&amp;lt;hudson.plugins.tfs.commands{DetailedHistoryCommand.java[DetailedHistoryCommand~parseChangeSetStringWithRegex~QString;" StructureKind="java" NumEvents="2" CreationCount="52"/><InteractionEvent Delta="null" EndDate="2010-09-17 22:15:09.494 CEST" Interest="232.0" Kind="propagation" Navigation="org.eclipse.mylyn.core.model.edges.containment" OriginId="org.eclipse.mylyn.core.model.interest.propagation" StartDate="2010-09-17 20:10:09.335 CEST" StructureHandle="/tfs/src/test" StructureKind="resource" NumEvents="232" CreationCount="1"/><InteractionEvent Delta="null" EndDate="2010-09-17 22:13:06.34 CEST" Interest="8.0" Kind="selection" Navigation="null" OriginId="org.eclipse.jdt.ui.CompilationUnitEditor" StartDate="2010-09-17 20:46:46.176 CEST" StructureHandle="=tfs/src\/test\/java&amp;lt;hudson.plugins.tfs.commands{DetailedHistoryCommandTest.java[DetailedHistoryCommandTest~assertParsingOfDatesReportedInIssue4184Works" StructureKind="java" NumEvents="8" CreationCount="326"/><InteractionEvent Delta="null" EndDate="2010-09-17 21:58:29.389 CEST" Interest="13.0" Kind="edit" Navigation="null" OriginId="org.eclipse.jdt.ui.CompilationUnitEditor" StartDate="2010-09-17 20:46:48.479 CEST" StructureHandle="=tfs/src\/test\/java&amp;lt;hudson.plugins.tfs.commands{DetailedHistoryCommandTest.java[DetailedHistoryCommandTest~assertParsingOfDatesReportedInIssue4184Works" StructureKind="java" NumEvents="13" CreationCount="326"/><InteractionEvent Delta="null" EndDate="2010-09-17 20:45:49.667 CEST" Interest="2.0" Kind="selection" Navigation="null" OriginId="org.eclipse.jdt.ui.CompilationUnitEditor" StartDate="2010-09-17 20:23:43.154 CEST" StructureHandle="=tfs/src\/test\/java&amp;lt;hudson.plugins.tfs.commands{DetailedHistoryCommandTest.java[DetailedHistoryCommandTest~assertChangesWithEmptyToolOutput" StructureKind="java" NumEvents="2" CreationCount="218"/><InteractionEvent Delta="null" EndDate="2010-09-17 20:24:07.907 CEST" Interest="2.0" Kind="edit" Navigation="null" OriginId="org.eclipse.jdt.ui.CompilationUnitEditor" StartDate="2010-09-17 20:24:07.256 CEST" StructureHandle="=tfs/src\/test\/java&amp;lt;hudson.plugins.tfs.commands{DetailedHistoryCommandTest.java[DetailedHistoryCommandTest~assertChangesWithEmptyToolOutput" StructureKind="java" NumEvents="2" CreationCount="218"/><InteractionEvent Delta="null" EndDate="2010-09-17 22:06:30.954 CEST" Interest="1.0" Kind="propagation" Navigation="null" OriginId="org.eclipse.mylyn.resources.ui.interest.updater" StartDate="2010-09-17 22:06:30.954 CEST" StructureHandle="/tfs/src/test/resources/hudson/plugins/tfs/commands/issue-6870-2.txt" StructureKind="resource"/><InteractionEvent Delta="null" EndDate="2010-09-17 22:16:12.632 CEST" Interest="287.0" Kind="propagation" Navigation="org.eclipse.mylyn.core.model.edges.containment" OriginId="org.eclipse.mylyn.core.model.interest.propagation" StartDate="2010-09-17 20:12:26.573 CEST" StructureHandle="/tfs/src/main/java/hudson/plugins/tfs" StructureKind="resource" NumEvents="287" CreationCount="51"/><InteractionEvent Delta="null" EndDate="2010-09-17 22:16:12.632 CEST" Interest="287.0" Kind="propagation" Navigation="null" OriginId="org.eclipse.jdt.ui.CompilationUnitEditor" StartDate="2010-09-17 20:12:26.573 CEST" StructureHandle="/tfs/src/main/java/hudson/plugins/tfs/commands/DetailedHistoryCommand.java" StructureKind="resource" NumEvents="287" CreationCount="51"/><InteractionEvent Delta="null" EndDate="2010-09-17 22:16:12.632 CEST" Interest="287.0" Kind="propagation" Navigation="org.eclipse.mylyn.core.model.edges.containment" OriginId="org.eclipse.mylyn.core.model.interest.propagation" StartDate="2010-09-17 20:12:26.573 CEST" StructureHandle="/tfs/src/main/java/hudson/plugins/tfs/commands" StructureKind="resource" NumEvents="287" CreationCount="51"/><InteractionEvent Delta="null" EndDate="2010-09-17 20:11:59.952 CEST" Interest="1.0" Kind="selection" Navigation="null" OriginId="org.eclipse.jdt.ui.CompilationUnitEditor" StartDate="2010-09-17 20:11:59.952 CEST" StructureHandle="=tfs/src\/test\/resources\/hudson\/plugins\/tfs\/commands&amp;lt;{Snippet.java" StructureKind="java"/><InteractionEvent Delta="null" EndDate="2010-09-17 20:12:12.979 CEST" Interest="1.417" Kind="propagation" Navigation="org.eclipse.mylyn.core.model.edges.containment" OriginId="org.eclipse.mylyn.core.model.interest.propagation" StartDate="2010-09-17 20:12:00.107 CEST" StructureHandle="=tfs/src\/test\/resources\/hudson\/plugins\/tfs\/commands&amp;lt;{Snippet.java" StructureKind="java" NumEvents="3" CreationCount="40"/><InteractionEvent Delta="null" EndDate="2010-09-17 20:12:12.979 CEST" Interest="2.4" Kind="propagation" Navigation="org.eclipse.mylyn.core.model.edges.containment" OriginId="org.eclipse.mylyn.core.model.interest.propagation" StartDate="2010-09-17 20:12:00.107 CEST" StructureHandle="=tfs/src\/test\/resources\/hudson\/plugins\/tfs\/commands&amp;lt;{Snippet.java[Snippet" StructureKind="java" NumEvents="3" CreationCount="41"/><InteractionEvent Delta="null" EndDate="2010-09-17 22:02:49.943 CEST" Interest="2.0170002" Kind="propagation" Navigation="org.eclipse.mylyn.core.model.edges.containment" OriginId="org.eclipse.mylyn.core.model.interest.propagation" StartDate="2010-09-17 22:00:18.695 CEST" StructureHandle="=tfs/src\/main\/java&amp;lt;hudson.plugins.tfs.util" StructureKind="java" NumEvents="3" CreationCount="435"/><InteractionEvent Delta="null" EndDate="2010-09-17 22:16:12.633 CEST" Interest="287.0" Kind="propagation" Navigation="org.eclipse.mylyn.core.model.edges.containment" OriginId="org.eclipse.mylyn.core.model.interest.propagation" StartDate="2010-09-17 20:12:26.573 CEST" StructureHandle="/tfs/src/main/java/hudson" StructureKind="resource" NumEvents="287" CreationCount="51"/><InteractionEvent Delta="null" EndDate="2010-09-17 22:16:12.633 CEST" Interest="184.321" Kind="propagation" Navigation="org.eclipse.mylyn.core.model.edges.containment" OriginId="org.eclipse.mylyn.core.model.interest.propagation" StartDate="2010-09-17 20:12:26.574 CEST" StructureHandle="=tfs/src\/main\/java&amp;lt;hudson.plugins.tfs.commands" StructureKind="java" NumEvents="260" CreationCount="51"/><InteractionEvent Delta="null" EndDate="2010-09-17 22:13:08.906 CEST" Interest="1.0" Kind="edit" Navigation="null" OriginId="org.eclipse.jdt.ui.CompilationUnitEditor" StartDate="2010-09-17 22:13:08.906 CEST" StructureHandle="=tfs/src\/test\/java&amp;lt;hudson.plugins.tfs.commands{DetailedHistoryCommandTest.java[DetailedHistoryCommandTest~assertLongChangesetsCanBeParsed" StructureKind="java"/><InteractionEvent Delta="null" EndDate="2010-09-17 22:13:08.104 CEST" Interest="2.0" Kind="selection" Navigation="null" OriginId="org.eclipse.jdt.ui.CompilationUnitEditor" StartDate="2010-09-17 20:46:49.24 CEST" StructureHandle="=tfs/src\/test\/java&amp;lt;hudson.plugins.tfs.commands{DetailedHistoryCommandTest.java[DetailedHistoryCommandTest~assertLongChangesetsCanBeParsed" StructureKind="java" NumEvents="2" CreationCount="124"/><InteractionEvent Delta="null" EndDate="2010-09-17 22:13:08.104 CEST" Interest="4.525" Kind="manipulation" Navigation="null" OriginId="org.eclipse.mylyn.core.model.interest.decay.correction" StartDate="2010-09-17 22:13:08.104 CEST" StructureHandle="=tfs/src\/test\/java&amp;lt;hudson.plugins.tfs.commands{DetailedHistoryCommandTest.java[DetailedHistoryCommandTest~assertLongChangesetsCanBeParsed" StructureKind="java"/><InteractionEvent Delta="null" EndDate="2010-09-17 20:12:12.979 CEST" Interest="4.0" Kind="propagation" Navigation="null" OriginId="org.eclipse.jdt.ui.CompilationUnitEditor" StartDate="2010-09-17 20:11:59.953 CEST" StructureHandle="/tfs/src/test/resources/hudson/plugins/tfs/commands/Snippet.java" StructureKind="resource" NumEvents="4" CreationCount="40"/><InteractionEvent Delta="null" EndDate="2010-09-17 20:12:48.68 CEST" Interest="4.0" Kind="selection" Navigation="null" OriginId="org.eclipse.jdt.ui.CompilationUnitEditor" StartDate="2010-09-17 20:12:30.732 CEST" StructureHandle="=tfs/src\/main\/java&amp;lt;hudson.plugins.tfs.commands{DetailedHistoryCommand.java[DetailedHistoryCommand~createChangeSet~QString;~QString;~QString;~QString;~QString;" StructureKind="java" NumEvents="4" CreationCount="53"/><InteractionEvent Delta="null" EndDate="2010-09-17 20:13:02.315 CEST" Interest="3.0" Kind="edit" Navigation="null" OriginId="org.eclipse.jdt.ui.CompilationUnitEditor" StartDate="2010-09-17 20:12:49.604 CEST" StructureHandle="=tfs/src\/main\/java&amp;lt;hudson.plugins.tfs.commands{DetailedHistoryCommand.java[DetailedHistoryCommand~createChangeSet~QString;~QString;~QString;~QString;~QString;" StructureKind="java" NumEvents="3" CreationCount="53"/><InteractionEvent Delta="null" EndDate="2010-09-17 22:15:09.494 CEST" Interest="232.0" Kind="propagation" Navigation="org.eclipse.mylyn.core.model.edges.containment" OriginId="org.eclipse.mylyn.core.model.interest.propagation" StartDate="2010-09-17 20:10:09.334 CEST" StructureHandle="/tfs/src/test/java" StructureKind="resource" NumEvents="232" CreationCount="1"/><InteractionEvent Delta="null" EndDate="2010-09-17 22:13:20.953 CEST" Interest="20.0" Kind="selection" Navigation="null" OriginId="org.eclipse.jdt.ui.CompilationUnitEditor" StartDate="2010-09-17 20:10:20.748 CEST" StructureHandle="=tfs/src\/test\/java&amp;lt;hudson.plugins.tfs.commands{DetailedHistoryCommandTest.java" StructureKind="java" NumEvents="20" CreationCount="4"/><InteractionEvent Delta="null" EndDate="2010-09-17 22:15:05.157 CEST" Interest="37.485" Kind="propagation" Navigation="org.eclipse.mylyn.core.model.edges.containment" OriginId="org.eclipse.mylyn.core.model.interest.propagation" StartDate="2010-09-17 20:10:21.416 CEST" StructureHandle="=tfs/src\/test\/java&amp;lt;hudson.plugins.tfs.commands{DetailedHistoryCommandTest.java" StructureKind="java" NumEvents="62" CreationCount="4"/><InteractionEvent Delta="null" EndDate="2010-09-17 22:15:09.493 CEST" Interest="7.0" Kind="edit" Navigation="null" OriginId="org.eclipse.jdt.ui.CompilationUnitEditor" StartDate="2010-09-17 22:14:09.205 CEST" StructureHandle="=tfs/src\/test\/java&amp;lt;hudson.plugins.tfs.commands{DetailedHistoryCommandTest.java[DetailedHistoryCommandTest~assertThatMultiChangesetWithoutSeparatorIsParsedProperly" StructureKind="java" NumEvents="7" CreationCount="462"/><InteractionEvent Delta="null" EndDate="2010-09-17 22:15:01.798 CEST" Interest="2.0" Kind="selection" Navigation="null" OriginId="org.eclipse.jdt.ui.CompilationUnitEditor" StartDate="2010-09-17 22:14:08.28 CEST" StructureHandle="=tfs/src\/test\/java&amp;lt;hudson.plugins.tfs.commands{DetailedHistoryCommandTest.java[DetailedHistoryCommandTest~assertThatMultiChangesetWithoutSeparatorIsParsedProperly" StructureKind="java" NumEvents="2" CreationCount="462"/><InteractionEvent Delta="null" EndDate="2010-09-17 20:12:00.106 CEST" Interest="1.0" Kind="selection" Navigation="null" OriginId="org.eclipse.jdt.ui.CompilationUnitEditor" StartDate="2010-09-17 20:12:00.106 CEST" StructureHandle="=tfs/src\/test\/resources\/hudson\/plugins\/tfs\/commands&amp;lt;{Snippet.java[Snippet~assertThatMovedKeywordsAreProperlyRead" StructureKind="java"/><InteractionEvent Delta="null" EndDate="2010-09-17 20:12:12.978 CEST" Interest="2.0" Kind="edit" Navigation="null" OriginId="org.eclipse.jdt.ui.CompilationUnitEditor" StartDate="2010-09-17 20:12:00.742 CEST" StructureHandle="=tfs/src\/test\/resources\/hudson\/plugins\/tfs\/commands&amp;lt;{Snippet.java[Snippet~assertThatMovedKeywordsAreProperlyRead" StructureKind="java" NumEvents="2" CreationCount="41"/><InteractionEvent Delta="null" EndDate="2010-09-17 22:15:09.494 CEST" Interest="57.536003" Kind="propagation" Navigation="org.eclipse.mylyn.core.model.edges.containment" OriginId="org.eclipse.mylyn.core.model.interest.propagation" StartDate="2010-09-17 20:10:09.334 CEST" StructureHandle="=tfs/src\/test\/java&amp;lt;hudson.plugins.tfs.commands" StructureKind="java" NumEvents="101" CreationCount="1"/><InteractionEvent Delta="null" EndDate="2010-09-17 22:12:58.203 CEST" Interest="2.0" Kind="edit" Navigation="null" OriginId="org.eclipse.jdt.ui.CompilationUnitEditor" StartDate="2010-09-17 22:12:28.128 CEST" StructureHandle="=tfs/src\/test\/java&amp;lt;hudson.plugins.tfs.commands{DetailedHistoryCommandTest.java[DetailedHistoryCommandTest~assertCheckinOnBehalfOfOtherUserWorks" StructureKind="java" NumEvents="2" CreationCount="385"/><InteractionEvent Delta="null" EndDate="2010-09-17 22:12:57.77 CEST" Interest="4.0" Kind="selection" Navigation="null" OriginId="org.eclipse.jdt.ui.CompilationUnitEditor" StartDate="2010-09-17 21:57:29.252 CEST" StructureHandle="=tfs/src\/test\/java&amp;lt;hudson.plugins.tfs.commands{DetailedHistoryCommandTest.java[DetailedHistoryCommandTest~assertCheckinOnBehalfOfOtherUserWorks" StructureKind="java" NumEvents="4" CreationCount="385"/><InteractionEvent Delta="null" EndDate="2010-09-17 22:15:09.493 CEST" Interest="225.0" Kind="propagation" Navigation="null" OriginId="org.eclipse.jdt.ui.CompilationUnitEditor" StartDate="2010-09-17 20:10:20.749 CEST" StructureHandle="/tfs/src/test/java/hudson/plugins/tfs/commands/DetailedHistoryCommandTest.java" StructureKind="resource" NumEvents="225" CreationCount="4"/><InteractionEvent Delta="null" EndDate="2010-09-17 20:12:12.979 CEST" Interest="2.417" Kind="propagation" Navigation="org.eclipse.mylyn.core.model.edges.containment" OriginId="org.eclipse.mylyn.core.model.interest.propagation" StartDate="2010-09-17 20:11:59.953 CEST" StructureHandle="=tfs/src\/test\/resources\/hudson\/plugins\/tfs\/commands&amp;lt;" StructureKind="java" NumEvents="4" CreationCount="40"/><InteractionEvent Delta="null" EndDate="2010-09-17 22:16:07.549 CEST" Interest="14.892" Kind="propagation" Navigation="org.eclipse.mylyn.core.model.edges.containment" OriginId="org.eclipse.mylyn.core.model.interest.propagation" StartDate="2010-09-17 20:11:58.719 CEST" StructureHandle="=tfs/src\/test\/resources" StructureKind="java" NumEvents="17" CreationCount="39"/><InteractionEvent Delta="null" EndDate="2010-09-17 22:16:12.634 CEST" Interest="294.0" Kind="propagation" Navigation="null" OriginId="org.eclipse.jdt.ui.CompilationUnitEditor" StartDate="2010-09-17 20:12:26.574 CEST" StructureHandle="/tfs/src/main/java" StructureKind="resource" NumEvents="294" CreationCount="51"/><InteractionEvent Delta="null" EndDate="2010-09-17 22:15:09.494 CEST" Interest="232.0" Kind="propagation" Navigation="null" OriginId="org.eclipse.jdt.ui.CompilationUnitEditor" StartDate="2010-09-17 20:10:09.334 CEST" StructureHandle="/tfs/src/test/java/hudson/plugins/tfs/commands" StructureKind="resource" NumEvents="232" CreationCount="1"/><InteractionEvent Delta="null" EndDate="2010-09-17 22:02:49.987 CEST" Interest="4.0" Kind="propagation" Navigation="null" OriginId="org.eclipse.jdt.ui.CompilationUnitEditor" StartDate="2010-09-17 22:00:18.694 CEST" StructureHandle="/tfs/src/main/java/hudson/plugins/tfs/util/DateUtil.java" StructureKind="resource" NumEvents="4" CreationCount="435"/><InteractionEvent Delta="null" EndDate="2010-09-17 21:55:46.154 CEST" Interest="3.0" Kind="selection" Navigation="null" OriginId="org.eclipse.jdt.ui.PackageExplorer" StartDate="2010-09-17 20:45:37.197 CEST" StructureHandle="=tfs/src\/main\/java" StructureKind="java" NumEvents="3" CreationCount="51"/><InteractionEvent Delta="null" EndDate="2010-09-17 22:16:12.634 CEST" Interest="181.321" Kind="propagation" Navigation="org.eclipse.mylyn.core.model.edges.containment" OriginId="org.eclipse.mylyn.core.model.interest.propagation" StartDate="2010-09-17 20:12:26.574 CEST" StructureHandle="=tfs/src\/main\/java" StructureKind="java" NumEvents="256" CreationCount="51"/><InteractionEvent Delta="null" EndDate="2010-09-17 22:16:07.547 CEST" Interest="6.0" Kind="selection" Navigation="null" OriginId="org.eclipse.ui.DefaultTextEditor" StartDate="2010-09-17 20:12:11.347 CEST" StructureHandle="/tfs/src/test/resources/hudson/plugins/tfs/commands/issue-6870.txt" StructureKind="resource" NumEvents="6" CreationCount="44"/><InteractionEvent Delta="null" EndDate="2010-09-17 22:16:08.32 CEST" Interest="6.0" Kind="edit" Navigation="null" OriginId="org.eclipse.ui.DefaultTextEditor" StartDate="2010-09-17 20:12:13.89 CEST" StructureHandle="/tfs/src/test/resources/hudson/plugins/tfs/commands/issue-6870.txt" StructureKind="resource" NumEvents="6" CreationCount="44"/><InteractionEvent Delta="null" EndDate="2010-09-17 20:46:29.692 CEST" Interest="2.009" Kind="manipulation" Navigation="null" OriginId="org.eclipse.mylyn.core.model.interest.decay.correction" StartDate="2010-09-17 20:46:29.692 CEST" StructureHandle="/tfs/src/test/resources/hudson/plugins/tfs/commands/issue-6870.txt" StructureKind="resource"/><InteractionEvent Delta="null" EndDate="2010-09-17 22:02:49.987 CEST" Interest="2.0" Kind="propagation" Navigation="org.eclipse.mylyn.core.model.edges.containment" OriginId="org.eclipse.mylyn.core.model.interest.propagation" StartDate="2010-09-17 22:00:19.337 CEST" StructureHandle="=tfs/src\/main\/java&amp;lt;hudson.plugins.tfs.util{DateUtil.java[DateUtil" StructureKind="java" NumEvents="2" CreationCount="436"/><InteractionEvent Delta="null" EndDate="2010-09-17 22:15:09.494 CEST" Interest="232.0" Kind="propagation" Navigation="org.eclipse.mylyn.core.model.edges.containment" OriginId="org.eclipse.mylyn.core.model.interest.propagation" StartDate="2010-09-17 20:10:09.334 CEST" StructureHandle="/tfs/src/test/java/hudson/plugins/tfs" StructureKind="resource" NumEvents="232" CreationCount="1"/><InteractionEvent Delta="null" EndDate="2010-09-17 22:13:55.55 CEST" Interest="10.0" Kind="selection" Navigation="null" OriginId="org.eclipse.jdt.ui.CompilationUnitEditor" StartDate="2010-09-17 20:10:21.415 CEST" StructureHandle="=tfs/src\/test\/java&amp;lt;hudson.plugins.tfs.commands{DetailedHistoryCommandTest.java[DetailedHistoryCommandTest" StructureKind="java" NumEvents="10" CreationCount="5"/><InteractionEvent Delta="null" EndDate="2010-09-17 22:13:59.787 CEST" Interest="9.0" Kind="edit" Navigation="null" OriginId="org.eclipse.jdt.ui.CompilationUnitEditor" StartDate="2010-09-17 20:10:29.446 CEST" StructureHandle="=tfs/src\/test\/java&amp;lt;hudson.plugins.tfs.commands{DetailedHistoryCommandTest.java[DetailedHistoryCommandTest" StructureKind="java" NumEvents="9" CreationCount="5"/><InteractionEvent Delta="null" EndDate="2010-09-17 22:14:29.780 CEST" Interest="41.168" Kind="propagation" Navigation="org.eclipse.mylyn.core.model.edges.containment" OriginId="org.eclipse.mylyn.core.model.interest.propagation" StartDate="2010-09-17 20:10:23.703 CEST" StructureHandle="=tfs/src\/test\/java&amp;lt;hudson.plugins.tfs.commands{DetailedHistoryCommandTest.java[DetailedHistoryCommandTest" StructureKind="java" NumEvents="58" CreationCount="5"/><InteractionEvent Delta="null" EndDate="2010-09-17 22:16:12.633 CEST" Interest="293.85" Kind="propagation" Navigation="org.eclipse.mylyn.core.model.edges.containment" OriginId="org.eclipse.mylyn.core.model.interest.propagation" StartDate="2010-09-17 20:10:09.335 CEST" StructureHandle="=tfs" StructureKind="resource" NumEvents="294" CreationCount="1"/><InteractionEvent Delta="null" EndDate="2010-09-17 22:15:09.495 CEST" Interest="57.536003" Kind="propagation" Navigation="org.eclipse.mylyn.core.model.edges.containment" OriginId="org.eclipse.mylyn.core.model.interest.propagation" StartDate="2010-09-17 20:10:09.335 CEST" StructureHandle="=tfs/src\/test\/java" StructureKind="java" NumEvents="93" CreationCount="1"/><InteractionEvent Delta="null" EndDate="2010-09-17 22:16:08.33 CEST" Interest="25.016998" Kind="propagation" Navigation="org.eclipse.mylyn.core.model.edges.containment" OriginId="org.eclipse.mylyn.core.model.interest.propagation" StartDate="2010-09-17 20:11:58.719 CEST" StructureHandle="/tfs/src/test/resources/hudson/plugins/tfs" StructureKind="resource" NumEvents="26" CreationCount="39"/><InteractionEvent Delta="null" EndDate="2010-09-17 21:57:37.408 CEST" Interest="1.0" Kind="selection" Navigation="null" OriginId="org.eclipse.jdt.ui.CompilationUnitEditor" StartDate="2010-09-17 21:57:37.408 CEST" StructureHandle="=tfs/src\/test\/java&amp;lt;hudson.plugins.tfs.commands{DetailedHistoryCommandTest.java[DetailedHistoryCommandTest~assertTwoChangeSetFromFile" StructureKind="java"/><InteractionEvent Delta="null" EndDate="2010-09-17 22:16:12.633 CEST" Interest="287.0" Kind="propagation" Navigation="org.eclipse.mylyn.core.model.edges.containment" OriginId="org.eclipse.mylyn.core.model.interest.propagation" StartDate="2010-09-17 20:12:26.573 CEST" StructureHandle="/tfs/src/main/java/hudson/plugins" StructureKind="resource" NumEvents="287" CreationCount="51"/><InteractionEvent Delta="null" EndDate="2010-09-17 22:16:12.633 CEST" Interest="293.85" Kind="propagation" Navigation="org.eclipse.mylyn.core.model.edges.containment" OriginId="org.eclipse.mylyn.core.model.interest.propagation" StartDate="2010-09-17 20:10:09.335 CEST" StructureHandle="/tfs/src" StructureKind="resource" NumEvents="295" CreationCount="1"/><InteractionEvent Delta="null" EndDate="2010-09-17 20:46:09.551 CEST" Interest="2.0" Kind="selection" Navigation="null" OriginId="org.eclipse.jdt.ui.CompilationUnitEditor" StartDate="2010-09-17 20:45:53.769 CEST" StructureHandle="=tfs/src\/test\/java&amp;lt;hudson.plugins.tfs.commands{DetailedHistoryCommandTest.java[DetailedHistoryCommandTest~assertOneChangeSetFromFile" StructureKind="java" NumEvents="2" CreationCount="311"/><InteractionEvent Delta="null" EndDate="2010-09-17 22:16:02.61 CEST" Interest="14.0" Kind="selection" Navigation="null" OriginId="org.eclipse.jdt.ui.CompilationUnitEditor" StartDate="2010-09-17 20:13:05.963 CEST" StructureHandle="=tfs/src\/main\/java&amp;lt;hudson.plugins.tfs.commands{DetailedHistoryCommand.java[DetailedHistoryCommand[ChangeSetStringReader~readChangeSet" StructureKind="java" NumEvents="14" CreationCount="64"/><InteractionEvent Delta="null" EndDate="2010-09-17 22:16:12.632 CEST" Interest="243.0" Kind="edit" Navigation="null" OriginId="org.eclipse.jdt.ui.CompilationUnitEditor" StartDate="2010-09-17 20:13:26.299 CEST" StructureHandle="=tfs/src\/main\/java&amp;lt;hudson.plugins.tfs.commands{DetailedHistoryCommand.java[DetailedHistoryCommand[ChangeSetStringReader~readChangeSet" StructureKind="java" NumEvents="243" CreationCount="64"/></InteractionHistory>