{
  "jvm" : {
    "vm" : {
      "name" : "Java HotSpot(TM) 64-Bit Server VM",
      "version" : "1.7.0_40-b43"
    },
    "memory" : {
      "totalInit" : 9.1676544E7,
      "totalUsed" : 1.1558012E8,
      "totalMax" : 1.091043328E9,
      "totalCommitted" : 5.22518528E8,
      "heapInit" : 6.7100544E7,
      "heapUsed" : 6.2034456E7,
      "heapMax" : 9.54728448E8,
      "heapCommitted" : 4.62946304E8,
      "heap_usage" : 0.06497602132831806,
      "non_heap_usage" : 0.3928086500901442,
      "memory_pool_usages" : {
        "Code Cache" : 0.1591466267903646,
        "PS Eden Space" : 0.11178147433992214,
        "PS Old Gen" : 0.03771136496966575,
        "PS Perm Gen" : 0.5295864198266006,
        "PS Survivor Space" : 0.0
      }
    },
    "buffers" : {
      "direct" : {
        "count" : 1,
        "memoryUsed" : 8192,
        "totalCapacity" : 8192
      },
      "mapped" : {
        "count" : 0,
        "memoryUsed" : 0,
        "totalCapacity" : 0
      }
    },
    "daemon_thread_count" : 10,
    "thread_count" : 13,
    "current_time" : 1392126405084,
    "uptime" : 1017489,
    "fd_usage" : "NaN",
    "thread-states" : {
      "blocked" : 0.0,
      "timed_waiting" : 0.23076923076923078,
      "new" : 0.0,
      "terminated" : 0.0,
      "waiting" : 0.46153846153846156,
      "runnable" : 0.3076923076923077
    },
    "garbage-collectors" : {
      "PS MarkSweep" : {
        "runs" : 124,
        "time" : 8668
      },
      "PS Scavenge" : {
        "runs" : 2058,
        "time" : 8127
      }
    }
  }
}