<hudson.plugins.msbuild.MsBuildBuilder_-DescriptorImpl plugin="msbuild@1.26">
  <installations>
    <hudson.plugins.msbuild.MsBuildInstallation>
      <name>.NET 4.0</name>
      <home>C:\label_bloody_competition\Microsoft.NET\Framework\v4.0.30319\msbuild.exe</home>
      <properties/>
    </hudson.plugins.msbuild.MsBuildInstallation>
    <hudson.plugins.msbuild.MsBuildInstallation>
      <name>.NET 3.5</name>
      <home>C:\label_bloody_competition\Microsoft.NET\Framework\v3.5\msbuild.exe</home>
      <properties/>
    </hudson.plugins.msbuild.MsBuildInstallation>
    <hudson.plugins.msbuild.MsBuildInstallation>
      <name>.NET 2.0</name>
      <home>C:\label_bloody_competition\Microsoft.NET\Framework\v2.0.50727\msbuild.exe</home>
      <properties/>
    </hudson.plugins.msbuild.MsBuildInstallation>
    <hudson.plugins.msbuild.MsBuildInstallation>
      <name>VS2015</name>
      <home>C:\Program Files (x86)\MSBuild\14.0\Bin\MSBuild.exe</home>
      <properties/>
    </hudson.plugins.msbuild.MsBuildInstallation>
    <hudson.plugins.msbuild.MsBuildInstallation>
      <name>VS2017</name>
      <home>C:\Program Files (x86)\Microsoft Visual Studio\2017\Professional\MSBuild\15.0\Bin\MSBuild.exe</home>
      <properties/>
    </hudson.plugins.msbuild.MsBuildInstallation>
  </installations>
</hudson.plugins.msbuild.MsBuildBuilder_-DescriptorImpl>