<jenkins.advancedqueue.PriorityConfiguration plugin="PrioritySorter@3.4.1">
  <jobGroups class="linked-list">
    <jenkins.advancedqueue.JobGroup>
      <id>0</id>
      <priority>1</priority>
      <jobGroupStrategy class="jenkins.advancedqueue.jobinclusion.strategy.ViewBasedJobInclusionStrategy">
        <viewName>view_ultimate_energy</viewName>
        <useJobFilter>false</useJobFilter>
        <jobPattern>.*</jobPattern>
      </jobGroupStrategy>
      <description>Build System view_ultimate_energy</description>
      <runExclusive>false</runExclusive>
      <useJobFilter>false</useJobFilter>
      <jobPattern>.*</jobPattern>
      <usePriorityStrategies>false</usePriorityStrategies>
      <priorityStrategies/>
    </jenkins.advancedqueue.JobGroup>
    <jenkins.advancedqueue.JobGroup>
      <id>1</id>
      <priority>2</priority>
      <jobGroupStrategy class="jenkins.advancedqueue.jobinclusion.strategy.ViewBasedJobInclusionStrategy">
        <viewName>view_toxic_series</viewName>
        <useJobFilter>true</useJobFilter>
        <jobPattern>Libs\..*</jobPattern>
      </jobGroupStrategy>
      <description>view_toxic_series Libraries</description>
      <runExclusive>false</runExclusive>
      <useJobFilter>false</useJobFilter>
      <jobPattern>.*</jobPattern>
      <usePriorityStrategies>false</usePriorityStrategies>
      <priorityStrategies/>
    </jenkins.advancedqueue.JobGroup>
    <jenkins.advancedqueue.JobGroup>
      <id>2</id>
      <priority>3</priority>
      <jobGroupStrategy class="jenkins.advancedqueue.jobinclusion.strategy.ViewBasedJobInclusionStrategy">
        <viewName>view_toxic_series</viewName>
        <useJobFilter>true</useJobFilter>
        <jobPattern>view_toxic_series\..*</jobPattern>
      </jobGroupStrategy>
      <description>Core DLLs</description>
      <runExclusive>false</runExclusive>
      <useJobFilter>false</useJobFilter>
      <jobPattern>.*</jobPattern>
      <usePriorityStrategies>false</usePriorityStrategies>
      <priorityStrategies/>
    </jenkins.advancedqueue.JobGroup>
    <jenkins.advancedqueue.JobGroup>
      <id>3</id>
      <priority>9</priority>
      <jobGroupStrategy class="jenkins.advancedqueue.jobinclusion.strategy.ViewBasedJobInclusionStrategy">
        <viewName>view_basic_prayer</viewName>
        <useJobFilter>false</useJobFilter>
        <jobPattern>.*</jobPattern>
      </jobGroupStrategy>
      <description>Installers</description>
      <runExclusive>false</runExclusive>
      <useJobFilter>false</useJobFilter>
      <jobPattern>.*</jobPattern>
      <usePriorityStrategies>false</usePriorityStrategies>
      <priorityStrategies/>
    </jenkins.advancedqueue.JobGroup>
    <jenkins.advancedqueue.JobGroup>
      <id>4</id>
      <priority>8</priority>
      <jobGroupStrategy class="jenkins.advancedqueue.jobinclusion.strategy.ViewBasedJobInclusionStrategy">
        <viewName>view_basic_prayer</viewName>
        <useJobFilter>true</useJobFilter>
        <jobPattern>.*\.MSM\..*</jobPattern>
      </jobGroupStrategy>
      <description>Installer Modules</description>
      <runExclusive>false</runExclusive>
      <useJobFilter>false</useJobFilter>
      <jobPattern>.*</jobPattern>
      <usePriorityStrategies>false</usePriorityStrategies>
      <priorityStrategies/>
    </jenkins.advancedqueue.JobGroup>
    <jenkins.advancedqueue.JobGroup>
      <id>5</id>
      <priority>1</priority>
      <jobGroupStrategy class="jenkins.advancedqueue.jobinclusion.strategy.ViewBasedJobInclusionStrategy">
        <viewName>view_tropical_metal</viewName>
        <useJobFilter>false</useJobFilter>
        <jobPattern>.*</jobPattern>
      </jobGroupStrategy>
      <description/>
      <runExclusive>false</runExclusive>
      <useJobFilter>false</useJobFilter>
      <jobPattern>.*</jobPattern>
      <usePriorityStrategies>false</usePriorityStrategies>
      <priorityStrategies/>
    </jenkins.advancedqueue.JobGroup>
  </jobGroups>
</jenkins.advancedqueue.PriorityConfiguration>