<jenkins.advancedqueue.PrioritySorterConfiguration plugin="PrioritySorter@3.4.1">
  <allowPriorityOnJobs>true</allowPriorityOnJobs>
  <onlyAdminsMayEditPriorityConfiguration>false</onlyAdminsMayEditPriorityConfiguration>
  <strategy class="jenkins.advancedqueue.sorter.strategy.AbsoluteStrategy">
    <ifCondition/>
    <unlessCondition/>
    <children/>
    <location>
      <lineNumber>0</lineNumber>
      <columnNumber>0</columnNumber>
    </location>
    <numberOfPriorities>9</numberOfPriorities>
    <defaultPriority>5</defaultPriority>
  </strategy>
</jenkins.advancedqueue.PrioritySorterConfiguration>