<?xml version='1.0' encoding='UTF-8'?>
<org.jenkinsci.plugins.configfiles.GlobalConfigFiles plugin="config-file-provider@2.15.5">
  <configs class="sorted-set">
    <comparator class="org.jenkinsci.plugins.configfiles.GlobalConfigFiles$1"/>
    <org.jenkinsci.plugins.managedscripts.PowerShellConfig plugin="managed-scripts@1.3">
      <id>6df9dc67-0ac5-4c2b-b9a9-0340419e8e6d</id>
      <name>psh.view_bad_train.BuildHelpAndManualWeb</name>
      <comment>Build Web Documentation and copy it to the web sync folder</comment>
      <content># gather available arguments
[string] $helpManFileName = $null
[string] $targetFolder    = $null
[string] $workDir         = $null
[string] $skinFile        = $null

if ($args.Length -gt 0) { $helpManFileName = $args[0] }
if ($args.Length -gt 1) { $targetFolder    = $args[1] }
if ($args.Length -gt 2) { $skinFile        = $args[2] }
if ($args.Length -gt 3) { $workDir         = $args[3] }

if ([string]::IsNullOrEmpty($skinFile)) {
  $skinFile = &quot;WebHelpSkin.hmskin&quot;
}

write-host &quot;&quot;
write-host &quot;&quot;
write-host &quot;Parameter List:&quot;
write-host &quot;- #1 = Help&amp;ManualFile -- name of the Help &amp; Manual project file (e.g. Manto2_chm.doxygen)             = $helpManFileName&quot;
write-host &quot;- #2 = TargetFolder    -- folder on the sync site to copy the results to                               = $targetFolder&quot;
write-host &quot;- #3 = SkinFileName    -- SkinFileName (optional; if no specified the WebHelpSkin.hmskin will be used) = $skinFile&quot;
write-host &quot;- #4 = WorkDir         -- optional if specified, Jenkins will CD there prior to processing             = $workDir&quot;
write-host &quot;&quot;

if ([string]::IsNullOrEmpty($cvbVersion) -or ($cvbVersion.ToLower() -eq &quot;default&quot;)) {
  write-host &quot;-----------------------------------------------------------------------------------------------------------------------------------&quot;
  write-host &quot;Determine default target version&quot;
  write-host &quot;-----------------------------------------------------------------------------------------------------------------------------------&quot;
  write-host &quot;&quot;
  [string] $nextVersionFile = (get-item env:CVDEV_PLATFORM).Value + &quot;\nextversion.txt&quot;
  [string] $versionRegEx = &quot;ProductVersion\s*=\s*(\d+)\.(\d+).*&quot;
  $match = (Select-String -Path $nextVersionFile -Pattern $versionRegEx).Matches[0]
  $cvbVersion = &quot;v&quot; + $match.Groups[1] + &quot;.&quot; + $match.Groups[2]
  write-host &quot;-- CVDEV_PLATFORM points to &quot; (get-item env:CVDEV_PLATFORM).Value
  write-host &quot;-- next version according to $nextVersionFile\: $cvbVersion&quot;
  write-host &quot;&quot;
}

write-host &quot;-----------------------------------------------------------------------------------------------------------------------------------&quot;
write-host &quot;Invoke Help &amp; Manual&quot;
write-host &quot;-----------------------------------------------------------------------------------------------------------------------------------&quot;
write-host &quot;&quot;
&amp; svn upgrade
if (![string]::IsNullOrEmpty($workDir)) {
  write-host &quot;changing to folder $workDir&quot;
  cd $workDir
}
write-host \\sihelpman\HelpAndManual7\HelpMan.exe $helpManFileName /HTML /L=helpman_html.log
&amp; \\sihelpman\HelpAndManual7\HelpMan.exe $helpManFileName /HTML /O=$skinFile /L=helpman_html.log
# note: Help&amp;Manual returns immediately, so we will need to suspend script
# 		execution until it has - most likely - finished its job...
Start-Sleep 120
if (test-path helpman_html.log) {
  get-content helpman_html.log | write-host 
} else {
  write-host &quot;--- no log file generated or log file inaccessible ---&quot;
}
if (!$?) { exit -1 }
write-host &quot;&quot;

write-host &quot;-----------------------------------------------------------------------------------------------------------------------------------&quot;
write-host &quot;Copy Build results to FTP sync site&quot;
write-host &quot;-----------------------------------------------------------------------------------------------------------------------------------&quot;
write-host &quot;&quot;
net use \\sideftp.stemmer.local\CVB-Help sM9@IUjJ /USER:sideftp\cvbhelp-transfer
try {
  [string] $dstFolder = &quot;\\sideftp.stemmer.local\CVB-Help\&quot; + $targetFolder
  &amp; &quot;xcopy&quot; &quot;/f&quot; &quot;/r&quot; &quot;/y&quot; &quot;/s&quot; &quot;HTML\*.*&quot; $dstFolder
  Start-Sleep 60
}
catch [System.Exception] {
  exit -1
}
finally {
  net use \\sideftp.stemmer.local\CVB-Help /delete
}
</content>
      <providerId>org.jenkinsci.plugins.managedscripts.PowerShellConfig</providerId>
      <args>
        <org.jenkinsci.plugins.managedscripts.PowerShellConfig_-Arg>
          <name>Help&amp;Manual File (relative to %workspace%)</name>
        </org.jenkinsci.plugins.managedscripts.PowerShellConfig_-Arg>
        <org.jenkinsci.plugins.managedscripts.PowerShellConfig_-Arg>
          <name>TargetFolder (on the sync site)</name>
        </org.jenkinsci.plugins.managedscripts.PowerShellConfig_-Arg>
        <org.jenkinsci.plugins.managedscripts.PowerShellConfig_-Arg>
          <name>SkinFileName (optional; if no specified the WebHelpSkin.hmskin will be used)</name>
        </org.jenkinsci.plugins.managedscripts.PowerShellConfig_-Arg>
        <org.jenkinsci.plugins.managedscripts.PowerShellConfig_-Arg>
          <name>WorkDir (optional; if specified, Jenkins will CD there prior to processing)</name>
        </org.jenkinsci.plugins.managedscripts.PowerShellConfig_-Arg>
      </args>
    </org.jenkinsci.plugins.managedscripts.PowerShellConfig>
    <org.jenkinsci.plugins.configfiles.groovy.GroovyScript>
      <id>a080a1a2-ab02-4573-b210-d117c20cd9d4</id>
      <name>GroovyConfig</name>
      <comment></comment>
      <content>// make the Jenkins stuff known inside the script
import hudson.model.*
import jenkins.triggers.*

// iterate over all projects
for (proj in Hudson.instance.getItems(hudson.model.Project))
{
  println(&quot;---&gt; &quot; + proj.name + &quot;:&quot;)
  println(&quot;     downstream --&gt;&quot;)
  for (dsproj in proj.getDownstreamProjects())
  	println(&quot;       &quot; + dsproj.name)
  println(&quot;     upstream --&gt;&quot;)
  for (usproj in proj.getUpstreamProjects())
  	println(&quot;       &quot; + usproj.name)
}</content>
      <providerId>org.jenkinsci.plugins.configfiles.groovy.GroovyScript</providerId>
    </org.jenkinsci.plugins.configfiles.groovy.GroovyScript>
    <org.jenkinsci.plugins.managedscripts.PowerShellConfig plugin="managed-scripts@1.3">
      <id>org.jenkinsci.plugins.managedscripts.BuildHelpAndManualPDF1e216134-ece3-452f-8591-38f375684def</id>
      <name>psh.view_bad_train.BuildHelpAndManualPDF</name>
      <comment>Build PDF Documentation and copy it to the necessary platform destinations.</comment>
      <content># gather available arguments
[string] $helpManFileName = $null
[string] $platformList    = $null
[string] $cvbVersion      = $null
[string] $driverName      = $null
[string] $docSubDir       = $null
[string] $workDir         = $null

if ($args.Length -gt 0) { $helpManFileName = $args[0] }
if ($args.Length -gt 1) { $platformList    = $args[1] }
if ($args.Length -gt 2) { $cvbVersion      = $args[2] }
if ($args.Length -gt 3) { $driverName      = $args[3] }
if ($args.Length -gt 4) { $docSubDir       = $args[4] }
if ($args.Length -gt 5) { $workDir         = $args[5] }

write-host &quot;&quot;
write-host &quot;&quot;
write-host &quot;Parameter List:&quot;    
write-host &quot;- #1 = Help&amp;ManualFile -- name of the Help &amp; Manual project file (e.g. Manto2.hmxp)                = $helpManFileName&quot;
write-host &quot;- #2 = TargetPlatforms -- slash-separated list (e.g. &apos;item_convenient_vote/item_logical_credibility/ubu1204-armv7&apos;)                    = $platformList&quot;
write-host &quot;- #3 = CvbVersion      -- the version to build from/to (e.g. v13.0; default = use nextversion.txt) = $cvbVersion&quot;
write-host &quot;- #4 = DriverName      -- specify driver(-directory) name if applicable                            = $driverName&quot;
write-host &quot;- #5 = DocSubdir       -- optional copy target; if none specified, DriverName will be used         = $docSubDir&quot;
write-host &quot;- #6 = WorkDir         -- optional if specified, Jenkins will CD there prior to processing         = $workDir&quot;
write-host &quot;&quot;

if ([string]::IsNullOrEmpty($cvbVersion) -or ($cvbVersion.ToLower() -eq &quot;default&quot;)) {
  write-host &quot;-----------------------------------------------------------------------------------------------------------------------------------&quot;
  write-host &quot;Determine default target version&quot;
  write-host &quot;-----------------------------------------------------------------------------------------------------------------------------------&quot;
  write-host &quot;&quot;
  [string] $nextVersionFile = (get-item env:CVDEV_PLATFORM).Value + &quot;\nextversion.txt&quot;
  [string] $versionRegEx = &quot;ProductVersion\s*=\s*(\d+)\.(\d+).*&quot;
  $match = (Select-String -Path $nextVersionFile -Pattern $versionRegEx).Matches[0]
  $cvbVersion = &quot;v&quot; + $match.Groups[1] + &quot;.&quot; + $match.Groups[2]
  write-host &quot;-- CVDEV_PLATFORM points to &quot; (get-item env:CVDEV_PLATFORM).Value
  write-host &quot;-- next version according to $nextVersionFile\: $cvbVersion&quot;
  write-host &quot;&quot;
}

write-host &quot;-----------------------------------------------------------------------------------------------------------------------------------&quot;
write-host &quot;Invoke Help &amp; Manual&quot;
write-host &quot;-----------------------------------------------------------------------------------------------------------------------------------&quot;
write-host &quot;&quot;
&amp; svn upgrade
if (![string]::IsNullOrEmpty($workDir)) {
  write-host &quot;changing to folder $workDir&quot;
  cd $workDir
}
write-host \\sihelpman\HelpAndManual7\HelpMan.exe $helpManFileName /stdout /PDF /Template=common\SI_CVB_pdf.mnl /L=helpman_pdf.log
&amp; \\sihelpman\HelpAndManual7\HelpMan.exe $helpManFileName /PDF /Template=common\SI_CVB_pdf.mnl /L=helpman_pdf.log
# note: Help&amp;Manual returns immediately, so we will need to suspend script
# 		execution until it has - most likely - finished its job...
Start-Sleep 60
if (test-path helpman_pdf.log) {
  get-content helpman_pdf.log | write-host 
} else {
  write-host &quot;--- no log file generated or log file inaccessible ---&quot;
}
if (!$?) { exit -1 }
write-host &quot;&quot;

write-host &quot;-----------------------------------------------------------------------------------------------------------------------------------&quot;
write-host &quot;Copy Build results to destinations&quot;
write-host &quot;-----------------------------------------------------------------------------------------------------------------------------------&quot;
write-host &quot;&quot;
[string] $driverPath = &quot;&quot;
if (![string]::IsNullOrEmpty($driverName)) {
  $driverPath = &quot;\view_eager_attachment\&quot; + $driverName
}
$platforms = $platformList.Split(&quot;{/}&quot;)
[string] $platformBaseDir = (get-item env:CVDEV_PLATFORM).Value
ForEach($p in $platforms) {
  [string] $targetDir = $platformBaseDir + &quot;\&quot; + $p + $driverPath + &quot;\&quot; + $cvbVersion + &quot;\public\view_bad_train&quot;
  if (![string]::IsNullOrEmpty($driverName)) {
    if ([string]::IsNullOrEmpty($docSubDir)) {
      $targetDir = $targetDir + &quot;\Hardware\&quot; + $driverName
    }
    else {
      $targetDir = $targetDir + &quot;\Hardware\&quot; + $docSubDir
    }
  }
  if (!(Test-Path -Path $targetDir)) {
    write-host &quot;-- directory $targetDir does not exist yet - creating it now&quot;
    New-Item -ItemType directory -Path $targetDir
  }
  $files = get-childitem *.pdf
  if (!$files) {
    write-host &quot;*** ERROR: NO PDF FILE HAS BEEN GENERATED!&quot;
    exit -1
  }
  &amp; &quot;xcopy&quot; &quot;/f&quot; &quot;/r&quot; &quot;/y&quot; &quot;*.pdf&quot; $targetDir 
  if (!$?) { exit -1 }
}
</content>
      <providerId>org.jenkinsci.plugins.managedscripts.PowerShellConfig</providerId>
      <args>
        <org.jenkinsci.plugins.managedscripts.PowerShellConfig_-Arg>
          <name>Help&amp;Manual File (relative to %workspace%)</name>
        </org.jenkinsci.plugins.managedscripts.PowerShellConfig_-Arg>
        <org.jenkinsci.plugins.managedscripts.PowerShellConfig_-Arg>
          <name>TargetPlatforms (slash-separated, e.g. item_convenient_vote/item_logical_credibility)</name>
        </org.jenkinsci.plugins.managedscripts.PowerShellConfig_-Arg>
        <org.jenkinsci.plugins.managedscripts.PowerShellConfig_-Arg>
          <name>CvbVersion (&quot;default&quot; or version number like e.g. v12.1)</name>
        </org.jenkinsci.plugins.managedscripts.PowerShellConfig_-Arg>
        <org.jenkinsci.plugins.managedscripts.PowerShellConfig_-Arg>
          <name>DriverName (if applicable; used for building the copy target path)</name>
        </org.jenkinsci.plugins.managedscripts.PowerShellConfig_-Arg>
        <org.jenkinsci.plugins.managedscripts.PowerShellConfig_-Arg>
          <name>DocSubdir (optional; if none specified, $DriverName will be used)</name>
        </org.jenkinsci.plugins.managedscripts.PowerShellConfig_-Arg>
        <org.jenkinsci.plugins.managedscripts.PowerShellConfig_-Arg>
          <name>WorkDir (optional; if specified, Jenkins will CD there prior to processing)</name>
        </org.jenkinsci.plugins.managedscripts.PowerShellConfig_-Arg>
      </args>
    </org.jenkinsci.plugins.managedscripts.PowerShellConfig>
    <org.jenkinsci.plugins.managedscripts.PowerShellConfig plugin="managed-scripts@1.3">
      <id>org.jenkinsci.plugins.managedscripts.PowerShellConfig1460636505928</id>
      <name>psh.view_bad_train.BuildDoxygen</name>
      <comment>Build Doxygen Documentation and copy it to the necessary platform destinations.</comment>
      <content># gather available arguments
[string] $doxyFileName = $null
[string] $platformList = $null
[string] $cvbVersion   = $null
[string] $doxyArch     = &quot;ocx&quot;
if ($args.Length -gt 0) { $doxyFileName = $args[0] }
if ($args.Length -gt 1) { $platformList = $args[1] }
if ($args.Length -gt 2) { $cvbVersion   = $args[2] }
if ($args.Length -gt 3) { $doxyArch     = $args[3] }

write-host &quot;&quot;
write-host &quot;&quot;
write-host &quot;Parameter List:&quot;
write-host &quot;- #1 = DoxyFile            -- name of the Doxygen project file (e.g. Manto2_chm.doxygen)               = $doxyFileName&quot;
write-host &quot;- #2 = TargetPlatforms     -- slash-separated list (e.g. &apos;item_convenient_vote/item_logical_credibility/ubu1204-armv7&apos;)                    = $platformList&quot;
write-host &quot;- #3 = CvbVersion          -- the version to build from/to (e.g. v13.0; default = use nextversion.txt) = $cvbVersion&quot;
write-host &quot;- #4 = DoxygenArchitecture -- &apos;ocx&apos; (default) or &apos;cpp11&apos; for CVB++                                     = $doxyArch&quot;
write-host &quot;&quot;

if ([string]::IsNullOrEmpty($cvbVersion) -or ($cvbVersion.ToLower() -eq &quot;default&quot;)) {
  write-host &quot;-----------------------------------------------------------------------------------------------------------------------------------&quot;
  write-host &quot;Determine default target version&quot;
  write-host &quot;-----------------------------------------------------------------------------------------------------------------------------------&quot;
  write-host &quot;&quot;
  [string] $nextVersionFile = (get-item env:CVDEV_PLATFORM).Value + &quot;\nextversion.txt&quot;
  [string] $versionRegEx = &quot;ProductVersion\s*=\s*(\d+)\.(\d+).*&quot;
  $match = (Select-String -Path $nextVersionFile -Pattern $versionRegEx).Matches[0]
  $cvbVersion = &quot;v&quot; + $match.Groups[1] + &quot;.&quot; + $match.Groups[2]
  write-host &quot;-- CVDEV_PLATFORM points to &quot; (get-item env:CVDEV_PLATFORM).Value
  write-host &quot;-- next version according to $nextVersionFile\: $cvbVersion&quot;
  write-host &quot;&quot;
}

write-host &quot;-----------------------------------------------------------------------------------------------------------------------------------&quot;
write-host &quot;Invoke Doxygen&quot;
write-host &quot;-----------------------------------------------------------------------------------------------------------------------------------&quot;
write-host &quot;&quot;
cd view_bad_train
if (!$?) { exit -1 }
if ($doxyArch -eq &quot;ocx&quot;) {
  [string] $doxygenExe = (get-item env:CVDEV_INTERNAL).Value + &quot;\item_convenient_vote\doxygen&quot;
}
if ($doxyArch -eq &quot;cpp11&quot;) {
  [string] $doxygenExe = (get-item env:CVDEV_INTERNAL).Value + &quot;\item_logical_credibility\doxygenCpp\doxygen&quot;
}
write-host &quot;invoking: &quot; $doxygenExe
write-host &quot;on file:  &quot; $doxyFileName
&amp; $doxygenExe $doxyFileName 1&gt;stdout.txt 2&gt;stderr.txt
if ($LASTEXITCODE -ne 0) { exit -1 }
write-host &quot;... complete&quot;
write-host &quot;&quot;

write-host &quot;-----------------------------------------------------------------------------------------------------------------------------------&quot;
write-host &quot;Copy Build results to destinations&quot;
write-host &quot;-----------------------------------------------------------------------------------------------------------------------------------&quot;
write-host &quot;&quot;
$platforms = $platformList.Split(&quot;{/}&quot;)
[string] $platformBaseDir = (get-item env:CVDEV_PLATFORM).Value
ForEach($p in $platforms) {
  [string] $targetDir = $platformBaseDir + &quot;\&quot; + $p + &quot;\&quot; + $cvbVersion + &quot;\public\view_bad_train&quot;
  if (!(Test-Path -Path $targetDir)) {
    write-host &quot;-- directory $targetDir does not exist yet - creating it now&quot;
    New-Item -ItemType directory -Path $targetDir
  }
  &amp; &quot;xcopy&quot; &quot;/f&quot; &quot;/r&quot; &quot;/y&quot; &quot;*.chm&quot; $targetDir 
  if ($LASTEXITCODE -ne 0) { exit -1 }
}
</content>
      <providerId></providerId>
      <args>
        <org.jenkinsci.plugins.managedscripts.PowerShellConfig_-Arg>
          <name>DoxyFile (relative to %workspace%\view_bad_train)</name>
        </org.jenkinsci.plugins.managedscripts.PowerShellConfig_-Arg>
        <org.jenkinsci.plugins.managedscripts.PowerShellConfig_-Arg>
          <name>TargetPlatforms (slash-separated, e.g. item_convenient_vote/item_logical_credibility)</name>
        </org.jenkinsci.plugins.managedscripts.PowerShellConfig_-Arg>
        <org.jenkinsci.plugins.managedscripts.PowerShellConfig_-Arg>
          <name>CvbVersion (&quot;default&quot; or version number like e.g. v12.1)</name>
        </org.jenkinsci.plugins.managedscripts.PowerShellConfig_-Arg>
        <org.jenkinsci.plugins.managedscripts.PowerShellConfig_-Arg>
          <name>DoxygenArchitecture (&apos;ocx&apos; (default) or &apos;cpp11&apos; for CVB++)</name>
        </org.jenkinsci.plugins.managedscripts.PowerShellConfig_-Arg>
      </args>
    </org.jenkinsci.plugins.managedscripts.PowerShellConfig>
    <org.jenkinsci.plugins.managedscripts.PowerShellConfig plugin="managed-scripts@1.3">
      <id>org.jenkinsci.plugins.managedscripts.PowerShellConfig1460643923224</id>
      <name>psh.view_bad_train.BuildHelpAndManualCHM</name>
      <comment>Build CHM Documentation and copy it to the necessary platform destinations.</comment>
      <content># gather available arguments
[string] $helpManFileName = $null
[string] $platformList    = $null
[string] $cvbVersion      = $null
[string] $driverName      = $null
[string] $docSubDir       = $null
[string] $workDir         = $null

if ($args.Length -gt 0) { $helpManFileName = $args[0] }
if ($args.Length -gt 1) { $platformList    = $args[1] }
if ($args.Length -gt 2) { $cvbVersion      = $args[2] }
if ($args.Length -gt 3) { $driverName      = $args[3] }
if ($args.Length -gt 4) { $docSubDir       = $args[4] }
if ($args.Length -gt 5) { $workDir         = $args[5] }

write-host &quot;&quot;
write-host &quot;&quot;
write-host &quot;Parameter List:&quot;
write-host &quot;- #1 = Help&amp;ManualFile -- name of the Help &amp; Manual project file (e.g. Manto2_chm.doxygen)         = $helpManFileName&quot;
write-host &quot;- #2 = TargetPlatforms -- slash-separated list (e.g. &apos;item_convenient_vote/item_logical_credibility/ubu1204-armv7&apos;)                    = $platformList&quot;
write-host &quot;- #3 = CvbVersion      -- the version to build from/to (e.g. v13.0; default = use nextversion.txt) = $cvbVersion&quot;
write-host &quot;- #4 = DriverName      -- specify driver(-directory) name if applicable                            = $driverName&quot;
write-host &quot;- #5 = DocSubdir       -- optional copy target; if none specified, DriverName will be used         = $docSubDir&quot;
write-host &quot;- #6 = WorkDir         -- optional if specified, Jenkins will CD there prior to processing         = $workDir&quot;
write-host &quot;&quot;

if ([string]::IsNullOrEmpty($cvbVersion) -or ($cvbVersion.ToLower() -eq &quot;default&quot;)) {
  write-host &quot;-----------------------------------------------------------------------------------------------------------------------------------&quot;
  write-host &quot;Determine default target version&quot;
  write-host &quot;-----------------------------------------------------------------------------------------------------------------------------------&quot;
  write-host &quot;&quot;
  [string] $nextVersionFile = (get-item env:CVDEV_PLATFORM).Value + &quot;\nextversion.txt&quot;
  [string] $versionRegEx = &quot;ProductVersion\s*=\s*(\d+)\.(\d+).*&quot;
  $match = (Select-String -Path $nextVersionFile -Pattern $versionRegEx).Matches[0]
  $cvbVersion = &quot;v&quot; + $match.Groups[1] + &quot;.&quot; + $match.Groups[2]
  write-host &quot;-- CVDEV_PLATFORM points to &quot; (get-item env:CVDEV_PLATFORM).Value
  write-host &quot;-- next version according to $nextVersionFile\: $cvbVersion&quot;
  write-host &quot;&quot;
}

write-host &quot;-----------------------------------------------------------------------------------------------------------------------------------&quot;
write-host &quot;Invoke Help &amp; Manual&quot;
write-host &quot;-----------------------------------------------------------------------------------------------------------------------------------&quot;
write-host &quot;&quot;
&amp; svn upgrade
if (![string]::IsNullOrEmpty($workDir)) {
  write-host &quot;changing to folder $workDir&quot;
  cd $workDir
}
write-host \\sihelpman\HelpAndManual7\HelpMan.exe $helpManFileName /stdout /CHM /L=helpman_chm.log
&amp; \\sihelpman\HelpAndManual7\HelpMan.exe $helpManFileName /CHM /L=helpman_chm.log
# note: Help&amp;Manual returns immediately, so we will need to suspend script
# 		execution until it has - most likely - finished its job...
Start-Sleep 60
if (test-path helpman_chm.log) {
  get-content helpman_chm.log | write-host 
} else {
  write-host &quot;--- no log file generated or log file inaccessible ---&quot;
}
if (!$?) { exit -1 }
write-host &quot;&quot;

write-host &quot;-----------------------------------------------------------------------------------------------------------------------------------&quot;
write-host &quot;Copy Build results to destinations&quot;
write-host &quot;-----------------------------------------------------------------------------------------------------------------------------------&quot;
write-host &quot;&quot;
[string] $driverPath = &quot;&quot;
if (![string]::IsNullOrEmpty($driverName)) {
  $driverPath = &quot;\view_eager_attachment\&quot; + $driverName
}
$platforms = $platformList.Split(&quot;{/}&quot;)
[string] $platformBaseDir = (get-item env:CVDEV_PLATFORM).Value
ForEach($p in $platforms) {
  [string] $targetDir = $platformBaseDir + &quot;\&quot; + $p + $driverPath + &quot;\&quot; + $cvbVersion + &quot;\public\view_bad_train&quot;
  if (![string]::IsNullOrEmpty($driverName)) {
    if ([string]::IsNullOrEmpty($docSubDir)) {
      $targetDir = $targetDir + &quot;\Hardware\&quot; + $driverName
    }
    else {
      $targetDir = $targetDir + &quot;\Hardware\&quot; + $docSubDir
    }
  }
  if (!(Test-Path -Path $targetDir)) {
    write-host &quot;-- directory $targetDir does not exist yet - creating it now&quot;
    New-Item -ItemType directory -Path $targetDir
  }
  $files = get-childitem *.chm
  if (!$files) {
    write-host &quot;*** ERROR: NO CHM FILE HAS BEEN GENERATED!&quot;
    exit -1
  }
  &amp; &quot;xcopy&quot; &quot;/f&quot; &quot;/r&quot; &quot;/y&quot; &quot;*.chm&quot; $targetDir 
  if (!$?) { exit -1 }
}
</content>
      <providerId>org.jenkinsci.plugins.managedscripts.PowerShellConfig</providerId>
      <args>
        <org.jenkinsci.plugins.managedscripts.PowerShellConfig_-Arg>
          <name>Help&amp;Manual File (relative to %workspace%)</name>
        </org.jenkinsci.plugins.managedscripts.PowerShellConfig_-Arg>
        <org.jenkinsci.plugins.managedscripts.PowerShellConfig_-Arg>
          <name>TargetPlatforms (slash-separated, e.g. item_convenient_vote/item_logical_credibility)</name>
        </org.jenkinsci.plugins.managedscripts.PowerShellConfig_-Arg>
        <org.jenkinsci.plugins.managedscripts.PowerShellConfig_-Arg>
          <name>CvbVersion (&quot;default&quot; or version number like e.g. v12.1)</name>
        </org.jenkinsci.plugins.managedscripts.PowerShellConfig_-Arg>
        <org.jenkinsci.plugins.managedscripts.PowerShellConfig_-Arg>
          <name>DriverName (if applicable; used for building the copy target path)</name>
        </org.jenkinsci.plugins.managedscripts.PowerShellConfig_-Arg>
        <org.jenkinsci.plugins.managedscripts.PowerShellConfig_-Arg>
          <name>DocSubdir (optional; if none specified, $DriverName will be used)</name>
        </org.jenkinsci.plugins.managedscripts.PowerShellConfig_-Arg>
        <org.jenkinsci.plugins.managedscripts.PowerShellConfig_-Arg>
          <name>WorkDir (optional; if specified, Jenkins will CD there prior to processing)</name>
        </org.jenkinsci.plugins.managedscripts.PowerShellConfig_-Arg>
      </args>
    </org.jenkinsci.plugins.managedscripts.PowerShellConfig>
    <org.jenkinsci.plugins.managedscripts.PowerShellConfig plugin="managed-scripts@1.3">
      <id>org.jenkinsci.plugins.managedscripts.PowerShellConfig1466173400542</id>
      <name>psh.view_restless_company.BuildAllLanguages</name>
      <comment>Build all view_restless_company in VC, CSharp, VB.Net and Delphi</comment>
      <content>param (
  [string]$additionalConfigurations = $null
)

# stop on error, so that the job fails if there is a problem...
$script:ErrorActionPreference = &quot;Stop&quot;

# include the scripts required for tutorial compilation
. $env:WORKSPACE\TutorialScripts.ps1

# gather the information needed for MSBuild and the steps that follow...
$retvals = GetTutorialParameters $env:label_platform $env:label_language
$call_frameWorkVersion = $retvals[0]
$call_visualStudioVersion = $retvals[1]
$call_projectFile = $retvals[2]
$call_platformString = $retvals[3]
$call_languageShort = $retvals[4]
$call_treeCompFilter = $retvals[5]

# check if there is something to be done
$label_platform = ($env:label_platform).SubString(4)
$baseDir = &quot;$env:WORKSPACE\$label_platform\$call_languageShort&quot;

write-host &quot;Looking for directory $baseDir ...&quot;
if ((test-path &quot;$baseDir&quot; -pathType container) -ne $true) { exit 0 }
write-host &quot;Found it. Proceeding.&quot;
write-host &quot;&quot;

# first, call TreeComp on the folder hierarchy...
# (only done on the Release build - this cuts the number of operations in half...)
TreeComp $env:WORKSPACE\item_convenient_vote\$call_languageShort $env:WORKSPACE\item_logical_credibility\$call_languageShort -ff $call_treeCompFilter

# then call the configuration selected
write-host &quot;&quot;
[string]$fileFilter = &apos;^.*(&apos;+$call_visualStudioVersion+&apos;\.&apos;+$call_projectFile+&apos;)$&apos;
RecursiveMSBuild &quot;$baseDir&quot; &quot;$call_frameWorkVersion&quot; -c &quot;Debug&quot; -p &quot;$call_platformString&quot; -ff &quot;$fileFilter&quot;
RecursiveMSBuild &quot;$baseDir&quot; &quot;$call_frameWorkVersion&quot; -c &quot;Release&quot; -p &quot;$call_platformString&quot; -ff &quot;$fileFilter&quot;
if (![string]::IsNullOrEmpty($additionalConfigurations)) {
  $arr = $additionalConfigurations -split &apos; &apos;
  foreach ($elmt in $arr) {
    RecursiveMSBuild &quot;$baseDir&quot; &quot;$call_frameWorkVersion&quot; -c $elmt -p &quot;$call_platformString&quot; -ff &quot;$fileFilter&quot;
  }
}

# Remove those files we do not need/want
if ($env:label_language -eq &quot;label_ordinary_misery&quot;)
{
  RecursiveRemove &quot;$baseDir&quot; -ff &apos;^.*((\.rsm)|(\.dcu)|(\.local))$&apos;
}
else
{
  RecursiveRemove &quot;$baseDir&quot; -ff &apos;^.*((\.htm)|(\.obj)|(\.dep)|(\.idb)|(\.tlog)|(\.lastbuildstate)|(_manifest\.rc)|(\.pdb)|(\.manifest)|(\.res)|(\.ilk)|(\.pch)|(\.bsc)|(\.sbr)|(\.user)|(\.cache))$&apos;
  write-host &quot;&quot;
  RecursiveRemove &quot;$baseDir&quot; -ff &apos;^i[a-zA-Z0-9]+\.dll$&apos;
  RecursiveRemove &quot;$baseDir&quot; -ff &apos;^i[a-zA-Z0-9]+\.xml$&apos;
}
write-host &quot;&quot;
RecursiveRemove &quot;$baseDir&quot; -ff &apos;^((?=obj)|(?=Debug))(?!.*Object.*).*$&apos;
write-host &quot;&quot;
write-host &quot;&quot;
write-host &quot;view_restless_company have been built.&quot;
write-host &quot;&quot;
write-host &quot;&quot;</content>
      <providerId>org.jenkinsci.plugins.managedscripts.PowerShellConfig</providerId>
      <args>
        <org.jenkinsci.plugins.managedscripts.PowerShellConfig_-Arg>
          <name>AdditionalConfigurations (comma-separated; Debug and Release are always built)</name>
        </org.jenkinsci.plugins.managedscripts.PowerShellConfig_-Arg>
      </args>
    </org.jenkinsci.plugins.managedscripts.PowerShellConfig>
    <org.jenkinsci.plugins.managedscripts.PowerShellConfig plugin="managed-scripts@1.3">
      <id>org.jenkinsci.plugins.managedscripts.PowerShellConfig1466405757425</id>
      <name>psh.view_restless_company.CopyToServer</name>
      <comment>ToolName = Name of the tool (and tool directory), Destination = destination directory (like e.g. &quot;v13.0&quot;)</comment>
      <content>param (
  [Parameter(Mandatory=$true)][string]$toolName = $null,
  [Parameter(Mandatory=$true)][string]$destination = $null
)

# stop on error, so that the job fails if there is a problem...
$script:ErrorActionPreference = &quot;Stop&quot;

# include the scripts required for tutorial compilation
. $env:WORKSPACE\TutorialScripts.ps1

write-host &quot;-----------------------------------------------------------------------------------------------------------------------------------&quot;
write-host &quot;Copying Relevant view_restless_company to Server&quot;
write-host &quot;-----------------------------------------------------------------------------------------------------------------------------------&quot;
write-host &quot;&quot;

# determine required information
$label_platform = ($env:label_platform).SubString(4)
$label_language = $env:label_language
write-host &quot;Platform: $label_platform&quot;
write-host &quot;Language: $label_language&quot;
write-host&quot;&quot;

# check whether or not we have a relevant language at hand
switch ($label_language)
{
  # copy step only enabled for the following languages:
  &quot;label_ordinary_misery&quot; {}
  &quot;label_enthusiastic_average&quot; {}
  &quot;label_intense_conductor&quot; {}
  &quot;label_other_europe&quot; {}
  # default behaviour: terminate
  default { 
    write-host &quot;Not copying any view_restless_company for language $label_language&quot;
    write-host &quot;&quot;
    write-host &quot;&quot;
    exit 0
  }
}

# translate the language into something we can use...
[boolean]$match = $false
$regex = [regex]&apos;(delphi).*&apos;
$match = ($regex.Match($label_language).Value.Length -gt 0)
if ($match -eq $true) { $label_language = &quot;Delphi&quot; }
$regex = [regex]&apos;(vc).*&apos;
$match = ($regex.Match($label_language).Value.Length -gt 0)
if ($match -eq $true) { $label_language = &quot;VC&quot; }
$regex = [regex]&apos;(csharp).*&apos;
$match = ($regex.Match($label_language).Value.Length -gt 0)
if ($match -eq $true) { $label_language = &quot;CSharp&quot; }
$regex = [regex]&apos;(vbnet).*&apos;
$match = ($regex.Match($label_language).Value.Length -gt 0)
if ($match -eq $true) { $label_language = &quot;VB.Net&quot; }

# check if there is something to be done
if ((test-path &quot;$env:WORKSPACE\$label_platform\$label_language&quot; -pathType container) -ne $true) {
  write-host &quot;Nothing to be done for language $label_language (no source directory found)&quot;
  write-host &quot;&quot;
  write-host &quot;&quot;
  exit 0  
}

# check for removed/new files on the server
write-host &quot;checking for fileset changes...&quot;
write-host &quot;&quot;
TreeComp &quot;$env:WORKSPACE\$label_platform\$label_language&quot; &quot;$env:cvdev_platform\$label_platform\$destination\public\Tutorial\$toolName\$label_language&quot; -c $false

# preparations...
set platform=($env:LABEL_PLATFORM).SubString(4)
  
# remove the current version
if (Test-Path -Path &quot;$env:CVDEV_PLATFORM\$label_platform\$destination\public\Tutorial\$toolname\$label_language&quot;) {
  write-host &quot;Removing outdated directory $env:CVDEV_PLATFORM\$label_platform\$destination\public\Tutorial\$toolname\$label_language on the server&quot;
  Remove-Item $env:CVDEV_PLATFORM\$label_platform\$destination\public\Tutorial\$toolname\$label_language -Recurse -Force
}

write-host &quot;&quot;
write-host &quot;&quot;
write-host &quot;copying newly built tutorial files to server...&quot;
write-host &quot;&quot;
$sourcedir = &quot;$env:WORKSPACE\$label_platform\$label_language&quot;
$targetdir = &quot;$env:CVDEV_PLATFORM\$label_platform\$destination\public\Tutorial\$toolname\$label_language&quot;
write-host &quot;  source-dir: $sourcedir&quot;
write-host &quot;  target-dir: $targetdir&quot;
# note: using xcopy-here instead of copy-item because the output of copy-item is either 
#       nonexistent or unreadable...
#copy-Item -path $sourcedir -destination $targetdir -verbose -recurse
write-host &quot;&quot;
&amp; mkdir $targetdir
&amp; xcopy /F /R /Y /S $sourcedir $targetdir</content>
      <providerId>org.jenkinsci.plugins.managedscripts.PowerShellConfig</providerId>
      <args>
        <org.jenkinsci.plugins.managedscripts.PowerShellConfig_-Arg>
          <name>ToolName</name>
        </org.jenkinsci.plugins.managedscripts.PowerShellConfig_-Arg>
        <org.jenkinsci.plugins.managedscripts.PowerShellConfig_-Arg>
          <name>Destination</name>
        </org.jenkinsci.plugins.managedscripts.PowerShellConfig_-Arg>
      </args>
    </org.jenkinsci.plugins.managedscripts.PowerShellConfig>
    <org.jenkinsci.plugins.managedscripts.PowerShellConfig plugin="managed-scripts@1.3">
      <id>org.jenkinsci.plugins.managedscripts.PowerShellConfig1466405959293</id>
      <name>psh.inc.TutorialUtilities</name>
      <comment>Collection of script functions for use in processing view_restless_company. Not intended to be executed.</comment>
      <content># ---------------------------------------------------------------------------
# Function that determines the necessary parameters to compile view_restless_company
# based on the calling conditions:
#   call_platform      - the platform for which to build (item_convenient_vote, item_logical_credibility,
#                        label_careful_presentation or label_characteristic_hospitality)
#   call_language      - one of label_viable_model, label_closed_princess, label_other_europe, label_unfortunate_shareholder, label_brown_treat, label_enthusiastic_average,
#                        label_classical_trouble, label_experienced_ballet, label_intense_conductor
#
# The results will be written into the following (string) variables:
# 0  $call_frameWorkVersion    -&gt; 2.0, 3.0 or 4.0
# 1  $call_visualStudioVersion -&gt; 2005, 2008 or 2010
# 2  $call_platformString      -&gt; item_convenient_vote, item_logical_credibility, x86 or AnyCPU
# 3  $call_projectFile         -&gt; vcproj, vcxproj, csproj, vbproj
# 4  $call_languageShort       -&gt; VC, CSharp, VB.Net
# 5  $call_treeCompFilter      -&gt; ...
#
# Example: GetTutorialParameters label_characteristic_hospitality label_other_europe
# ---------------------------------------------------------------------------
function GetTutorialParameters
{
  param([parameter(Mandatory=$true)][alias(&quot;p&quot;)][string]$call_platform,
        [parameter(Mandatory=$true)][alias(&quot;l&quot;)][string]$call_language)

  # diagnostic output
  write-host &quot;-----------------------------------------------------------------------------------------------------------------------------------&quot;
  write-host &quot;GetTutorialParameters&quot;
  write-host &quot;-----------------------------------------------------------------------------------------------------------------------------------&quot;
  write-host &quot;Active arguments are:&quot;
  write-host &quot;  Platform: $call_platform&quot;
  write-host &quot;  Language: $call_language&quot;
  write-host &quot;-----------------------------------------------------------------------------------------------------------------------------------&quot;
  write-host &quot;&quot;
  
  # Initialize results with dummy values
  [string]$call_frameWorkVersion = &quot;N/A&quot;
  [string]$call_visualStudioVersion = &quot;N/A&quot;
  [string]$call_platformString = &quot;N/A&quot;
  [string]$call_projectFile = &quot;N/A&quot;
  [string]$call_languageShort = &quot;N/A&quot;
  [string]$call_treeCompFilter = &quot;N/A&quot;

  # call platform might contain cvb- prefix...
  if ($call_platform.SubString(0, 3) -eq &quot;cvb&quot;) { $call_platform = $call_platform.SubString(4) }
  
  # from here on, it&apos;s just a messy collection of if-statements...
  # vc cases...
  if ($call_language -eq &quot;label_viable_model&quot;)
  {
    $call_frameWorkVersion = &quot;2.0&quot;
    $call_visualStudioVersion = &quot;2005&quot;
    $call_projectFile = &quot;vcproj&quot;
    $call_languageShort = &quot;VC&quot;
  }
  if ($call_language -eq &quot;label_closed_princess&quot;)
  {
    $call_frameWorkVersion = &quot;3.5&quot;
    $call_visualStudioVersion = &quot;2008&quot;
    $call_projectFile = &quot;vcproj&quot;
    $call_languageShort = &quot;VC&quot;
  }
  if ($call_language -eq &quot;label_other_europe&quot;)
  {
    $call_frameWorkVersion = &quot;4.0&quot;
    $call_visualStudioVersion = &quot;2010&quot;
    $call_projectFile = &quot;vcxproj&quot;
    $call_languageShort = &quot;VC&quot;
  }
  if ($call_language -eq &quot;label_short_housewife&quot;)
  {
    $call_frameWorkVersion = &quot;4.5&quot;
    $call_visualStudioVersion = &quot;2015&quot;
    $call_projectFile = &quot;vcxproj&quot;
    $call_languageShort = &quot;VC&quot;
  }
  # csharp cases...
  if ($call_language -eq &quot;label_unfortunate_shareholder&quot;)
  {
    $call_frameWorkVersion = &quot;2.0&quot;
    $call_visualStudioVersion = &quot;2005&quot;
    $call_projectFile = &quot;csproj&quot;
    $call_languageShort = &quot;CSharp&quot;
  }
  if ($call_language -eq &quot;label_brown_treat&quot;)
  {
    $call_frameWorkVersion = &quot;3.5&quot;
    $call_visualStudioVersion = &quot;2008&quot;
    $call_projectFile = &quot;csproj&quot;
    $call_languageShort = &quot;CSharp&quot;
  }
  if ($call_language -eq &quot;label_enthusiastic_average&quot;)
  {
    $call_frameWorkVersion = &quot;4.0&quot;
    $call_visualStudioVersion = &quot;2010&quot;
    $call_projectFile = &quot;csproj&quot;
    $call_languageShort = &quot;CSharp&quot;
  }
  # vbnet cases...
  if ($call_language -eq &quot;label_classical_trouble&quot;)
  {
    $call_frameWorkVersion = &quot;2.0&quot;
    $call_visualStudioVersion = &quot;2005&quot;
    $call_projectFile = &quot;vbproj&quot;
    $call_languageShort = &quot;VB.Net&quot;
  }
  if ($call_language -eq &quot;label_experienced_ballet&quot;)
  {
    $call_frameWorkVersion = &quot;3.5&quot;
    $call_visualStudioVersion = &quot;2008&quot;
    $call_projectFile = &quot;vbproj&quot;
    $call_languageShort = &quot;VB.Net&quot;
  }
  if ($call_language -eq &quot;label_intense_conductor&quot;)
  {
    $call_frameWorkVersion = &quot;4.0&quot;
    $call_visualStudioVersion = &quot;2010&quot;
    $call_projectFile = &quot;vbproj&quot;
    $call_languageShort = &quot;VB.Net&quot;
  }
  if ($call_language -eq &quot;label_ordinary_misery&quot;)
  {
    $call_frameWorkVersion = &quot;3.5&quot;
    # VGi: next two lines are from when project file names had -32 and -64
	# if ($call_platform -eq &quot;item_convenient_vote&quot;) { $call_visualStudioVersion = &quot;-32&quot; }
	# if ($call_platform -eq &quot;item_logical_credibility&quot;) { $call_visualStudioVersion = &quot;-64&quot; }
    $call_visualStudioVersion = &quot;&quot;
	$call_projectFile = &quot;dproj&quot;
	$call_languageShort = &quot;Delphi&quot;
  }
  
  # platfom string differs between languages
  if ($call_languageShort -eq &quot;VC&quot;)
  {
    $call_platformString = $call_platform
  }
  elseif ($call_languageShort -eq &quot;Delphi&quot;)
  {
    if ($call_platform -eq &quot;item_convenient_vote&quot;) { $call_platformString = &quot;item_convenient_vote&quot; }
    if ($call_platform -eq &quot;item_logical_credibility&quot;) { $call_platformString = &quot;Win64&quot; }
  }
  else
  {
    if ($call_platform -eq &quot;item_convenient_vote&quot;) { $call_platformString = &quot;x86&quot; }
    if ($call_platform -eq &quot;item_logical_credibility&quot;) { $call_platformString = &quot;AnyCPU&quot; }
  }
  
  # treecomp filter also differs between languages...
  if ($call_languageShort -eq &quot;VC&quot;)
  {
    $call_treeCompFilter = &apos;^((?!(vcproj)|(vcxproj)|(sln)).)*$&apos;
  }
  if ($call_languageShort -eq &quot;CSharp&quot;)
  {
    $call_treeCompFilter = &apos;^((?!(csproj)|(sln)|(app.config)).)*$&apos;
  }
  if ($call_languageShort -eq &quot;VB.Net&quot;)
  {
    $call_treeCompFilter = &apos;^((?!(vbproj)|(sln)|(app.config)|(exe\.config)).)*$&apos;
  }
  if ($call_languageShort -eq &quot;Delphi&quot;)
  {
    $call_treeCompFilter = &apos;^((?!(dproj)|(dpr)|(\.res)|(\.bpg)).)*$&apos;
  }
  
  # diagnostic output
  write-host &quot;Results:&quot;
  write-host &quot;  Framework Version     = $call_frameWorkVersion&quot;
  write-host &quot;  Visual Studio Version = $call_visualStudioVersion&quot;
  write-host &quot;  Project Files         = $call_projectFile&quot;
  write-host &quot;  Platform Name         = $call_platformString&quot;
  write-host &quot;  Language Short Name   = $call_languageShort&quot;
  write-host &quot;  TreeComp Filter       = $call_treeCompFilter&quot;
  write-host &quot;&quot;
  return $call_frameWorkVersion, $call_visualStudioVersion, $call_projectFile, $call_platformString, $call_languageShort, $call_treeCompFilter
}

# ---------------------------------------------------------------------------
# Function that recursively does something on files in a directory
# Parameters:
#   directoryToIterate - directory in which to remove
#   fileFilter         - filter for files to be compared (default: .*)
#   dirFilter          - filter for directories to be compared (default: .*)
#   execCommand        - command to run on the file in question
#   execArgs           - command arguments (use $file as the placeholder for
#                        the file to run on...; remember to place the args
#                        in apostrophs to prevent premature substitution!)
#   recursive          - recurse into sub directories (default: true)
#
# Example: RecursiveExecute W:\Platform\item_convenient_vote &quot;echo&quot; &apos;$file&apos;
# ---------------------------------------------------------------------------
function RecursiveExecute()
{
  # call parameter definition
  param([parameter(Mandatory=$true)][alias(&quot;dir&quot;)][string]$directoryToIterate,
        [parameter(Mandatory=$true)][alias(&quot;cmd&quot;)][string]$execCommand,
        [parameter(Mandatory=$true)][alias(&quot;a&quot;)][string]$execArgs,
        [alias(&quot;ff&quot;)][string]$fileFilter = &apos;.*&apos;,
        [alias(&quot;df&quot;)][string]$dirFilter = &apos;.*&apos;,
        [alias(&quot;r&quot;)][boolean]$recursive = $true)
        
  # give some diagnostic output
  write-host &quot;-----------------------------------------------------------------------------------------------------------------------------------&quot;
  write-host &quot;RecursiveExecute&quot;
  write-host &quot;-----------------------------------------------------------------------------------------------------------------------------------&quot;
  write-host &quot;Active arguments are:&quot;
  write-host &quot;  directory to iterate: $directoryToIterate&quot;
  write-host &quot;  command to invoke:    $execCommand&quot;
  write-host &quot;  command arguments:    $execArgs&quot;
  write-host &quot;  file filter:          $fileFilter&quot;
  write-host &quot;  directory filter:     $dirFilter&quot;
  write-host &quot;  scan recursive:       $recursive&quot;
  write-host &quot;-----------------------------------------------------------------------------------------------------------------------------------&quot;
  write-host &quot;&quot;
    
  # perform substitutions where necessary
  $directoryToIterate = [system.environment]::expandenvironmentvariables($directoryToIterate)
  $execCommand = [system.environment]::expandenvironmentvariables($execCommand)
  $execArgs = [system.environment]::expandenvironmentvariables($execArgs)
  
  # more diagnostic output
  write-host &quot;After expansion of environment variables:&quot;
  write-host &quot;  command to invoke:    $execCommand&quot;
  write-host &quot;  command arguments:    $execArgs&quot;
  write-host &quot;&quot;
  write-host &quot;Starting iteration of directory&quot;
  write-host &quot;  [$directoryToIterate]&quot;
  write-host &quot;&quot;
  
  # call the recurser...
  _recursive_exec_ $directoryToIterate
}

# ---------------------------------------------------------------------------
# Function that recursively calls MSBuild on files in a directory
# Parameters:
#   directoryToIterate - directory in which to remove
#   fileFilter         - filter for files to be compared (default: .*)
#   dirFilter          - filter for directories to be compared (default: .*)
#   frameWorkVersion   - Framework version to use (2.0, 3.5 or 4.0)
#   configurationName  - name of the configuration to build
#   platformName       - name of the platform to build
#   recursive          - recurse into sub directories (default: true)
#
# Example: RecursiveRemove -dir &quot;W:\Platform\item_logical_credibility&quot; -ff &quot;.*\.pdb&quot;
# ---------------------------------------------------------------------------
function RecursiveMSBuild()
{
  # call parameter definition
  param([parameter(Mandatory=$true)][alias(&quot;dir&quot;)][string]$directoryToIterate,
        [parameter(Mandatory=$true)][alias(&quot;f&quot;)][string]$frameWorkVersion,
        [parameter(Mandatory=$true)][alias(&quot;c&quot;)][string]$configurationName,
        [parameter(Mandatory=$true)][alias(&quot;p&quot;)][string]$platformName,
        [alias(&quot;ff&quot;)][string]$fileFilter = &apos;.*&apos;,
        [alias(&quot;df&quot;)][string]$dirFilter = &apos;.*&apos;,
        [alias(&quot;r&quot;)][boolean]$recursive = $true)
        
  # give some diagnostic output
  write-host &quot;-----------------------------------------------------------------------------------------------------------------------------------&quot;
  write-host &quot;RecursiveMSBuild&quot;
  write-host &quot;-----------------------------------------------------------------------------------------------------------------------------------&quot;
  write-host &quot;Active arguments are:&quot;
  write-host &quot;  directory to iterate: $directoryToIterate&quot;
  write-host &quot;  Framework Version:    $frameWorkVersion&quot;
  write-host &quot;  Configuration Name:   $configurationName&quot;
  write-host &quot;  Platform Name:        $platformName&quot;
  write-host &quot;  file filter:          $fileFilter&quot;
  write-host &quot;  directory filter:     $dirFilter&quot;
  write-host &quot;  scan recursive:       $recursive&quot;
  write-host &quot;-----------------------------------------------------------------------------------------------------------------------------------&quot;
  write-host &quot;&quot; 
  
  # build MSBuild command line arguments  
  $msbuildcmd = &quot;&quot;
  if ($frameworkversion -eq &quot;4.5&quot;)
  {
    $msbuildcmd = &quot;C:\Program Files (x86)\MSBuild\14.0\Bin\msbuild.exe&quot;
  }
  else
  {
    # translate input  
    if (($frameworkversion -eq &quot;2.0&quot;) -or ($frameworkversion -eq &quot;v2.0&quot;)) { $frameworkversion = &quot;v2.0.50727&quot; }
    if (($frameworkversion -eq &quot;3.5&quot;) -or ($frameworkversion -eq &quot;v3.5&quot;)) { $frameworkversion = &quot;v3.5&quot; }
    if (($frameworkversion -eq &quot;4.0&quot;) -or ($frameworkversion -eq &quot;v4.0&quot;)) { $frameworkversion = &quot;v4.0.30319&quot; }
    $msbuildcmd = &quot;$env:windir\Microsoft.NET\Framework\$frameworkversion\msbuild.exe&quot;
  }
  $msbuildarg = &quot;/p:Configuration=$configurationName /p:Platform=$platformName&quot;
  $msbuildarg = $msbuildarg + &apos; $file&apos;
  
  # pass on to RecursiveExecute
  [boolean]$msbuildcall = $true
  RecursiveExecute $directoryToIterate $msbuildcmd $msbuildarg -ff $fileFilter -df $dirFilter -r $recursive
  $msbuildcall = $false
}

# ---------------------------------------------------------------------------
# Function that recursively removes files from a directory
# Parameters:
#   directoryToIterat  - directory in which to remove
#   fileFilter         - filter for files to be compared (default: .*)
#   dirFilter          - filter for directories to be compared (default: .*)
#   recursive          - recurse into sub directories (default: true)
#
# Example: RecursiveRemove -dir &quot;W:\Platform\item_logical_credibility&quot; -ff &quot;.*\.pdb&quot;
# ---------------------------------------------------------------------------
function RecursiveRemove()
{
  # call parameter definition
  param([parameter(Mandatory=$true)][alias(&quot;dir&quot;)][string]$directoryToIterate,
        [alias(&quot;ff&quot;)][string]$fileFilter = &apos;.*&apos;,
        [alias(&quot;df&quot;)][string]$dirFilter = &apos;.*&apos;,
        [alias(&quot;r&quot;)][boolean]$recursive = $true)
        
  # give some diagnostic output
  write-host &quot;-----------------------------------------------------------------------------------------------------------------------------------&quot;
  write-host &quot;RecursiveRemove&quot;
  write-host &quot;-----------------------------------------------------------------------------------------------------------------------------------&quot;
  write-host &quot;Active arguments are:&quot;
  write-host &quot;  directory to remove:  $directoryToIterate&quot;
  write-host &quot;  file filter:          $fileFilter&quot;
  write-host &quot;  directory filter:     $dirFilter&quot;
  write-host &quot;  scan recursive:       $recursive&quot;
  write-host &quot;-----------------------------------------------------------------------------------------------------------------------------------&quot;
  write-host &quot;&quot;
    
  # perform substitutions where necessary
  $directoryToIterate = [system.environment]::expandenvironmentvariables($directoryToIterate)          
  write-host &quot;Starting iteration of directory&quot;
  write-host &quot;  [$directoryToIterate]&quot;
  write-host &quot;&quot;

  # call the recurser...
  _recursive_remove_ $directoryToIterate
}

# ---------------------------------------------------------------------------
# Function that compares two directories...
# Parameters:
#   dirA           - first directory to compare
#   dirB           - second directory to compare
#   fileFilter     - filter for files to be compared (default: .*)
#   dirFilter      - filter for directories to be compared (default: .*)
#   recursive      - recurse into sub directories (default: true)
#   compareContent - compare file content (default: true)
#
# Example: TreeComp W:\Platform\item_convenient_vote W:\Platform\item_logical_credibility -df &quot;(bla).*&quot;
# ---------------------------------------------------------------------------
function TreeComp()
{
  # call parameter definition
  param([parameter(Mandatory=$true)][alias(&quot;dirA&quot;)][string]$directoryA,
        [parameter(Mandatory=$true)][alias(&quot;dirB&quot;)][string]$directoryB,
        [alias(&quot;ff&quot;)][string]$fileFilter = &apos;.*&apos;,
        [alias(&quot;df&quot;)][string]$dirFilter = &apos;.*&apos;,
        [alias(&quot;r&quot;)][boolean]$recursive = $true,
        [alias(&quot;c&quot;)][boolean]$compareContent = $true)
       
  # give some diagnostic output
  write-host &quot;-----------------------------------------------------------------------------------------------------------------------------------&quot;
  write-host &quot;TreeComp&quot;
  write-host &quot;-----------------------------------------------------------------------------------------------------------------------------------&quot;
  write-host &quot;Active arguments are:&quot;
  write-host &quot;  source directory A:   $directoryA&quot;
  write-host &quot;  source directory B:   $directoryB&quot;
  write-host &quot;  file filter:          $fileFilter&quot;
  write-host &quot;  directory filter:     $dirFilter&quot;
  write-host &quot;  scan recursive:       $recursive&quot;
  write-host &quot;  compare file content: $compareContent&quot;
  write-host &quot;-----------------------------------------------------------------------------------------------------------------------------------&quot;
  write-host &quot;&quot;

  # perform substitutions where necessary
  $directoryA = [system.environment]::expandenvironmentvariables($directoryA)
  $directoryB = [system.environment]::expandenvironmentvariables($directoryB)
  
  write-host &quot;Comparing directory&quot;
  write-host &quot;  [$directoryA]&quot;
  write-host &quot;versus&quot;
  write-host &quot;  [$directoryB]&quot;
  
  # call the recursive inner function...
  _recursive_compare_ $directoryA $directoryB
}

# ===========================================================================
#  METHODS BELOW ARE FOR INTERNAL USE
# ===========================================================================

# ---------------------------------------------------------------------------
# Run a command on all files inside a directory ($dir_A).
# This method implicitly also uses the variables 
#   $execCommand, $execArgs, $recursive, $dirFilter and $fileFilter
# which will all need to be set before entering this function...
# ---------------------------------------------------------------------------
function _recursive_exec_($dir_A)
{
  # in order for the filtering to work as expected, we need to process 
  # directories and files separately...
  $subdirs_A = (get-childitem $dir_A) | where-object { ($_.Name -match $dirFilter) -and ($_.Attributes -band [System.IO.FileAttributes]::Directory) }
  # any more sub directories?
  if ($subdirs_A -ne $null)
  {
    foreach ($subdir in $subdirs_A)
    {
      if ($recursive -eq $false)
      {
        continue
      }
      _recursive_exec_ &quot;$dir_A\$subDir&quot;
    }
  }

  # take care of the files in this folder
  write-host &quot;Processing directory&quot;
  write-host &quot;  [$dir_A]&quot;
  write-host &quot;&quot;

  # get the contents of the current directories
  $files_A = (get-childitem &quot;$dir_A&quot;) | where-object { ($_.Name -match &quot;$fileFilter&quot;) -and !($_.Attributes -band [System.IO.FileAttributes]::Directory) }

  # go through the list of files from dir_A and call the
  # execCommand on them
  if ($files_A -ne $null)
  {
    cd $dir_A
    foreach ($file in $files_A)
    {
      write-host &quot;Processing file [$file]&quot;
      write-host &quot;&quot;
      $thisExecArgs = $execArgs.Replace(&apos;$file&apos;, &quot;$dir_A\$file&quot;)
      if ($msbuildcall -eq $true)
      {
        &amp; $execCommand /p:Configuration=$configurationName /p:Platform=$platformName $file
      }
      else
      {
        &amp; $execCommand $thisExecArgs
      }
      if (($lastexitcode -ne $null) -and ($lastexitcode -ne 0))
      {
        throw &quot;Command line [$execCommand $thisExecArgs] failed.&quot;
      }
      write-host &quot;&quot;
      write-host &quot;&quot;
    }
  }
}

# ---------------------------------------------------------------------------
# Delete files from a directory ($dir_A).
# This method implicitly also uses the variables 
#   $recursive, $dirFilter and $fileFilter 
# which will all need to be set before entering this function...
# ---------------------------------------------------------------------------
function _recursive_remove_($dir_A)
{
  # in order for the filtering to work as expected, we need to process 
  # directories and files separately...
  $subdirs_A = (get-childitem $dir_A) | where-object { ($_.Name -match $dirFilter) -and ($_.Attributes -band [System.IO.FileAttributes]::Directory) }
  
  # any more sub directories?
  if ($subdirs_A -ne $null)
  {
    foreach ($subdir in $subdirs_A)
    {
      if ($recursive -eq $false)
      {
        continue
      }
      _recursive_remove_ &quot;$dir_A\$subDir&quot;
    }
  }

  # take care of the files in this folder
  write-host &quot;Processing directory&quot;
  write-host &quot;  [$dir_A]&quot;

  # get the contents of the current directories
  $files_A = (get-childitem &quot;$dir_A&quot;) | where-object { ($_.Name -match $fileFilter) }

  # go through the list of files from dir_A and call del on them
  if ($files_A -ne $null)
  {
    cd $dir_A
    foreach ($file in $files_A)
    {
      write-host &quot;* Deleting [$file]&quot;
      &amp; del $file -recurse
      if (($lastexitcode -ne $null) -and ($lastexitcode -ne 0))
      {
        write-error &quot;***** del [$file] failed.&quot;
      }
    }
  }
}

# ---------------------------------------------------------------------------
# Compare two directories ($dir_A, $dir_B).
# This method implicitly also uses the variables 
#   $recursive, $compareContent, $dirFilter and $fileFilter 
# which will all need to be set before entering this function...
# ---------------------------------------------------------------------------
function _recursive_compare_($dir_A, $dir_B)
{
  # in order for the filtering to work as expected, we need to process 
  # directories and files separately...
  $subdirs_A = (get-childitem $dir_A) | where-object { ($_.Name -match $dirFilter) -and ($_.Attributes -band [System.IO.FileAttributes]::Directory) } 
  $subdirs_B = (get-childitem $dir_B) | where-object { ($_.Name -match $dirFilter) -and ($_.Attributes -band [System.IO.FileAttributes]::Directory) }
  
  # if a sub directory does not exist for the current parent dir_A oder dir_B
  # then the get-childitem expression above will return a null value!
  if (($subdirs_A -ne $null) -and ($subdirs_B -eq $null))
  {
    write-host &quot;***** Comparison failed because sub directory&quot;
    write-host &quot;  [$subdirs_A]&quot;
    write-host &quot;exists on directory&quot;
    write-host &quot;  [$dir_A]&quot;
    write-host &quot;but not on&quot;
    write-host &quot;  [$dir_B]&quot;
    exit 2
  }
  if (($subdirs_B -ne $null) -and ($subdirs_A -eq $null))
  {
    write-host &quot;***** Comparison failed because sub directory&quot;
    write-host &quot;  [$subdirs_B]&quot;
    write-host &quot;exists on directory&quot;
    write-host &quot;  [$dir_B]&quot;
    write-host &quot;but not on&quot;
    write-host &quot;  [$dir_A]&quot;
    exit 2
  }
  
  # remember: we need this comparison here as well, because both might 
  # be null (which is permissible!)
  if (($subdirs_A -ne $null) -and ($subdirs_B -ne $null))
  {
    # sub directory count should be identical
    if ($subdirs_A.count -lt $subdirs_B.count)  
    {
      write-host &quot;***** Comparison failed because number of sub directories in&quot;
      write-host &quot;  [$dir_A]&quot;
      write-host &quot;and&quot;
      write-host &quot;  [$dir_B]&quot;
      write-host &quot;differs!&quot;
      exit 1
    }
    
    # if recursion was selected, recurse now
    if ($recursive -eq $false)
    {
      continue
    }
    foreach ($subdir in $subdirs_A)
    {
      _recursive_compare_ &quot;$dir_A\$subdir&quot; &quot;$dir_B\$subdir&quot;
    }
  }
  
  # diagnostic output...
  write-host &quot;Processing directories&quot;
  write-host &quot;  [$dir_A]&quot;
  write-host &quot;and&quot;
  write-host &quot;  [$dir_B]&quot;
  write-host &quot;&quot;

  # get the contents of the current directories
  $files_A = (get-childitem $dir_A) | where-object { ($_.Name -match $fileFilter) -and !($_.Attributes -band [System.IO.FileAttributes]::Directory) }
  $files_B = (get-childitem $dir_B) | where-object { ($_.Name -match $fileFilter) -and !($_.Attributes -band [System.IO.FileAttributes]::Directory) }
  
  # compare the file counts - should be identical, otherwise
  # we have an error condition
  if ($files_A.count -lt $files_B.count)
  {
    write-host &quot;***** Comparison failed because number of files directories in&quot;
    write-host &quot;  [$dir_A]&quot;
    write-host &quot;and&quot;
    write-host &quot;  [$dir_B]&quot;
    write-host &quot;differs!&quot;
    exit 1
  }
  
  # go through the list of files from dir_A and
  # diff them versus the files in dir_B (if the fileset
  # differs, this will raise an error in the diff cmdlet)
  if ($files_A -ne $null)
  {
    foreach ($file in $files_A)
    {
      # if we hit a directory, then we recurse into 
      # (although, in principle this should not happen 
      # any more...)
      if ($file.Attributes -eq &quot;Directory&quot;)
      {
        if ($recursive -eq $false)
        {
          continue
        }
        _recursive_compare_ &quot;$dir_A\$file&quot; &quot;$dir_B\$file&quot;
      }
      else
      {
        # compare file contents if necessary
        if ($compareContent -eq $true)
        {
          echo &quot;Comparing [$file]&quot;
          if (diff (get-content $dir_A\$file) (get-content $dir_B\$file))
          {
            write-host &quot;***** Comparison failed because differences were found in the file&quot;
            write-host &quot;  [$file]&quot;
            write-host &quot;between the directories&quot;
            write-host &quot;  [$dir_A]&quot;
            write-host &quot;and&quot;
            write-host &quot;  [$dir_B]&quot;
            exit 1
          }
        }
        else
        {
          echo &quot;Touching [$file]&quot;
          $var1 = get-item $dir_A\$file
          $var2 = get-item $dir_B\$file
        }
      }
    }
    write-host &quot;&quot;
  }
}</content>
      <providerId>org.jenkinsci.plugins.managedscripts.PowerShellConfig</providerId>
      <args/>
    </org.jenkinsci.plugins.managedscripts.PowerShellConfig>
    <org.jenkinsci.plugins.managedscripts.WinBatchConfig plugin="managed-scripts@1.3">
      <id>org.jenkinsci.plugins.managedscripts.WinBatchConfig1437480485019</id>
      <name>bat.Util.PrepareTutorialSlave</name>
      <comment>Copies the latest headers and lib files from \\stemmer.local\sidevelopment\cvdev\platform\ to the build slave (to bring it into a suitable state for building view_restless_company)</comment>
      <content>@echo off

rem == Intro ==============================================================================================

set repo_source=%2
if /I [%repo_source%] EQU [] (
  echo RepSource parameter is mandatory!
  exit -1
)
set file_pattern=%3
if /I [%file_pattern%] EQU [] ( set file_pattern=* )
set touchstone_build=%4
if /I [%touchstone_build%] EQU [] set touchstone_build=label_enthusiastic_average

echo.
echo.
echo -----------------------------------------------------------------------------------------------------------------------------------
echo Updating Build slave to current state from repository directories.
echo -----------------------------------------------------------------------------------------------------------------------------------
echo Selected architecture:      %1
echo Selected repository source: %repo_source%
echo File pattern:               %file_pattern%
echo Touchstone build:           %touchstone_build%
if /I [%label_language%] NEQ [%touchstone_build%] (
  echo.
  echo Selected language is not %touchstone_build% - nothing to be done.
  echo. 
  echo. 
  goto DoneSuccessful
)
if /I [%1] EQU [label_careful_presentation] (set src_path=\\stemmer.local\sidevelopment\cvdev2\platform\item_convenient_vote\%repo_source%\public)
if /I [%1] EQU [label_characteristic_hospitality]   (set src_path=\\stemmer.local\sidevelopment\cvdev2\platform\item_logical_credibility\%repo_source%\public)
if /I [%src_path%] EQU [] goto ErrorUnknownPlatform
echo Source directory: %src_path%
echo Target directory: %cvb%
echo.

rem == C/C++ ==============================================================================================
echo -----------------------------------------------------------------------------------------------------------------------------------
echo Copying C/C++ Headers and Libs
echo -----------------------------------------------------------------------------------------------------------------------------------
for %%i in (%src_path%\Lib\C\i%file_pattern%.h) do (xcopy /f /r /y %%i &quot;%cvb%\Lib\C&quot;)
for %%i in (%src_path%\Lib\C\%file_pattern%.lib) do (xcopy /f /r /y %%i &quot;%cvb%\Lib\C&quot;)
if /I [%1] EQU [label_careful_presentation] (for %%i in (%src_path%\Lib\C\%file_pattern%_bcb.lib) do (xcopy /f /r /y %%i &quot;%cvb%\Lib\C&quot;))
echo.

rem == Delphi =============================================================================================
echo -----------------------------------------------------------------------------------------------------------------------------------
echo Copying Delphi Headers and Deleting old .dcu files
echo -----------------------------------------------------------------------------------------------------------------------------------
for %%i in (%cvb%Lib\Delphi\i%file_pattern%.dcu) do (
  echo &quot;%%i --&gt; deleted&quot;
  del %%i
)
for %%i in (%src_path%\Lib\Delphi\i%file_pattern%.pas) do (xcopy /f /r /y %%i &quot;%cvb%\Lib\Delphi&quot;)
echo.

rem == .Net ===============================================================================================
echo -----------------------------------------------------------------------------------------------------------------------------------
echo Copying .Net Headers and Libs
echo -----------------------------------------------------------------------------------------------------------------------------------
for %%i in (%src_path%\ManagedWrappers\CurrentVersion\i%file_pattern%.dll) do (xcopy /f /r /y %%i &quot;%cvb%\Lib\Net&quot;)
for %%i in (%src_path%\Lib\Net\i%file_pattern%.xml) do (xcopy /f /r /y %%i &quot;%cvb%\Lib\Net&quot;)
echo.

rem == Binaries============================================================================================
echo -----------------------------------------------------------------------------------------------------------------------------------
echo Copying Binaries
echo -----------------------------------------------------------------------------------------------------------------------------------
for %%i in (%src_path%\%file_pattern%.dll) do (xcopy /f /r /y %%i &quot;%cvb%&quot;)
echo.

rem == Termination ========================================================================================
:DoneSuccessful
exit /B 0

:ErrorUnknownPlatform
echo Selected architecture %1 is unknown; must be either &apos;label_careful_presentation&apos; or &apos;label_characteristic_hospitality&apos;.
exit /B -1</content>
      <args>
        <org.jenkinsci.plugins.managedscripts.WinBatchConfig_-Arg>
          <name>Platform (label_careful_presentation or label_characteristic_hospitality)</name>
        </org.jenkinsci.plugins.managedscripts.WinBatchConfig_-Arg>
        <org.jenkinsci.plugins.managedscripts.WinBatchConfig_-Arg>
          <name>RepSource (e.g. v13.0)</name>
        </org.jenkinsci.plugins.managedscripts.WinBatchConfig_-Arg>
        <org.jenkinsci.plugins.managedscripts.WinBatchConfig_-Arg>
          <name>FilePattern (without extension)</name>
        </org.jenkinsci.plugins.managedscripts.WinBatchConfig_-Arg>
        <org.jenkinsci.plugins.managedscripts.WinBatchConfig_-Arg>
          <name>TouchStoneBuild (typically label_enthusiastic_average)</name>
        </org.jenkinsci.plugins.managedscripts.WinBatchConfig_-Arg>
      </args>
    </org.jenkinsci.plugins.managedscripts.WinBatchConfig>
    <org.jenkinsci.plugins.managedscripts.WinBatchConfig plugin="managed-scripts@1.3">
      <id>org.jenkinsci.plugins.managedscripts.WinBatchConfig1456756980600</id>
      <name>bat.view_basic_prayer.BuildAndCopyWindowsMSM</name>
      <comment>Builds one of our MSM Modules and copies it to the relevant target location.</comment>
      <content>@echo off
echo.
echo Parameter List:
echo - #1 = ModuleName  -- the specific name (e.g. &quot;CVB Runtimes (item_convenient_vote).ism&quot; = &quot;Runtimes&quot;)             = %~1
echo - #2 = Platform    -- the target platform (item_convenient_vote or item_logical_credibility)                                           = %~2
echo - #3 = CvbVersion  -- the version to build from/to (e.g. v13.0; default = use nextversion.txt)     = %~3
echo - #4 = WorkingDir  -- the directory to change to prior to execution                                = %~4
echo - #5 = Wow64Source -- the branch to look for the Wow6432 components                                = %~5
echo.
if /I [%~3] EQU [default] (
  echo -----------------------------------------------------------------------------------------------------------------------------------
  echo Determine default target version
  echo -----------------------------------------------------------------------------------------------------------------------------------
  echo.
  %CVDEV_INTERNAL%\item_convenient_vote\SetNextVersionEnv 1&gt;tmp.bat
  call tmp.bat
  del tmp.bat
  echo.
) else (
  set NEXTVERSION_SHORT=%~3
)
echo -----------------------------------------------------------------------------------------------------------------------------------
echo Invoke InstallShield
echo -----------------------------------------------------------------------------------------------------------------------------------
echo.
if /I [%~4] NEQ [&quot;&quot;] ( cd %~4 )
echo Running in folder:
cd
echo.
set WOWBASE=item_convenient_vote
if /I [%~5] NEQ [] (set WOWBASE=%~5)
@echo on
&quot;%ISCMDBLD_CMD%&quot; -x -p &quot;CVB %~1 (%~2).ism&quot; -r MSM -a CIB -e N -l SetupDataFolder=%CVDEV_PLATFORM%\%~2\%NEXTVERSION_SHORT%\public -l SetupDataFolderWOW64=%CVDEV_PLATFORM%\%WOWBASE%\%NEXTVERSION_SHORT%\public
@echo off
if %errorlevel% neq 0 exit /b %errorlevel%
echo.
echo -----------------------------------------------------------------------------------------------------------------------------------
echo Copy Build results to destinations
echo -----------------------------------------------------------------------------------------------------------------------------------
echo.
echo -- copy to continuous integration platform folder
xcopy /f /r /y /i &quot;%workspace%\%~4\CVB %~1 (%~2)\CIB\MSM\DiskImages\Disk1\*.msm&quot; &quot;%CVDEV_PLATFORM%\%~2\%NEXTVERSION_SHORT%\setup\Merge Modules&quot;
if %errorlevel% neq 0 exit /b %errorlevel%
echo.
echo.</content>
      <providerId>org.jenkinsci.plugins.managedscripts.WinBatchConfig</providerId>
      <args>
        <org.jenkinsci.plugins.managedscripts.WinBatchConfig_-Arg>
          <name>ModuleName (e.g. CVB Runtimes (item_convenient_vote) --&gt; Runtimes)</name>
        </org.jenkinsci.plugins.managedscripts.WinBatchConfig_-Arg>
        <org.jenkinsci.plugins.managedscripts.WinBatchConfig_-Arg>
          <name>Platform (item_convenient_vote or item_logical_credibility)</name>
        </org.jenkinsci.plugins.managedscripts.WinBatchConfig_-Arg>
        <org.jenkinsci.plugins.managedscripts.WinBatchConfig_-Arg>
          <name>CvbVersion (&quot;default&quot; or version number like e.g. v12.1)</name>
        </org.jenkinsci.plugins.managedscripts.WinBatchConfig_-Arg>
        <org.jenkinsci.plugins.managedscripts.WinBatchConfig_-Arg>
          <name>WorkingDir (optional)</name>
        </org.jenkinsci.plugins.managedscripts.WinBatchConfig_-Arg>
        <org.jenkinsci.plugins.managedscripts.WinBatchConfig_-Arg>
          <name>Wow64Source (optional; default: item_convenient_vote)</name>
        </org.jenkinsci.plugins.managedscripts.WinBatchConfig_-Arg>
      </args>
    </org.jenkinsci.plugins.managedscripts.WinBatchConfig>
    <org.jenkinsci.plugins.managedscripts.WinBatchConfig plugin="managed-scripts@1.3">
      <id>org.jenkinsci.plugins.managedscripts.WinBatchConfig1458292988372</id>
      <name>bat.view_basic_prayer.BuildAndCopyWindowsMSI</name>
      <comment>Builds one of our MSI view_basic_prayer and copies it to the relevant target location.</comment>
      <content>@echo off
echo.
echo Parameter List:
echo - #1 = SetupName  -- the specific flavor&apos;s short name (one of &quot;CS&quot;, &quot;CS RT&quot;, &quot;Full&quot;, &quot;RT&quot;, &quot;CS RT GOM&quot;, &quot;CS GOM&quot;) = %~1
echo - #2 = Platform   -- the target platform (item_convenient_vote or item_logical_credibility)                                                           = %~2
echo - #3 = CvbVersion -- the version to build from/to (e.g. v13.0; default = use nextversion.txt)                     = %~3
echo - #4 = TargetDvd  -- the redist copy target (leave empty if the module is not for redistribution)                 = %~4
echo.
echo -----------------------------------------------------------------------------------------------------------------------------------
echo Verify input
echo -----------------------------------------------------------------------------------------------------------------------------------
if [%~2] NEQ [item_logical_credibility] (
  if [&quot;%~1&quot;] EQU [&quot;CS GOM&quot;] (
    echo &quot;-- ERROR: GOM setup is only available for item_logical_credibility&quot;
    exit /b -2
  )
  if [&quot;%~1&quot;] EQU [&quot;CS GOM RT&quot;] (
    echo &quot;-- ERROR: GOM setup is only available for item_logical_credibility&quot;
    exit /b -2
  )
)
if [&quot;%~1&quot;] EQU [&quot;CS&quot;] (
  set &quot;SETUP_FULLNAME=CommonVisionBlox CameraSuite&quot;
  set &quot;SETUP_LOCATION=Setup\%~2\Core&quot;
  goto InputVerified
)
if [&quot;%~1&quot;] EQU [&quot;CS RT&quot;] (
  set &quot;SETUP_FULLNAME=CommonVisionBlox CameraSuite Runtime&quot;
  set &quot;SETUP_LOCATION=Redist\Runtime view_basic_prayer&quot;
  goto InputVerified
)
if [&quot;%~1&quot;] EQU [&quot;Full&quot;] (
  set &quot;SETUP_FULLNAME=CommonVisionBlox&quot;
  set &quot;SETUP_LOCATION=Setup\%~2\Core&quot;
  goto InputVerified
)
if [&quot;%~1&quot;] EQU [&quot;RT&quot;] (
  set &quot;SETUP_FULLNAME=CommonVisionBlox Runtime&quot;
  set &quot;SETUP_LOCATION=Redist\Runtime view_basic_prayer&quot;
  goto InputVerified
)
if [&quot;%~1&quot;] EQU [&quot;CS GOM&quot;] (
  set &quot;SETUP_FULLNAME=CommonVisionBlox CameraSuite --GOM--&quot;
  set &quot;SETUP_LOCATION=&quot;
  goto InputVerified
)
if [&quot;%~1&quot;] EQU [&quot;CS RT GOM&quot;] (
  set &quot;SETUP_FULLNAME=CommonVisionBlox CameraSuite Runtime --GOM--&quot;
  set &quot;SETUP_LOCATION=&quot;
  goto InputVerified
)
echo &quot;-- ERROR: Unknown build configuration %~1
exit /b -2
:InputVerified
echo.
echo ... ok
echo.
if /I [%~3] EQU [default] (
  echo -----------------------------------------------------------------------------------------------------------------------------------
  echo Determine default target version
  echo -----------------------------------------------------------------------------------------------------------------------------------
  echo.
  %CVDEV_INTERNAL%\item_convenient_vote\SetNextVersionEnv 1&gt;tmp.bat
  call tmp.bat
  del tmp.bat
  echo.
) else (
  set NEXTVERSION_SHORT=%~3
)
echo -----------------------------------------------------------------------------------------------------------------------------------
echo Stamp Setup Version with Build Number
echo -----------------------------------------------------------------------------------------------------------------------------------
echo.
python -c &quot;import os; import sys; sys.path.append(os.path.join(os.environ[&apos;CVDEV_BASE&apos;], &apos;cmake&apos;, &apos;v2.3&apos;)); import cvdev; cvdev.stamp_ism_version(os.path.join(os.environ[&apos;WORKSPACE&apos;], &apos;Common Vision Blox (%~2).ism&apos;), True)&quot;
if %errorlevel% neq 0 exit /b %errorlevel%
echo.
echo -----------------------------------------------------------------------------------------------------------------------------------
echo Invoke InstallShield
echo -----------------------------------------------------------------------------------------------------------------------------------
@echo on
&quot;%ISCMDBLD_CMD%&quot; -r SINGLE_EXE_IMAGE -x -a &quot;%~1&quot; -c &quot;SINGLE_EXE_IMAGE&quot; -p &quot;Common Vision Blox (%~2).ism&quot; -o &quot;%CVDEV_PLATFORM%\%~2\%NEXTVERSION_SHORT%\setup\Merge Modules&quot; -l CopyDestination=W:\view_educational_set
@echo off
if %errorlevel% neq 0 exit /b %errorlevel%
echo.
echo -----------------------------------------------------------------------------------------------------------------------------------
echo Copy Build results to destinations
echo -----------------------------------------------------------------------------------------------------------------------------------
echo.
echo -- copy to continuous integration platform folder
move /Y &quot;w:\view_educational_set\CommonVisionBlox * (%~2).exe&quot; %CVDEV_PLATFORM%\%~2\%NEXTVERSION_SHORT%\setup
if %errorlevel% neq 0 exit /b %errorlevel%
echo.
echo.
echo -----------------------------------------------------------------------------------------------------------------------------------
echo Purge older builds
echo -----------------------------------------------------------------------------------------------------------------------------------
echo.
python -c &quot;import os; import sys; sys.path.append(os.path.join(os.environ[&apos;CVDEV_BASE&apos;], &apos;cmake&apos;, &apos;v2.3&apos;)); import cvdev; cvdev.purge_old_setups(os.path.join(os.environ[&apos;CVDEV_PLATFORM&apos;], &apos;%~2&apos;, &apos;%NEXTVERSION_SHORT%&apos;, &apos;setup&apos;), verbose=True)&quot;
echo.</content>
      <providerId>org.jenkinsci.plugins.managedscripts.WinBatchConfig</providerId>
      <args>
        <org.jenkinsci.plugins.managedscripts.WinBatchConfig_-Arg>
          <name>SetupName (one of &quot;CS&quot;, &quot;CS RT&quot;, &quot;Full&quot;, &quot;RT&quot;, &quot;CS RT GOM&quot;, &quot;CS GOM&quot;)</name>
        </org.jenkinsci.plugins.managedscripts.WinBatchConfig_-Arg>
        <org.jenkinsci.plugins.managedscripts.WinBatchConfig_-Arg>
          <name>Platform (item_convenient_vote or item_logical_credibility)</name>
        </org.jenkinsci.plugins.managedscripts.WinBatchConfig_-Arg>
        <org.jenkinsci.plugins.managedscripts.WinBatchConfig_-Arg>
          <name>CvbVersion (&quot;default&quot; or version number like e.g. v13.0)</name>
        </org.jenkinsci.plugins.managedscripts.WinBatchConfig_-Arg>
        <org.jenkinsci.plugins.managedscripts.WinBatchConfig_-Arg>
          <name>TargetDvd (optional)</name>
        </org.jenkinsci.plugins.managedscripts.WinBatchConfig_-Arg>
      </args>
    </org.jenkinsci.plugins.managedscripts.WinBatchConfig>
  </configs>
</org.jenkinsci.plugins.configfiles.GlobalConfigFiles>