<org.jenkinsci.plugins.ewm.steps.ExwsAllocateStep_-DescriptorImpl plugin="external-workspace-manager@1.1.2">
  <executionType>org.jenkinsci.plugins.ewm.steps.ExwsAllocateExecution</executionType>
  <diskPools>
    <org.jenkinsci.plugins.ewm.definitions.DiskPool>
      <diskPoolId>workspacePool</diskPoolId>
      <displayName>workspacePool</displayName>
      <restriction class="com.synopsys.arc.jenkinsci.plugins.jobrestrictions.restrictions.logic.AnyJobRestriction" plugin="job-restrictions@0.7"/>
      <strategy class="org.jenkinsci.plugins.ewm.strategies.MostUsableSpaceStrategy">
        <estimatedWorkspaceSize>0</estimatedWorkspaceSize>
      </strategy>
      <disks>
        <org.jenkinsci.plugins.ewm.definitions.Disk>
          <diskId>1</diskId>
          <masterMountPoint>/mnt/cvdev2/ws</masterMountPoint>
          <diskInfo class="org.jenkinsci.plugins.ewm.providers.NoDiskInfo">
            <readSpeed>0</readSpeed>
            <writeSpeed>0</writeSpeed>
          </diskInfo>
        </org.jenkinsci.plugins.ewm.definitions.Disk>
      </disks>
    </org.jenkinsci.plugins.ewm.definitions.DiskPool>
  </diskPools>
</org.jenkinsci.plugins.ewm.steps.ExwsAllocateStep_-DescriptorImpl>