<org.jenkinsci.plugins.workflow.libs.GlobalLibraries plugin="workflow-cps-global-lib@2.9">
  <libraries>
    <org.jenkinsci.plugins.workflow.libs.LibraryConfiguration>
      <name>jenkinsfilebase</name>
      <retriever class="org.jenkinsci.plugins.workflow.libs.SCMSourceRetriever">
        <scm class="jenkins.scm.impl.subversion.SubversionSCMSource" plugin="subversion@2.11.0">
          <id>36fdcfe0-5bad-4788-9a91-0526442b5fc8</id>
          <remoteBase>https://siderepos/svn/cvb/internal_utilities/Development/Jenkins/libs/jenkinsfilebase/</remoteBase>
          <credentialsId>ec6bfba1-616e-41a3-8e3a-778517f4c31a</credentialsId>
          <includes>trunk,branches/*,tags/*</includes>
          <excludes/>
        </scm>
      </retriever>
      <defaultVersion>trunk</defaultVersion>
      <implicit>true</implicit>
      <allowVersionOverride>true</allowVersionOverride>
      <includeInChangesets>true</includeInChangesets>
    </org.jenkinsci.plugins.workflow.libs.LibraryConfiguration>
  </libraries>
</org.jenkinsci.plugins.workflow.libs.GlobalLibraries>