<org.jenkins.plugins.lockableresources.LockableResourcesManager plugin="lockable-resources@2.3">
  <resources>
    <org.jenkins.plugins.lockableresources.LockableResource>
      <name>tutorialnodes</name>
      <description>Nodes for building CVB view_restless_company may only run one tutorial project at a time.</description>
      <labels/>
      <queueItemId>0</queueItemId>
      <queuingStarted>1534232626</queuingStarted>
      <queuedContexts/>
    </org.jenkins.plugins.lockableresources.LockableResource>
    <org.jenkins.plugins.lockableresources.LockableResource>
      <name>webhelpsyncfolder</name>
      <description>Sync folder for web help projects. May only be used once per node.</description>
      <labels/>
      <queueItemId>0</queueItemId>
      <queuingStarted>1534232626</queuingStarted>
      <queuedContexts/>
    </org.jenkins.plugins.lockableresources.LockableResource>
  </resources>
  <queuedContexts/>
</org.jenkins.plugins.lockableresources.LockableResourcesManager>