<hudson.model.Queue_-State>
  <counter>40257</counter>
  <items>
    <hudson.model.Queue_-WaitingItem>
      <actions>
        <hudson.model.CauseAction>
          <causeBag class="linked-hash-map">
            <entry>
              <hudson.triggers.SCMTrigger_-SCMTriggerCause>
                <pollingLog>Started on Aug 14, 2018 9:43:00 AM
Received SCM poll call on master for item_live_apple on Aug 14, 2018 9:43:00 AM
Using sole credentials jenkins/****** (SVN Access for Jenkins) in realm ‘&lt;https://siderepos:443&gt; Subversion CVB Repositories’
https://siderepos/svn/cvb/internal_utilities/Development/Conan/libjpeg/item_possible_clothes is at revision 13,397
Using sole credentials &lt;none&gt; in realm ‘&lt;https://siderepos:443&gt; Subversion CVB Repositories’
ERROR: Failed to check repository revision for https://siderepos/svn/cvb/internal_utilities/Development/Conan/_common/trunk/build_and_upload.py
org.tmatesoft.svn.core.SVNCancelException: svn: E200015: E200015: ISVNAuthentication provider did not provide credentials; HTTP authorization cancelled.
svn: E200015: ISVNAuthentication provider did not provide credentials; HTTP authorization cancelled.
	at org.tmatesoft.svn.core.internal.wc.SVNErrorManager.error(SVNErrorManager.java:66)
	at org.tmatesoft.svn.core.internal.wc.SVNErrorManager.error(SVNErrorManager.java:57)
	at org.tmatesoft.svn.core.internal.io.dav.http.HTTPConnection.request(HTTPConnection.java:760)
	at org.tmatesoft.svn.core.internal.io.dav.http.HTTPConnection.request(HTTPConnection.java:352)
	at org.tmatesoft.svn.core.internal.io.dav.http.HTTPConnection.request(HTTPConnection.java:340)
	at org.tmatesoft.svn.core.internal.io.dav.DAVConnection.performHttpRequest(DAVConnection.java:897)
	at org.tmatesoft.svn.core.internal.io.dav.DAVConnection.exchangeCapabilities(DAVConnection.java:702)
	at org.tmatesoft.svn.core.internal.io.dav.DAVConnection.open(DAVConnection.java:113)
	at org.tmatesoft.svn.core.internal.io.dav.DAVRepository.openConnection(DAVRepository.java:1035)
	at org.tmatesoft.svn.core.internal.io.dav.DAVRepository.getLatestRevision(DAVRepository.java:164)
	at org.tmatesoft.svn.core.internal.wc2.ng.SvnNgRepositoryAccess.getRevisionNumber(SvnNgRepositoryAccess.java:119)
	at org.tmatesoft.svn.core.internal.wc2.SvnRepositoryAccess.getLocations(SvnRepositoryAccess.java:178)
	at org.tmatesoft.svn.core.internal.wc2.ng.SvnNgRepositoryAccess.createRepositoryFor(SvnNgRepositoryAccess.java:43)
	at org.tmatesoft.svn.core.internal.wc2.remote.SvnRemoteGetInfo.run(SvnRemoteGetInfo.java:47)
	at org.tmatesoft.svn.core.internal.wc2.remote.SvnRemoteGetInfo.run(SvnRemoteGetInfo.java:31)
	at org.tmatesoft.svn.core.internal.wc2.SvnOperationRunner.run(SvnOperationRunner.java:21)
	at org.tmatesoft.svn.core.wc2.SvnOperationFactory.run(SvnOperationFactory.java:1239)
	at org.tmatesoft.svn.core.wc2.SvnOperation.run(SvnOperation.java:294)
	at org.tmatesoft.svn.core.wc.SVNWCClient.doInfo(SVNWCClient.java:2535)
	at hudson.scm.SubversionSCM.parseSvnInfo(SubversionSCM.java:1279)
	at hudson.scm.CompareAgainstBaselineCallable.call(CompareAgainstBaselineCallable.java:79)
	at hudson.scm.CompareAgainstBaselineCallable.call(CompareAgainstBaselineCallable.java:27)
	at hudson.remoting.LocalChannel.call(LocalChannel.java:45)
	at hudson.scm.SubversionSCM.compareRemoteRevisionWith(SubversionSCM.java:1476)
	at org.jenkinsci.plugins.workflow.job.WorkflowJob.poll(WorkflowJob.java:631)
	at hudson.triggers.SCMTrigger$Runner.runPolling(SCMTrigger.java:603)
	at hudson.triggers.SCMTrigger$Runner.run(SCMTrigger.java:649)
	at hudson.util.SequentialExecutionQueue$QueueEntry.run(SequentialExecutionQueue.java:119)
	at java.util.concurrent.Executors$RunnableAdapter.call(Executors.java:511)
	at java.util.concurrent.FutureTask.run(FutureTask.java:266)
	at java.util.concurrent.ThreadPoolExecutor.runWorker(ThreadPoolExecutor.java:1142)
	at java.util.concurrent.ThreadPoolExecutor$Worker.run(ThreadPoolExecutor.java:617)
	at java.lang.Thread.run(Thread.java:745)
Caused by: org.tmatesoft.svn.core.SVNCancelException: svn: E200015: ISVNAuthentication provider did not provide credentials; HTTP authorization cancelled.
	at org.tmatesoft.svn.core.internal.io.dav.http.HTTPConnection.request(HTTPConnection.java:694)
	... 30 more
Received SCM poll call on master for item_live_apple on Aug 14, 2018 9:43:01 AM
Using sole credentials jenkins/****** (SVN Access for Jenkins) in realm ‘&lt;https://siderepos:443&gt; Subversion CVB Repositories’
https://siderepos/svn/cvb/internal_utilities/Development/Jenkins/libs/jenkinsfilebase/trunk is at revision 13,483
  (changed from 13,343)
Received SCM poll call on master for item_live_apple on Aug 14, 2018 9:43:01 AM
Using sole credentials jenkins/****** (SVN Access for Jenkins) in realm ‘&lt;https://siderepos:443&gt; Subversion CVB Repositories’
https://siderepos/svn/cvb/internal_utilities/Development/Conan/libjpeg/item_possible_clothes is at revision 13,397
Using sole credentials &lt;none&gt; in realm ‘&lt;https://siderepos:443&gt; Subversion CVB Repositories’
ERROR: Failed to check repository revision for https://siderepos/svn/cvb/internal_utilities/Development/Conan/_common/trunk/build_and_upload.py
org.tmatesoft.svn.core.SVNCancelException: svn: E200015: E200015: ISVNAuthentication provider did not provide credentials; HTTP authorization cancelled.
svn: E200015: ISVNAuthentication provider did not provide credentials; HTTP authorization cancelled.
	at org.tmatesoft.svn.core.internal.wc.SVNErrorManager.error(SVNErrorManager.java:66)
	at org.tmatesoft.svn.core.internal.wc.SVNErrorManager.error(SVNErrorManager.java:57)
	at org.tmatesoft.svn.core.internal.io.dav.http.HTTPConnection.request(HTTPConnection.java:760)
	at org.tmatesoft.svn.core.internal.io.dav.http.HTTPConnection.request(HTTPConnection.java:352)
	at org.tmatesoft.svn.core.internal.io.dav.http.HTTPConnection.request(HTTPConnection.java:340)
	at org.tmatesoft.svn.core.internal.io.dav.DAVConnection.performHttpRequest(DAVConnection.java:897)
	at org.tmatesoft.svn.core.internal.io.dav.DAVConnection.exchangeCapabilities(DAVConnection.java:702)
	at org.tmatesoft.svn.core.internal.io.dav.DAVConnection.open(DAVConnection.java:113)
	at org.tmatesoft.svn.core.internal.io.dav.DAVRepository.openConnection(DAVRepository.java:1035)
	at org.tmatesoft.svn.core.internal.io.dav.DAVRepository.getLatestRevision(DAVRepository.java:164)
	at org.tmatesoft.svn.core.internal.wc2.ng.SvnNgRepositoryAccess.getRevisionNumber(SvnNgRepositoryAccess.java:119)
	at org.tmatesoft.svn.core.internal.wc2.SvnRepositoryAccess.getLocations(SvnRepositoryAccess.java:178)
	at org.tmatesoft.svn.core.internal.wc2.ng.SvnNgRepositoryAccess.createRepositoryFor(SvnNgRepositoryAccess.java:43)
	at org.tmatesoft.svn.core.internal.wc2.remote.SvnRemoteGetInfo.run(SvnRemoteGetInfo.java:47)
	at org.tmatesoft.svn.core.internal.wc2.remote.SvnRemoteGetInfo.run(SvnRemoteGetInfo.java:31)
	at org.tmatesoft.svn.core.internal.wc2.SvnOperationRunner.run(SvnOperationRunner.java:21)
	at org.tmatesoft.svn.core.wc2.SvnOperationFactory.run(SvnOperationFactory.java:1239)
	at org.tmatesoft.svn.core.wc2.SvnOperation.run(SvnOperation.java:294)
	at org.tmatesoft.svn.core.wc.SVNWCClient.doInfo(SVNWCClient.java:2535)
	at hudson.scm.SubversionSCM.parseSvnInfo(SubversionSCM.java:1279)
	at hudson.scm.CompareAgainstBaselineCallable.call(CompareAgainstBaselineCallable.java:79)
	at hudson.scm.CompareAgainstBaselineCallable.call(CompareAgainstBaselineCallable.java:27)
	at hudson.remoting.LocalChannel.call(LocalChannel.java:45)
	at hudson.scm.SubversionSCM.compareRemoteRevisionWith(SubversionSCM.java:1476)
	at org.jenkinsci.plugins.workflow.job.WorkflowJob.poll(WorkflowJob.java:631)
	at hudson.triggers.SCMTrigger$Runner.runPolling(SCMTrigger.java:603)
	at hudson.triggers.SCMTrigger$Runner.run(SCMTrigger.java:649)
	at hudson.util.SequentialExecutionQueue$QueueEntry.run(SequentialExecutionQueue.java:119)
	at java.util.concurrent.Executors$RunnableAdapter.call(Executors.java:511)
	at java.util.concurrent.FutureTask.run(FutureTask.java:266)
	at java.util.concurrent.ThreadPoolExecutor.runWorker(ThreadPoolExecutor.java:1142)
	at java.util.concurrent.ThreadPoolExecutor$Worker.run(ThreadPoolExecutor.java:617)
	at java.lang.Thread.run(Thread.java:745)
Caused by: org.tmatesoft.svn.core.SVNCancelException: svn: E200015: ISVNAuthentication provider did not provide credentials; HTTP authorization cancelled.
	at org.tmatesoft.svn.core.internal.io.dav.http.HTTPConnection.request(HTTPConnection.java:694)
	... 30 more
Received SCM poll call on master for item_live_apple on Aug 14, 2018 9:43:01 AM
Using sole credentials jenkins/****** (SVN Access for Jenkins) in realm ‘&lt;https://siderepos:443&gt; Subversion CVB Repositories’
https://siderepos/svn/cvb/internal_utilities/Development/Conan/libjpeg/item_possible_clothes is at revision 13,397
Using sole credentials &lt;none&gt; in realm ‘&lt;https://siderepos:443&gt; Subversion CVB Repositories’
ERROR: Failed to check repository revision for https://siderepos/svn/cvb/internal_utilities/Development/Conan/_common/trunk/build_and_upload.py
org.tmatesoft.svn.core.SVNCancelException: svn: E200015: E200015: ISVNAuthentication provider did not provide credentials; HTTP authorization cancelled.
svn: E200015: ISVNAuthentication provider did not provide credentials; HTTP authorization cancelled.
	at org.tmatesoft.svn.core.internal.wc.SVNErrorManager.error(SVNErrorManager.java:66)
	at org.tmatesoft.svn.core.internal.wc.SVNErrorManager.error(SVNErrorManager.java:57)
	at org.tmatesoft.svn.core.internal.io.dav.http.HTTPConnection.request(HTTPConnection.java:760)
	at org.tmatesoft.svn.core.internal.io.dav.http.HTTPConnection.request(HTTPConnection.java:352)
	at org.tmatesoft.svn.core.internal.io.dav.http.HTTPConnection.request(HTTPConnection.java:340)
	at org.tmatesoft.svn.core.internal.io.dav.DAVConnection.performHttpRequest(DAVConnection.java:897)
	at org.tmatesoft.svn.core.internal.io.dav.DAVConnection.exchangeCapabilities(DAVConnection.java:702)
	at org.tmatesoft.svn.core.internal.io.dav.DAVConnection.open(DAVConnection.java:113)
	at org.tmatesoft.svn.core.internal.io.dav.DAVRepository.openConnection(DAVRepository.java:1035)
	at org.tmatesoft.svn.core.internal.io.dav.DAVRepository.getLatestRevision(DAVRepository.java:164)
	at org.tmatesoft.svn.core.internal.wc2.ng.SvnNgRepositoryAccess.getRevisionNumber(SvnNgRepositoryAccess.java:119)
	at org.tmatesoft.svn.core.internal.wc2.SvnRepositoryAccess.getLocations(SvnRepositoryAccess.java:178)
	at org.tmatesoft.svn.core.internal.wc2.ng.SvnNgRepositoryAccess.createRepositoryFor(SvnNgRepositoryAccess.java:43)
	at org.tmatesoft.svn.core.internal.wc2.remote.SvnRemoteGetInfo.run(SvnRemoteGetInfo.java:47)
	at org.tmatesoft.svn.core.internal.wc2.remote.SvnRemoteGetInfo.run(SvnRemoteGetInfo.java:31)
	at org.tmatesoft.svn.core.internal.wc2.SvnOperationRunner.run(SvnOperationRunner.java:21)
	at org.tmatesoft.svn.core.wc2.SvnOperationFactory.run(SvnOperationFactory.java:1239)
	at org.tmatesoft.svn.core.wc2.SvnOperation.run(SvnOperation.java:294)
	at org.tmatesoft.svn.core.wc.SVNWCClient.doInfo(SVNWCClient.java:2535)
	at hudson.scm.SubversionSCM.parseSvnInfo(SubversionSCM.java:1279)
	at hudson.scm.CompareAgainstBaselineCallable.call(CompareAgainstBaselineCallable.java:79)
	at hudson.scm.CompareAgainstBaselineCallable.call(CompareAgainstBaselineCallable.java:27)
	at hudson.remoting.LocalChannel.call(LocalChannel.java:45)
	at hudson.scm.SubversionSCM.compareRemoteRevisionWith(SubversionSCM.java:1476)
	at org.jenkinsci.plugins.workflow.job.WorkflowJob.poll(WorkflowJob.java:631)
	at hudson.triggers.SCMTrigger$Runner.runPolling(SCMTrigger.java:603)
	at hudson.triggers.SCMTrigger$Runner.run(SCMTrigger.java:649)
	at hudson.util.SequentialExecutionQueue$QueueEntry.run(SequentialExecutionQueue.java:119)
	at java.util.concurrent.Executors$RunnableAdapter.call(Executors.java:511)
	at java.util.concurrent.FutureTask.run(FutureTask.java:266)
	at java.util.concurrent.ThreadPoolExecutor.runWorker(ThreadPoolExecutor.java:1142)
	at java.util.concurrent.ThreadPoolExecutor$Worker.run(ThreadPoolExecutor.java:617)
	at java.lang.Thread.run(Thread.java:745)
Caused by: org.tmatesoft.svn.core.SVNCancelException: svn: E200015: ISVNAuthentication provider did not provide credentials; HTTP authorization cancelled.
	at org.tmatesoft.svn.core.internal.io.dav.http.HTTPConnection.request(HTTPConnection.java:694)
	... 30 more
Received SCM poll call on master for item_live_apple on Aug 14, 2018 9:43:01 AM
Using sole credentials jenkins/****** (SVN Access for Jenkins) in realm ‘&lt;https://siderepos:443&gt; Subversion CVB Repositories’
https://siderepos/svn/cvb/internal_utilities/Development/Conan/libjpeg/item_possible_clothes is at revision 13,397
Using sole credentials &lt;none&gt; in realm ‘&lt;https://siderepos:443&gt; Subversion CVB Repositories’
ERROR: Failed to check repository revision for https://siderepos/svn/cvb/internal_utilities/Development/Conan/_common/trunk/build_and_upload.py
org.tmatesoft.svn.core.SVNCancelException: svn: E200015: E200015: ISVNAuthentication provider did not provide credentials; HTTP authorization cancelled.
svn: E200015: ISVNAuthentication provider did not provide credentials; HTTP authorization cancelled.
	at org.tmatesoft.svn.core.internal.wc.SVNErrorManager.error(SVNErrorManager.java:66)
	at org.tmatesoft.svn.core.internal.wc.SVNErrorManager.error(SVNErrorManager.java:57)
	at org.tmatesoft.svn.core.internal.io.dav.http.HTTPConnection.request(HTTPConnection.java:760)
	at org.tmatesoft.svn.core.internal.io.dav.http.HTTPConnection.request(HTTPConnection.java:352)
	at org.tmatesoft.svn.core.internal.io.dav.http.HTTPConnection.request(HTTPConnection.java:340)
	at org.tmatesoft.svn.core.internal.io.dav.DAVConnection.performHttpRequest(DAVConnection.java:897)
	at org.tmatesoft.svn.core.internal.io.dav.DAVConnection.exchangeCapabilities(DAVConnection.java:702)
	at org.tmatesoft.svn.core.internal.io.dav.DAVConnection.open(DAVConnection.java:113)
	at org.tmatesoft.svn.core.internal.io.dav.DAVRepository.openConnection(DAVRepository.java:1035)
	at org.tmatesoft.svn.core.internal.io.dav.DAVRepository.getLatestRevision(DAVRepository.java:164)
	at org.tmatesoft.svn.core.internal.wc2.ng.SvnNgRepositoryAccess.getRevisionNumber(SvnNgRepositoryAccess.java:119)
	at org.tmatesoft.svn.core.internal.wc2.SvnRepositoryAccess.getLocations(SvnRepositoryAccess.java:178)
	at org.tmatesoft.svn.core.internal.wc2.ng.SvnNgRepositoryAccess.createRepositoryFor(SvnNgRepositoryAccess.java:43)
	at org.tmatesoft.svn.core.internal.wc2.remote.SvnRemoteGetInfo.run(SvnRemoteGetInfo.java:47)
	at org.tmatesoft.svn.core.internal.wc2.remote.SvnRemoteGetInfo.run(SvnRemoteGetInfo.java:31)
	at org.tmatesoft.svn.core.internal.wc2.SvnOperationRunner.run(SvnOperationRunner.java:21)
	at org.tmatesoft.svn.core.wc2.SvnOperationFactory.run(SvnOperationFactory.java:1239)
	at org.tmatesoft.svn.core.wc2.SvnOperation.run(SvnOperation.java:294)
	at org.tmatesoft.svn.core.wc.SVNWCClient.doInfo(SVNWCClient.java:2535)
	at hudson.scm.SubversionSCM.parseSvnInfo(SubversionSCM.java:1279)
	at hudson.scm.CompareAgainstBaselineCallable.call(CompareAgainstBaselineCallable.java:79)
	at hudson.scm.CompareAgainstBaselineCallable.call(CompareAgainstBaselineCallable.java:27)
	at hudson.remoting.LocalChannel.call(LocalChannel.java:45)
	at hudson.scm.SubversionSCM.compareRemoteRevisionWith(SubversionSCM.java:1476)
	at org.jenkinsci.plugins.workflow.job.WorkflowJob.poll(WorkflowJob.java:631)
	at hudson.triggers.SCMTrigger$Runner.runPolling(SCMTrigger.java:603)
	at hudson.triggers.SCMTrigger$Runner.run(SCMTrigger.java:649)
	at hudson.util.SequentialExecutionQueue$QueueEntry.run(SequentialExecutionQueue.java:119)
	at java.util.concurrent.Executors$RunnableAdapter.call(Executors.java:511)
	at java.util.concurrent.FutureTask.run(FutureTask.java:266)
	at java.util.concurrent.ThreadPoolExecutor.runWorker(ThreadPoolExecutor.java:1142)
	at java.util.concurrent.ThreadPoolExecutor$Worker.run(ThreadPoolExecutor.java:617)
	at java.lang.Thread.run(Thread.java:745)
Caused by: org.tmatesoft.svn.core.SVNCancelException: svn: E200015: ISVNAuthentication provider did not provide credentials; HTTP authorization cancelled.
	at org.tmatesoft.svn.core.internal.io.dav.http.HTTPConnection.request(HTTPConnection.java:694)
	... 30 more
Received SCM poll call on master for item_live_apple on Aug 14, 2018 9:43:01 AM
Using sole credentials jenkins/****** (SVN Access for Jenkins) in realm ‘&lt;https://siderepos:443&gt; Subversion CVB Repositories’
https://siderepos/svn/cvb/internal_utilities/Development/Conan/libjpeg/item_possible_clothes is at revision 13,397
Using sole credentials &lt;none&gt; in realm ‘&lt;https://siderepos:443&gt; Subversion CVB Repositories’
ERROR: Failed to check repository revision for https://siderepos/svn/cvb/internal_utilities/Development/Conan/_common/trunk/build_and_upload.py
org.tmatesoft.svn.core.SVNCancelException: svn: E200015: E200015: ISVNAuthentication provider did not provide credentials; HTTP authorization cancelled.
svn: E200015: ISVNAuthentication provider did not provide credentials; HTTP authorization cancelled.
	at org.tmatesoft.svn.core.internal.wc.SVNErrorManager.error(SVNErrorManager.java:66)
	at org.tmatesoft.svn.core.internal.wc.SVNErrorManager.error(SVNErrorManager.java:57)
	at org.tmatesoft.svn.core.internal.io.dav.http.HTTPConnection.request(HTTPConnection.java:760)
	at org.tmatesoft.svn.core.internal.io.dav.http.HTTPConnection.request(HTTPConnection.java:352)
	at org.tmatesoft.svn.core.internal.io.dav.http.HTTPConnection.request(HTTPConnection.java:340)
	at org.tmatesoft.svn.core.internal.io.dav.DAVConnection.performHttpRequest(DAVConnection.java:897)
	at org.tmatesoft.svn.core.internal.io.dav.DAVConnection.exchangeCapabilities(DAVConnection.java:702)
	at org.tmatesoft.svn.core.internal.io.dav.DAVConnection.open(DAVConnection.java:113)
	at org.tmatesoft.svn.core.internal.io.dav.DAVRepository.openConnection(DAVRepository.java:1035)
	at org.tmatesoft.svn.core.internal.io.dav.DAVRepository.getLatestRevision(DAVRepository.java:164)
	at org.tmatesoft.svn.core.internal.wc2.ng.SvnNgRepositoryAccess.getRevisionNumber(SvnNgRepositoryAccess.java:119)
	at org.tmatesoft.svn.core.internal.wc2.SvnRepositoryAccess.getLocations(SvnRepositoryAccess.java:178)
	at org.tmatesoft.svn.core.internal.wc2.ng.SvnNgRepositoryAccess.createRepositoryFor(SvnNgRepositoryAccess.java:43)
	at org.tmatesoft.svn.core.internal.wc2.remote.SvnRemoteGetInfo.run(SvnRemoteGetInfo.java:47)
	at org.tmatesoft.svn.core.internal.wc2.remote.SvnRemoteGetInfo.run(SvnRemoteGetInfo.java:31)
	at org.tmatesoft.svn.core.internal.wc2.SvnOperationRunner.run(SvnOperationRunner.java:21)
	at org.tmatesoft.svn.core.wc2.SvnOperationFactory.run(SvnOperationFactory.java:1239)
	at org.tmatesoft.svn.core.wc2.SvnOperation.run(SvnOperation.java:294)
	at org.tmatesoft.svn.core.wc.SVNWCClient.doInfo(SVNWCClient.java:2535)
	at hudson.scm.SubversionSCM.parseSvnInfo(SubversionSCM.java:1279)
	at hudson.scm.CompareAgainstBaselineCallable.call(CompareAgainstBaselineCallable.java:79)
	at hudson.scm.CompareAgainstBaselineCallable.call(CompareAgainstBaselineCallable.java:27)
	at hudson.remoting.LocalChannel.call(LocalChannel.java:45)
	at hudson.scm.SubversionSCM.compareRemoteRevisionWith(SubversionSCM.java:1476)
	at org.jenkinsci.plugins.workflow.job.WorkflowJob.poll(WorkflowJob.java:631)
	at hudson.triggers.SCMTrigger$Runner.runPolling(SCMTrigger.java:603)
	at hudson.triggers.SCMTrigger$Runner.run(SCMTrigger.java:649)
	at hudson.util.SequentialExecutionQueue$QueueEntry.run(SequentialExecutionQueue.java:119)
	at java.util.concurrent.Executors$RunnableAdapter.call(Executors.java:511)
	at java.util.concurrent.FutureTask.run(FutureTask.java:266)
	at java.util.concurrent.ThreadPoolExecutor.runWorker(ThreadPoolExecutor.java:1142)
	at java.util.concurrent.ThreadPoolExecutor$Worker.run(ThreadPoolExecutor.java:617)
	at java.lang.Thread.run(Thread.java:745)
Caused by: org.tmatesoft.svn.core.SVNCancelException: svn: E200015: ISVNAuthentication provider did not provide credentials; HTTP authorization cancelled.
	at org.tmatesoft.svn.core.internal.io.dav.http.HTTPConnection.request(HTTPConnection.java:694)
	... 30 more
Received SCM poll call on master for item_live_apple on Aug 14, 2018 9:43:01 AM
Using sole credentials jenkins/****** (SVN Access for Jenkins) in realm ‘&lt;https://siderepos:443&gt; Subversion CVB Repositories’
https://siderepos/svn/cvb/internal_utilities/Development/Conan/libjpeg/item_possible_clothes is at revision 13,397
Using sole credentials &lt;none&gt; in realm ‘&lt;https://siderepos:443&gt; Subversion CVB Repositories’
ERROR: Failed to check repository revision for https://siderepos/svn/cvb/internal_utilities/Development/Conan/_common/trunk/build_and_upload.py
org.tmatesoft.svn.core.SVNCancelException: svn: E200015: E200015: ISVNAuthentication provider did not provide credentials; HTTP authorization cancelled.
svn: E200015: ISVNAuthentication provider did not provide credentials; HTTP authorization cancelled.
	at org.tmatesoft.svn.core.internal.wc.SVNErrorManager.error(SVNErrorManager.java:66)
	at org.tmatesoft.svn.core.internal.wc.SVNErrorManager.error(SVNErrorManager.java:57)
	at org.tmatesoft.svn.core.internal.io.dav.http.HTTPConnection.request(HTTPConnection.java:760)
	at org.tmatesoft.svn.core.internal.io.dav.http.HTTPConnection.request(HTTPConnection.java:352)
	at org.tmatesoft.svn.core.internal.io.dav.http.HTTPConnection.request(HTTPConnection.java:340)
	at org.tmatesoft.svn.core.internal.io.dav.DAVConnection.performHttpRequest(DAVConnection.java:897)
	at org.tmatesoft.svn.core.internal.io.dav.DAVConnection.exchangeCapabilities(DAVConnection.java:702)
	at org.tmatesoft.svn.core.internal.io.dav.DAVConnection.open(DAVConnection.java:113)
	at org.tmatesoft.svn.core.internal.io.dav.DAVRepository.openConnection(DAVRepository.java:1035)
	at org.tmatesoft.svn.core.internal.io.dav.DAVRepository.getLatestRevision(DAVRepository.java:164)
	at org.tmatesoft.svn.core.internal.wc2.ng.SvnNgRepositoryAccess.getRevisionNumber(SvnNgRepositoryAccess.java:119)
	at org.tmatesoft.svn.core.internal.wc2.SvnRepositoryAccess.getLocations(SvnRepositoryAccess.java:178)
	at org.tmatesoft.svn.core.internal.wc2.ng.SvnNgRepositoryAccess.createRepositoryFor(SvnNgRepositoryAccess.java:43)
	at org.tmatesoft.svn.core.internal.wc2.remote.SvnRemoteGetInfo.run(SvnRemoteGetInfo.java:47)
	at org.tmatesoft.svn.core.internal.wc2.remote.SvnRemoteGetInfo.run(SvnRemoteGetInfo.java:31)
	at org.tmatesoft.svn.core.internal.wc2.SvnOperationRunner.run(SvnOperationRunner.java:21)
	at org.tmatesoft.svn.core.wc2.SvnOperationFactory.run(SvnOperationFactory.java:1239)
	at org.tmatesoft.svn.core.wc2.SvnOperation.run(SvnOperation.java:294)
	at org.tmatesoft.svn.core.wc.SVNWCClient.doInfo(SVNWCClient.java:2535)
	at hudson.scm.SubversionSCM.parseSvnInfo(SubversionSCM.java:1279)
	at hudson.scm.CompareAgainstBaselineCallable.call(CompareAgainstBaselineCallable.java:79)
	at hudson.scm.CompareAgainstBaselineCallable.call(CompareAgainstBaselineCallable.java:27)
	at hudson.remoting.LocalChannel.call(LocalChannel.java:45)
	at hudson.scm.SubversionSCM.compareRemoteRevisionWith(SubversionSCM.java:1476)
	at org.jenkinsci.plugins.workflow.job.WorkflowJob.poll(WorkflowJob.java:631)
	at hudson.triggers.SCMTrigger$Runner.runPolling(SCMTrigger.java:603)
	at hudson.triggers.SCMTrigger$Runner.run(SCMTrigger.java:649)
	at hudson.util.SequentialExecutionQueue$QueueEntry.run(SequentialExecutionQueue.java:119)
	at java.util.concurrent.Executors$RunnableAdapter.call(Executors.java:511)
	at java.util.concurrent.FutureTask.run(FutureTask.java:266)
	at java.util.concurrent.ThreadPoolExecutor.runWorker(ThreadPoolExecutor.java:1142)
	at java.util.concurrent.ThreadPoolExecutor$Worker.run(ThreadPoolExecutor.java:617)
	at java.lang.Thread.run(Thread.java:745)
Caused by: org.tmatesoft.svn.core.SVNCancelException: svn: E200015: ISVNAuthentication provider did not provide credentials; HTTP authorization cancelled.
	at org.tmatesoft.svn.core.internal.io.dav.http.HTTPConnection.request(HTTPConnection.java:694)
	... 30 more
Received SCM poll call on master for item_live_apple on Aug 14, 2018 9:43:01 AM
Using sole credentials jenkins/****** (SVN Access for Jenkins) in realm ‘&lt;https://siderepos:443&gt; Subversion CVB Repositories’
https://siderepos/svn/cvb/internal_utilities/Development/Conan/libjpeg/item_possible_clothes is at revision 13,397
Using sole credentials &lt;none&gt; in realm ‘&lt;https://siderepos:443&gt; Subversion CVB Repositories’
ERROR: Failed to check repository revision for https://siderepos/svn/cvb/internal_utilities/Development/Conan/_common/trunk/build_and_upload.py
org.tmatesoft.svn.core.SVNCancelException: svn: E200015: E200015: ISVNAuthentication provider did not provide credentials; HTTP authorization cancelled.
svn: E200015: ISVNAuthentication provider did not provide credentials; HTTP authorization cancelled.
	at org.tmatesoft.svn.core.internal.wc.SVNErrorManager.error(SVNErrorManager.java:66)
	at org.tmatesoft.svn.core.internal.wc.SVNErrorManager.error(SVNErrorManager.java:57)
	at org.tmatesoft.svn.core.internal.io.dav.http.HTTPConnection.request(HTTPConnection.java:760)
	at org.tmatesoft.svn.core.internal.io.dav.http.HTTPConnection.request(HTTPConnection.java:352)
	at org.tmatesoft.svn.core.internal.io.dav.http.HTTPConnection.request(HTTPConnection.java:340)
	at org.tmatesoft.svn.core.internal.io.dav.DAVConnection.performHttpRequest(DAVConnection.java:897)
	at org.tmatesoft.svn.core.internal.io.dav.DAVConnection.exchangeCapabilities(DAVConnection.java:702)
	at org.tmatesoft.svn.core.internal.io.dav.DAVConnection.open(DAVConnection.java:113)
	at org.tmatesoft.svn.core.internal.io.dav.DAVRepository.openConnection(DAVRepository.java:1035)
	at org.tmatesoft.svn.core.internal.io.dav.DAVRepository.getLatestRevision(DAVRepository.java:164)
	at org.tmatesoft.svn.core.internal.wc2.ng.SvnNgRepositoryAccess.getRevisionNumber(SvnNgRepositoryAccess.java:119)
	at org.tmatesoft.svn.core.internal.wc2.SvnRepositoryAccess.getLocations(SvnRepositoryAccess.java:178)
	at org.tmatesoft.svn.core.internal.wc2.ng.SvnNgRepositoryAccess.createRepositoryFor(SvnNgRepositoryAccess.java:43)
	at org.tmatesoft.svn.core.internal.wc2.remote.SvnRemoteGetInfo.run(SvnRemoteGetInfo.java:47)
	at org.tmatesoft.svn.core.internal.wc2.remote.SvnRemoteGetInfo.run(SvnRemoteGetInfo.java:31)
	at org.tmatesoft.svn.core.internal.wc2.SvnOperationRunner.run(SvnOperationRunner.java:21)
	at org.tmatesoft.svn.core.wc2.SvnOperationFactory.run(SvnOperationFactory.java:1239)
	at org.tmatesoft.svn.core.wc2.SvnOperation.run(SvnOperation.java:294)
	at org.tmatesoft.svn.core.wc.SVNWCClient.doInfo(SVNWCClient.java:2535)
	at hudson.scm.SubversionSCM.parseSvnInfo(SubversionSCM.java:1279)
	at hudson.scm.CompareAgainstBaselineCallable.call(CompareAgainstBaselineCallable.java:79)
	at hudson.scm.CompareAgainstBaselineCallable.call(CompareAgainstBaselineCallable.java:27)
	at hudson.remoting.LocalChannel.call(LocalChannel.java:45)
	at hudson.scm.SubversionSCM.compareRemoteRevisionWith(SubversionSCM.java:1476)
	at org.jenkinsci.plugins.workflow.job.WorkflowJob.poll(WorkflowJob.java:631)
	at hudson.triggers.SCMTrigger$Runner.runPolling(SCMTrigger.java:603)
	at hudson.triggers.SCMTrigger$Runner.run(SCMTrigger.java:649)
	at hudson.util.SequentialExecutionQueue$QueueEntry.run(SequentialExecutionQueue.java:119)
	at java.util.concurrent.Executors$RunnableAdapter.call(Executors.java:511)
	at java.util.concurrent.FutureTask.run(FutureTask.java:266)
	at java.util.concurrent.ThreadPoolExecutor.runWorker(ThreadPoolExecutor.java:1142)
	at java.util.concurrent.ThreadPoolExecutor$Worker.run(ThreadPoolExecutor.java:617)
	at java.lang.Thread.run(Thread.java:745)
Caused by: org.tmatesoft.svn.core.SVNCancelException: svn: E200015: ISVNAuthentication provider did not provide credentials; HTTP authorization cancelled.
	at org.tmatesoft.svn.core.internal.io.dav.http.HTTPConnection.request(HTTPConnection.java:694)
	... 30 more
Received SCM poll call on master for item_live_apple on Aug 14, 2018 9:43:01 AM
Using sole credentials jenkins/****** (SVN Access for Jenkins) in realm ‘&lt;https://siderepos:443&gt; Subversion CVB Repositories’
https://siderepos/svn/cvb/internal_utilities/Development/Conan/libjpeg/item_possible_clothes is at revision 13,397
Using sole credentials &lt;none&gt; in realm ‘&lt;https://siderepos:443&gt; Subversion CVB Repositories’
ERROR: Failed to check repository revision for https://siderepos/svn/cvb/internal_utilities/Development/Conan/_common/trunk/build_and_upload.py
org.tmatesoft.svn.core.SVNCancelException: svn: E200015: E200015: ISVNAuthentication provider did not provide credentials; HTTP authorization cancelled.
svn: E200015: ISVNAuthentication provider did not provide credentials; HTTP authorization cancelled.
	at org.tmatesoft.svn.core.internal.wc.SVNErrorManager.error(SVNErrorManager.java:66)
	at org.tmatesoft.svn.core.internal.wc.SVNErrorManager.error(SVNErrorManager.java:57)
	at org.tmatesoft.svn.core.internal.io.dav.http.HTTPConnection.request(HTTPConnection.java:760)
	at org.tmatesoft.svn.core.internal.io.dav.http.HTTPConnection.request(HTTPConnection.java:352)
	at org.tmatesoft.svn.core.internal.io.dav.http.HTTPConnection.request(HTTPConnection.java:340)
	at org.tmatesoft.svn.core.internal.io.dav.DAVConnection.performHttpRequest(DAVConnection.java:897)
	at org.tmatesoft.svn.core.internal.io.dav.DAVConnection.exchangeCapabilities(DAVConnection.java:702)
	at org.tmatesoft.svn.core.internal.io.dav.DAVConnection.open(DAVConnection.java:113)
	at org.tmatesoft.svn.core.internal.io.dav.DAVRepository.openConnection(DAVRepository.java:1035)
	at org.tmatesoft.svn.core.internal.io.dav.DAVRepository.getLatestRevision(DAVRepository.java:164)
	at org.tmatesoft.svn.core.internal.wc2.ng.SvnNgRepositoryAccess.getRevisionNumber(SvnNgRepositoryAccess.java:119)
	at org.tmatesoft.svn.core.internal.wc2.SvnRepositoryAccess.getLocations(SvnRepositoryAccess.java:178)
	at org.tmatesoft.svn.core.internal.wc2.ng.SvnNgRepositoryAccess.createRepositoryFor(SvnNgRepositoryAccess.java:43)
	at org.tmatesoft.svn.core.internal.wc2.remote.SvnRemoteGetInfo.run(SvnRemoteGetInfo.java:47)
	at org.tmatesoft.svn.core.internal.wc2.remote.SvnRemoteGetInfo.run(SvnRemoteGetInfo.java:31)
	at org.tmatesoft.svn.core.internal.wc2.SvnOperationRunner.run(SvnOperationRunner.java:21)
	at org.tmatesoft.svn.core.wc2.SvnOperationFactory.run(SvnOperationFactory.java:1239)
	at org.tmatesoft.svn.core.wc2.SvnOperation.run(SvnOperation.java:294)
	at org.tmatesoft.svn.core.wc.SVNWCClient.doInfo(SVNWCClient.java:2535)
	at hudson.scm.SubversionSCM.parseSvnInfo(SubversionSCM.java:1279)
	at hudson.scm.CompareAgainstBaselineCallable.call(CompareAgainstBaselineCallable.java:79)
	at hudson.scm.CompareAgainstBaselineCallable.call(CompareAgainstBaselineCallable.java:27)
	at hudson.remoting.LocalChannel.call(LocalChannel.java:45)
	at hudson.scm.SubversionSCM.compareRemoteRevisionWith(SubversionSCM.java:1476)
	at org.jenkinsci.plugins.workflow.job.WorkflowJob.poll(WorkflowJob.java:631)
	at hudson.triggers.SCMTrigger$Runner.runPolling(SCMTrigger.java:603)
	at hudson.triggers.SCMTrigger$Runner.run(SCMTrigger.java:649)
	at hudson.util.SequentialExecutionQueue$QueueEntry.run(SequentialExecutionQueue.java:119)
	at java.util.concurrent.Executors$RunnableAdapter.call(Executors.java:511)
	at java.util.concurrent.FutureTask.run(FutureTask.java:266)
	at java.util.concurrent.ThreadPoolExecutor.runWorker(ThreadPoolExecutor.java:1142)
	at java.util.concurrent.ThreadPoolExecutor$Worker.run(ThreadPoolExecutor.java:617)
	at java.lang.Thread.run(Thread.java:745)
Caused by: org.tmatesoft.svn.core.SVNCancelException: svn: E200015: ISVNAuthentication provider did not provide credentials; HTTP authorization cancelled.
	at org.tmatesoft.svn.core.internal.io.dav.http.HTTPConnection.request(HTTPConnection.java:694)
	... 30 more
Received SCM poll call on master for item_live_apple on Aug 14, 2018 9:43:01 AM
Using sole credentials jenkins/****** (SVN Access for Jenkins) in realm ‘&lt;https://siderepos:443&gt; Subversion CVB Repositories’
https://siderepos/svn/cvb/internal_utilities/Development/Conan/libjpeg/item_possible_clothes is at revision 13,397
Using sole credentials &lt;none&gt; in realm ‘&lt;https://siderepos:443&gt; Subversion CVB Repositories’
ERROR: Failed to check repository revision for https://siderepos/svn/cvb/internal_utilities/Development/Conan/_common/trunk/build_and_upload.py
org.tmatesoft.svn.core.SVNCancelException: svn: E200015: E200015: ISVNAuthentication provider did not provide credentials; HTTP authorization cancelled.
svn: E200015: ISVNAuthentication provider did not provide credentials; HTTP authorization cancelled.
	at org.tmatesoft.svn.core.internal.wc.SVNErrorManager.error(SVNErrorManager.java:66)
	at org.tmatesoft.svn.core.internal.wc.SVNErrorManager.error(SVNErrorManager.java:57)
	at org.tmatesoft.svn.core.internal.io.dav.http.HTTPConnection.request(HTTPConnection.java:760)
	at org.tmatesoft.svn.core.internal.io.dav.http.HTTPConnection.request(HTTPConnection.java:352)
	at org.tmatesoft.svn.core.internal.io.dav.http.HTTPConnection.request(HTTPConnection.java:340)
	at org.tmatesoft.svn.core.internal.io.dav.DAVConnection.performHttpRequest(DAVConnection.java:897)
	at org.tmatesoft.svn.core.internal.io.dav.DAVConnection.exchangeCapabilities(DAVConnection.java:702)
	at org.tmatesoft.svn.core.internal.io.dav.DAVConnection.open(DAVConnection.java:113)
	at org.tmatesoft.svn.core.internal.io.dav.DAVRepository.openConnection(DAVRepository.java:1035)
	at org.tmatesoft.svn.core.internal.io.dav.DAVRepository.getLatestRevision(DAVRepository.java:164)
	at org.tmatesoft.svn.core.internal.wc2.ng.SvnNgRepositoryAccess.getRevisionNumber(SvnNgRepositoryAccess.java:119)
	at org.tmatesoft.svn.core.internal.wc2.SvnRepositoryAccess.getLocations(SvnRepositoryAccess.java:178)
	at org.tmatesoft.svn.core.internal.wc2.ng.SvnNgRepositoryAccess.createRepositoryFor(SvnNgRepositoryAccess.java:43)
	at org.tmatesoft.svn.core.internal.wc2.remote.SvnRemoteGetInfo.run(SvnRemoteGetInfo.java:47)
	at org.tmatesoft.svn.core.internal.wc2.remote.SvnRemoteGetInfo.run(SvnRemoteGetInfo.java:31)
	at org.tmatesoft.svn.core.internal.wc2.SvnOperationRunner.run(SvnOperationRunner.java:21)
	at org.tmatesoft.svn.core.wc2.SvnOperationFactory.run(SvnOperationFactory.java:1239)
	at org.tmatesoft.svn.core.wc2.SvnOperation.run(SvnOperation.java:294)
	at org.tmatesoft.svn.core.wc.SVNWCClient.doInfo(SVNWCClient.java:2535)
	at hudson.scm.SubversionSCM.parseSvnInfo(SubversionSCM.java:1279)
	at hudson.scm.CompareAgainstBaselineCallable.call(CompareAgainstBaselineCallable.java:79)
	at hudson.scm.CompareAgainstBaselineCallable.call(CompareAgainstBaselineCallable.java:27)
	at hudson.remoting.LocalChannel.call(LocalChannel.java:45)
	at hudson.scm.SubversionSCM.compareRemoteRevisionWith(SubversionSCM.java:1476)
	at org.jenkinsci.plugins.workflow.job.WorkflowJob.poll(WorkflowJob.java:631)
	at hudson.triggers.SCMTrigger$Runner.runPolling(SCMTrigger.java:603)
	at hudson.triggers.SCMTrigger$Runner.run(SCMTrigger.java:649)
	at hudson.util.SequentialExecutionQueue$QueueEntry.run(SequentialExecutionQueue.java:119)
	at java.util.concurrent.Executors$RunnableAdapter.call(Executors.java:511)
	at java.util.concurrent.FutureTask.run(FutureTask.java:266)
	at java.util.concurrent.ThreadPoolExecutor.runWorker(ThreadPoolExecutor.java:1142)
	at java.util.concurrent.ThreadPoolExecutor$Worker.run(ThreadPoolExecutor.java:617)
	at java.lang.Thread.run(Thread.java:745)
Caused by: org.tmatesoft.svn.core.SVNCancelException: svn: E200015: ISVNAuthentication provider did not provide credentials; HTTP authorization cancelled.
	at org.tmatesoft.svn.core.internal.io.dav.http.HTTPConnection.request(HTTPConnection.java:694)
	... 30 more
Done. Took 0.24 sec
Changes found
</pollingLog>
              </hudson.triggers.SCMTrigger_-SCMTriggerCause>
              <int>1</int>
            </entry>
          </causeBag>
        </hudson.model.CauseAction>
      </actions>
      <id>40257</id>
      <task class="org.jenkinsci.plugins.workflow.job.WorkflowJob">item_cheap_cup/item_live_apple</task>
      <inQueueSince>1534232581208</inQueueSince>
      <timestamp>
        <time>1534232641208</time>
        <timezone>Europe/Berlin</timezone>
      </timestamp>
    </hudson.model.Queue_-WaitingItem>
  </items>
</hudson.model.Queue_-State>