<org.jvnet.hudson.plugins.thinbackup.ThinBackupPluginImpl plugin="thinBackup@1.7.4">
  <fullBackupSchedule>H 0 * * 0</fullBackupSchedule>
  <diffBackupSchedule>H 0 * * 1-5</diffBackupSchedule>
  <backupPath>/home/jenkins/backups</backupPath>
  <nrMaxStoredFull>5</nrMaxStoredFull>
  <excludedFilesRegex/>
  <waitForIdle>true</waitForIdle>
  <forceQuietModeTimeout>240</forceQuietModeTimeout>
  <cleanupDiff>false</cleanupDiff>
  <moveOldBackupsToZipFile>true</moveOldBackupsToZipFile>
  <backupBuildResults>false</backupBuildResults>
  <backupBuildArchive>false</backupBuildArchive>
  <backupUserContents>false</backupUserContents>
  <backupNextBuildNumber>true</backupNextBuildNumber>
  <backupBuildsToKeepOnly>false</backupBuildsToKeepOnly>
</org.jvnet.hudson.plugins.thinbackup.ThinBackupPluginImpl>