<?xml version="1.0" encoding="UTF-8"?>

<!-- This XML has been taken as an example from here: https://jira.codehaus.org/browse/MPMD-171 -->

<ruleset xmlns="http://pmd.sourceforge.net/ruleset/2.0.0"
    xmlns:xsi="http://www.w3.org/2001/XMLSchema-instance" name=""
    xsi:schemaLocation="http://pmd.sourceforge.net/ruleset/2.0.0 http://pmd.sourceforge.net/ruleset_2_0_0.xsd">

    <description>rsb-java rules</description>

    <!-- Files we want to scan -->
    <exclude-pattern>.*/generated-protocol/.*</exclude-pattern>
    <exclude-pattern>.*/spread-4.0.0/.*</exclude-pattern>

    <rule ref="rulesets/java/basic.xml">
        <exclude name="CollapsibleIfStatements" />
    </rule>
    <rule ref="rulesets/java/clone.xml" />
    <rule ref="rulesets/java/codesize.xml">
        <properties>
            <property name="maxfields" value="25" />
        </properties>
    </rule>
    <rule ref="rulesets/java/empty.xml" />
    <rule ref="rulesets/java/coupling.xml">
        <exclude name="LoosePackageCoupling" />
        <exclude name="LawOfDemeter" />
    </rule>
    <rule ref="rulesets/java/design.xml">
        <exclude name="AbstractClassWithoutAbstractMethod" />
        <exclude name="AbstractClassWithoutAnyMethod" />
        <exclude name="AbstractClassWithoutAnyMethod" />
        <exclude name="AccessorClassGeneration" />
        <exclude name="AssignmentToNonFinalStatic" />
        <exclude name="AvoidReassigningParameters" />
        <exclude name="ClassWithOnlyPrivateConstructorsShouldBeFinal" />
        <exclude name="CloseResource" />
        <exclude name="ConfusingTernary" />
        <exclude name="ConstructorCallsOverridableMethod" />
        <exclude name="DefaultLabelNotLastInSwitchStmt" />
        <exclude name="EmptyMethodInAbstractClassShouldBeAbstract" />
        <exclude name="FieldDeclarationsShouldBeAtStartOfClass" />
        <exclude name="FinalFieldCouldBeStatic" />
        <exclude name="ImmutableField" />
        <exclude name="LogicInversion" />
        <exclude name="NonStaticInitializer" />
        <exclude name="PositionLiteralsFirstInCaseInsensitiveComparisons" />
        <exclude name="PositionLiteralsFirstInComparisons" />
        <exclude name="SimpleDateFormatNeedsLocale" />
        <exclude name="SimplifyBooleanExpressions" />
        <exclude name="SimplifyBooleanReturns" />
        <exclude name="UncommentedEmptyConstructor" />
        <exclude name="UncommentedEmptyMethod" />
        <exclude name="UnnecessaryLocalBeforeReturn" />
        <exclude name="UseCollectionIsEmpty" />
        <exclude name="UseUtilityClass" />
        <exclude name="UseVarargs" />
    </rule>
    <rule ref="rulesets/java/finalizers.xml" />
    <rule ref="rulesets/java/imports.xml" />
    <rule ref="rulesets/java/junit.xml">
        <exclude name="JUnitAssertionsShouldIncludeMessage" />
    </rule>
    <rule ref="rulesets/java/migrating_to_15.xml" />
    <rule ref="rulesets/java/optimizations.xml">
        <exclude name="RedundantFieldInitializer" />
        <exclude name="AvoidInstantiatingObjectsInLoops" />
        <exclude name="LocalVariableCouldBeFinal" />
        <exclude name="MethodArgumentCouldBeFinal" />
        <exclude name="SimplifyStartsWith" />
        <exclude name="UseStringBufferForStringAppends" />
    </rule>
    <rule ref="rulesets/java/strictexception.xml">
        <exclude name="AvoidThrowingRawExceptionTypes" />
        <exclude name="AvoidCatchingGenericException" />
    </rule>
    <rule ref="rulesets/java/strings.xml" />
    <rule ref="rulesets/java/typeresolution.xml" />
    <rule ref="rulesets/java/unusedcode.xml" />

    <!-- Allow more than one assert statement per junit test -->
    <rule ref="rulesets/java/junit.xml/JUnitTestContainsTooManyAsserts">
        <properties>
             <property name="maximumAsserts" value="5"/>
        </properties>
    </rule>

    <!-- Do not warn about repeated strings in annotations, e.g. in SuppressWarnings("unused") -->
    <rule ref="rulesets/java/strings.xml/AvoidDuplicateLiterals">
        <properties>
             <property name="skipAnnotations" value="true"/>
        </properties>
    </rule>

    <!-- Allow empty catch block with an explanatory comment -->
    <rule ref="rulesets/java/empty.xml/EmptyCatchBlock">
        <properties>
             <property name="allowCommentedBlocks" value="true"/>
        </properties>
    </rule>

    <!-- Allow more static imports for unit tests -->
    <rule ref="rulesets/java/imports.xml/TooManyStaticImports">
        <properties>
             <property name="maximumStaticImports" value="15"/>
        </properties>
    </rule>
</ruleset>
