<?xml version="1.0" encoding="UTF-8"?><InteractionHistory Id="http://issues.hudson-ci.org-135966" Version="1"><InteractionEvent Delta="null" EndDate="2010-03-28 15:36:30.389 CEST" Interest="1.0" Kind="edit" Navigation="null" OriginId="org.eclipse.jdt.ui.CompilationUnitEditor" StartDate="2010-03-28 15:36:30.389 CEST" StructureHandle="=clearcase-ucm-baseline/src\/main\/java&amp;lt;com.michelin.cio.hudson.plugins.clearcaseucmbaseline{ClearCaseUcmBaselineParameterValue.java" StructureKind="java"/><InteractionEvent Delta="null" EndDate="2010-03-28 15:37:08.85 CEST" Interest="0.99999976" Kind="propagation" Navigation="org.eclipse.mylyn.core.model.edges.containment" OriginId="org.eclipse.mylyn.core.model.interest.propagation" StartDate="2010-03-28 15:37:08.85 CEST" StructureHandle="/clearcase-ucm-baseline/src" StructureKind="resource"/><InteractionEvent Delta="null" EndDate="2010-03-28 15:37:08.85 CEST" Interest="0.99999976" Kind="propagation" Navigation="org.eclipse.mylyn.core.model.edges.containment" OriginId="org.eclipse.mylyn.core.model.interest.propagation" StartDate="2010-03-28 15:37:08.85 CEST" StructureHandle="=clearcase-ucm-baseline" StructureKind="resource"/><InteractionEvent Delta="null" EndDate="2010-03-28 15:36:24.841 CEST" Interest="1.0" Kind="propagation" Navigation="org.eclipse.mylyn.core.model.edges.containment" OriginId="org.eclipse.mylyn.core.model.interest.propagation" StartDate="2010-03-28 15:36:24.841 CEST" StructureHandle="/" StructureKind="resource"/><InteractionEvent Delta="null" EndDate="2010-03-28 15:36:26.166 CEST" Interest="1.0" Kind="propagation" Navigation="null" OriginId="org.eclipse.jdt.ui.PackageExplorer" StartDate="2010-03-28 15:36:26.166 CEST" StructureHandle="/clearcase-ucm-baseline" StructureKind="resource"/><InteractionEvent Delta="null" EndDate="2010-03-28 15:36:30.339 CEST" Interest="0.99999994" Kind="propagation" Navigation="org.eclipse.mylyn.core.model.edges.containment" OriginId="org.eclipse.mylyn.core.model.interest.propagation" StartDate="2010-03-28 15:36:30.339 CEST" StructureHandle="" StructureKind="java"/><InteractionEvent Delta="null" EndDate="2010-03-28 15:36:30.185 CEST" Interest="0.01700002" Kind="propagation" Navigation="org.eclipse.mylyn.core.model.edges.containment" OriginId="org.eclipse.mylyn.core.model.interest.propagation" StartDate="2010-03-28 15:36:30.185 CEST" StructureHandle="=clearcase-ucm-baseline/src\/main\/java&amp;lt;com.michelin.cio.hudson.plugins.clearcaseucmbaseline" StructureKind="java"/><InteractionEvent Delta="null" EndDate="2010-03-28 15:36:30.338 CEST" Interest="1.0" Kind="propagation" Navigation="org.eclipse.mylyn.core.model.edges.containment" OriginId="org.eclipse.mylyn.core.model.interest.propagation" StartDate="2010-03-28 15:36:30.338 CEST" StructureHandle="=clearcase-ucm-baseline/src\/main\/java&amp;lt;com.michelin.cio.hudson.plugins.clearcaseucmbaseline" StructureKind="java"/><InteractionEvent Delta="null" EndDate="2010-03-28 15:36:30.185 CEST" Interest="0.01699996" Kind="propagation" Navigation="org.eclipse.mylyn.core.model.edges.containment" OriginId="org.eclipse.mylyn.core.model.interest.propagation" StartDate="2010-03-28 15:36:30.185 CEST" StructureHandle="/clearcase-ucm-baseline/src/main/java" StructureKind="resource"/><InteractionEvent Delta="null" EndDate="2010-03-28 15:37:08.84 CEST" Interest="1.0" Kind="selection" Navigation="null" OriginId="org.eclipse.jdt.ui.PackageExplorer" StartDate="2010-03-28 15:37:08.84 CEST" StructureHandle="=clearcase-ucm-baseline/src\/main\/java&amp;lt;com.michelin.cio.hudson.plugins.clearcaseucmbaseline{ClearCaseUcmBaselineParameterValue.java" StructureKind="java"/><InteractionEvent Delta="null" EndDate="2010-03-28 15:36:26.166 CEST" Interest="1.0" Kind="propagation" Navigation="org.eclipse.mylyn.core.model.edges.containment" OriginId="org.eclipse.mylyn.core.model.interest.propagation" StartDate="2010-03-28 15:36:26.166 CEST" StructureHandle="/clearcase-ucm-baseline/src" StructureKind="resource"/><InteractionEvent Delta="null" EndDate="2010-03-28 15:36:30.338 CEST" Interest="1.0" Kind="propagation" Navigation="org.eclipse.mylyn.core.model.edges.containment" OriginId="org.eclipse.mylyn.core.model.interest.propagation" StartDate="2010-03-28 15:36:30.338 CEST" StructureHandle="/clearcase-ucm-baseline/src" StructureKind="resource"/><InteractionEvent Delta="null" EndDate="2010-03-28 15:36:30.338 CEST" Interest="0.99999994" Kind="propagation" Navigation="org.eclipse.mylyn.core.model.edges.containment" OriginId="org.eclipse.mylyn.core.model.interest.propagation" StartDate="2010-03-28 15:36:30.338 CEST" StructureHandle="/clearcase-ucm-baseline/src/main/java/com/michelin" StructureKind="resource"/><InteractionEvent Delta="null" EndDate="2010-03-28 15:36:30.390 CEST" Interest="1.0000001" Kind="propagation" Navigation="org.eclipse.mylyn.core.model.edges.containment" OriginId="org.eclipse.mylyn.core.model.interest.propagation" StartDate="2010-03-28 15:36:30.390 CEST" StructureHandle="/clearcase-ucm-baseline/src/main/java/com/michelin/cio" StructureKind="resource"/><InteractionEvent Delta="null" EndDate="2010-03-28 15:36:27.506 CEST" Interest="0.01699996" Kind="propagation" Navigation="org.eclipse.mylyn.core.model.edges.containment" OriginId="org.eclipse.mylyn.core.model.interest.propagation" StartDate="2010-03-28 15:36:27.506 CEST" StructureHandle="/clearcase-ucm-baseline/src/main" StructureKind="resource"/><InteractionEvent Delta="null" EndDate="2010-03-28 15:36:27.507 CEST" Interest="1.0" Kind="propagation" Navigation="null" OriginId="org.eclipse.jdt.ui.PackageExplorer" StartDate="2010-03-28 15:36:27.507 CEST" StructureHandle="/clearcase-ucm-baseline" StructureKind="resource"/><InteractionEvent Delta="null" EndDate="2010-03-28 15:36:30.338 CEST" Interest="1.0" Kind="propagation" Navigation="org.eclipse.mylyn.core.model.edges.containment" OriginId="org.eclipse.mylyn.core.model.interest.propagation" StartDate="2010-03-28 15:36:30.338 CEST" StructureHandle="/clearcase-ucm-baseline/src/main/java" StructureKind="resource"/><InteractionEvent Delta="null" EndDate="2010-03-28 15:36:27.506 CEST" Interest="0.01699996" Kind="propagation" Navigation="org.eclipse.mylyn.core.model.edges.containment" OriginId="org.eclipse.mylyn.core.model.interest.propagation" StartDate="2010-03-28 15:36:27.506 CEST" StructureHandle="/" StructureKind="resource"/><InteractionEvent Delta="null" EndDate="2010-03-28 15:36:27.506 CEST" Interest="1.0" Kind="propagation" Navigation="org.eclipse.mylyn.core.model.edges.containment" OriginId="org.eclipse.mylyn.core.model.interest.propagation" StartDate="2010-03-28 15:36:27.506 CEST" StructureHandle="/clearcase-ucm-baseline/src/main/java/com/michelin/cio/hudson" StructureKind="resource"/><InteractionEvent Delta="null" EndDate="2010-03-28 15:36:26.166 CEST" Interest="0.01700002" Kind="propagation" Navigation="org.eclipse.mylyn.core.model.edges.containment" OriginId="org.eclipse.mylyn.core.model.interest.propagation" StartDate="2010-03-28 15:36:26.166 CEST" StructureHandle="/" StructureKind="resource"/><InteractionEvent Delta="null" EndDate="2010-03-28 15:36:30.390 CEST" Interest="1.0" Kind="propagation" Navigation="org.eclipse.mylyn.core.model.edges.containment" OriginId="org.eclipse.mylyn.core.model.interest.propagation" StartDate="2010-03-28 15:36:30.390 CEST" StructureHandle="" StructureKind="java"/><InteractionEvent Delta="null" EndDate="2010-03-28 15:37:08.85 CEST" Interest="1.0" Kind="propagation" Navigation="org.eclipse.mylyn.core.model.edges.containment" OriginId="org.eclipse.mylyn.core.model.interest.propagation" StartDate="2010-03-28 15:37:08.85 CEST" StructureHandle="/clearcase-ucm-baseline/src/main/java/com/michelin" StructureKind="resource"/><InteractionEvent Delta="null" EndDate="2010-03-28 15:36:30.804 CEST" Interest="0.6999996" Kind="propagation" Navigation="org.eclipse.mylyn.core.model.edges.containment" OriginId="org.eclipse.mylyn.core.model.interest.propagation" StartDate="2010-03-28 15:36:30.804 CEST" StructureHandle="=clearcase-ucm-baseline/src\/main\/java" StructureKind="java"/><InteractionEvent Delta="null" EndDate="2010-03-28 15:36:26.166 CEST" Interest="1.0" Kind="propagation" Navigation="org.eclipse.mylyn.core.model.edges.containment" OriginId="org.eclipse.mylyn.core.model.interest.propagation" StartDate="2010-03-28 15:36:26.166 CEST" StructureHandle="/clearcase-ucm-baseline/src/main" StructureKind="resource"/><InteractionEvent Delta="null" EndDate="2010-03-28 15:36:26.166 CEST" Interest="1.0" Kind="propagation" Navigation="null" OriginId="org.eclipse.jdt.ui.PackageExplorer" StartDate="2010-03-28 15:36:26.166 CEST" StructureHandle="/clearcase-ucm-baseline/src/main/java" StructureKind="resource"/><InteractionEvent Delta="null" EndDate="2010-03-28 15:36:30.338 CEST" Interest="0.99999994" Kind="propagation" Navigation="org.eclipse.mylyn.core.model.edges.containment" OriginId="org.eclipse.mylyn.core.model.interest.propagation" StartDate="2010-03-28 15:36:30.338 CEST" StructureHandle="/clearcase-ucm-baseline/src/main/java/com/michelin/cio" StructureKind="resource"/><InteractionEvent Delta="null" EndDate="2010-03-28 15:36:26.166 CEST" Interest="0.01700002" Kind="propagation" Navigation="org.eclipse.mylyn.core.model.edges.containment" OriginId="org.eclipse.mylyn.core.model.interest.propagation" StartDate="2010-03-28 15:36:26.166 CEST" StructureHandle="=clearcase-ucm-baseline" StructureKind="resource"/><InteractionEvent Delta="null" EndDate="2010-03-28 15:36:26.166 CEST" Interest="1.0" Kind="selection" Navigation="null" OriginId="org.eclipse.jdt.ui.PackageExplorer" StartDate="2010-03-28 15:36:26.166 CEST" StructureHandle="=clearcase-ucm-baseline/src\/main\/java" StructureKind="java"/><InteractionEvent Delta="null" EndDate="2010-03-28 15:37:08.85 CEST" Interest="0.9999995" Kind="propagation" Navigation="org.eclipse.mylyn.core.model.edges.containment" OriginId="org.eclipse.mylyn.core.model.interest.propagation" StartDate="2010-03-28 15:37:08.85 CEST" StructureHandle="/" StructureKind="resource"/><InteractionEvent Delta="null" EndDate="2010-03-28 15:36:30.389 CEST" Interest="1.0000001" Kind="propagation" Navigation="org.eclipse.mylyn.core.model.edges.containment" OriginId="org.eclipse.mylyn.core.model.interest.propagation" StartDate="2010-03-28 15:36:30.389 CEST" StructureHandle="/clearcase-ucm-baseline/src/main/java/com/michelin/cio/hudson/plugins" StructureKind="resource"/><InteractionEvent Delta="null" EndDate="2010-03-28 15:36:30.185 CEST" Interest="0.01699996" Kind="propagation" Navigation="org.eclipse.mylyn.core.model.edges.containment" OriginId="org.eclipse.mylyn.core.model.interest.propagation" StartDate="2010-03-28 15:36:30.185 CEST" StructureHandle="/clearcase-ucm-baseline/src" StructureKind="resource"/><InteractionEvent Delta="null" EndDate="2010-03-28 15:36:30.390 CEST" Interest="0.7000003" Kind="propagation" Navigation="org.eclipse.mylyn.core.model.edges.containment" OriginId="org.eclipse.mylyn.core.model.interest.propagation" StartDate="2010-03-28 15:36:30.390 CEST" StructureHandle="=clearcase-ucm-baseline/src\/main\/java" StructureKind="java"/><InteractionEvent Delta="null" EndDate="2010-03-28 15:36:24.840 CEST" Interest="1.0" Kind="selection" Navigation="null" OriginId="org.eclipse.jdt.ui.PackageExplorer" StartDate="2010-03-28 15:36:24.840 CEST" StructureHandle="=clearcase-ucm-baseline" StructureKind="java"/><InteractionEvent Delta="null" EndDate="2010-03-28 15:37:08.84 CEST" Interest="1.0" Kind="propagation" Navigation="org.eclipse.mylyn.core.model.edges.containment" OriginId="org.eclipse.mylyn.core.model.interest.propagation" StartDate="2010-03-28 15:37:08.84 CEST" StructureHandle="/clearcase-ucm-baseline/src/main/java/com/michelin/cio" StructureKind="resource"/><InteractionEvent Delta="null" EndDate="2010-03-28 15:36:30.390 CEST" Interest="1.0000001" Kind="propagation" Navigation="org.eclipse.mylyn.core.model.edges.containment" OriginId="org.eclipse.mylyn.core.model.interest.propagation" StartDate="2010-03-28 15:36:30.390 CEST" StructureHandle="/clearcase-ucm-baseline/src/main/java/com/michelin" StructureKind="resource"/><InteractionEvent Delta="null" EndDate="2010-03-28 15:36:30.338 CEST" Interest="1.0" Kind="propagation" Navigation="org.eclipse.mylyn.core.model.edges.containment" OriginId="org.eclipse.mylyn.core.model.interest.propagation" StartDate="2010-03-28 15:36:30.338 CEST" StructureHandle="/clearcase-ucm-baseline/src/main" StructureKind="resource"/><InteractionEvent Delta="null" EndDate="2010-03-28 15:36:27.506 CEST" Interest="0.01700002" Kind="propagation" Navigation="org.eclipse.mylyn.core.model.edges.containment" OriginId="org.eclipse.mylyn.core.model.interest.propagation" StartDate="2010-03-28 15:36:27.506 CEST" StructureHandle="=clearcase-ucm-baseline/src\/main\/java" StructureKind="java"/><InteractionEvent Delta="null" EndDate="2010-03-28 15:36:30.803 CEST" Interest="1.0000005" Kind="propagation" Navigation="org.eclipse.mylyn.core.model.edges.containment" OriginId="org.eclipse.mylyn.core.model.interest.propagation" StartDate="2010-03-28 15:36:30.803 CEST" StructureHandle="/" StructureKind="resource"/><InteractionEvent Delta="null" EndDate="2010-03-28 15:36:30.390 CEST" Interest="0.70000017" Kind="propagation" Navigation="org.eclipse.mylyn.core.model.edges.containment" OriginId="org.eclipse.mylyn.core.model.interest.propagation" StartDate="2010-03-28 15:36:30.390 CEST" StructureHandle="=clearcase-ucm-baseline/src\/main\/java&amp;lt;com.michelin.cio.hudson.plugins.clearcaseucmbaseline" StructureKind="java"/><InteractionEvent Delta="null" EndDate="2010-03-28 15:36:30.803 CEST" Interest="1.0" Kind="propagation" Navigation="org.eclipse.mylyn.core.model.edges.containment" OriginId="org.eclipse.mylyn.core.model.interest.propagation" StartDate="2010-03-28 15:36:30.803 CEST" StructureHandle="/clearcase-ucm-baseline/src/main/java/com/michelin" StructureKind="resource"/><InteractionEvent Delta="null" EndDate="2010-03-28 15:36:30.803 CEST" Interest="1.0" Kind="propagation" Navigation="org.eclipse.mylyn.core.model.edges.containment" OriginId="org.eclipse.mylyn.core.model.interest.propagation" StartDate="2010-03-28 15:36:30.803 CEST" StructureHandle="/clearcase-ucm-baseline/src/main/java/com" StructureKind="resource"/><InteractionEvent Delta="null" EndDate="2010-03-28 15:36:30.338 CEST" Interest="0.99999994" Kind="propagation" Navigation="org.eclipse.mylyn.core.model.edges.containment" OriginId="org.eclipse.mylyn.core.model.interest.propagation" StartDate="2010-03-28 15:36:30.338 CEST" StructureHandle="/" StructureKind="resource"/><InteractionEvent Delta="null" EndDate="2010-03-28 15:36:30.184 CEST" Interest="1.0" Kind="selection" Navigation="null" OriginId="org.eclipse.jdt.ui.PackageExplorer" StartDate="2010-03-28 15:36:30.184 CEST" StructureHandle="=clearcase-ucm-baseline/src\/main\/java&amp;lt;com.michelin.cio.hudson.plugins.clearcaseucmbaseline{ClearCaseUcmBaselineParameterValue.java" StructureKind="java"/><InteractionEvent Delta="null" EndDate="2010-03-28 15:36:30.802 CEST" Interest="0.99999976" Kind="propagation" Navigation="org.eclipse.mylyn.core.model.edges.containment" OriginId="org.eclipse.mylyn.core.model.interest.propagation" StartDate="2010-03-28 15:36:30.802 CEST" StructureHandle="/clearcase-ucm-baseline/src/main/java/com/michelin/cio/hudson/plugins/clearcaseucmbaseline" StructureKind="resource"/><InteractionEvent Delta="null" EndDate="2010-03-28 15:36:24.841 CEST" Interest="1.0" Kind="propagation" Navigation="null" OriginId="org.eclipse.jdt.ui.PackageExplorer" StartDate="2010-03-28 15:36:24.841 CEST" StructureHandle="/clearcase-ucm-baseline" StructureKind="resource"/><InteractionEvent Delta="null" EndDate="2010-03-28 15:37:08.85 CEST" Interest="1.0" Kind="propagation" Navigation="org.eclipse.mylyn.core.model.edges.containment" OriginId="org.eclipse.mylyn.core.model.interest.propagation" StartDate="2010-03-28 15:37:08.85 CEST" StructureHandle="/clearcase-ucm-baseline/src/main/java/com" StructureKind="resource"/><InteractionEvent Delta="null" EndDate="2010-03-28 15:37:08.84 CEST" Interest="1.0" Kind="propagation" Navigation="null" OriginId="org.eclipse.jdt.ui.PackageExplorer" StartDate="2010-03-28 15:37:08.84 CEST" StructureHandle="/clearcase-ucm-baseline/src/main/java/com/michelin/cio/hudson/plugins/clearcaseucmbaseline/ClearCaseUcmBaselineParameterValue.java" StructureKind="resource"/><InteractionEvent Delta="null" EndDate="2010-03-28 15:36:30.185 CEST" Interest="0.01699996" Kind="propagation" Navigation="org.eclipse.mylyn.core.model.edges.containment" OriginId="org.eclipse.mylyn.core.model.interest.propagation" StartDate="2010-03-28 15:36:30.185 CEST" StructureHandle="/clearcase-ucm-baseline/src/main/java/com" StructureKind="resource"/><InteractionEvent Delta="null" EndDate="2010-03-28 15:36:30.184 CEST" Interest="0.01700002" Kind="propagation" Navigation="org.eclipse.mylyn.core.model.edges.containment" OriginId="org.eclipse.mylyn.core.model.interest.propagation" StartDate="2010-03-28 15:36:30.184 CEST" StructureHandle="/clearcase-ucm-baseline/src/main/java/com/michelin/cio/hudson/plugins/clearcaseucmbaseline" StructureKind="resource"/><InteractionEvent Delta="null" EndDate="2010-03-28 15:36:30.390 CEST" Interest="0.9999999" Kind="propagation" Navigation="org.eclipse.mylyn.core.model.edges.containment" OriginId="org.eclipse.mylyn.core.model.interest.propagation" StartDate="2010-03-28 15:36:30.390 CEST" StructureHandle="/clearcase-ucm-baseline/src/main" StructureKind="resource"/><InteractionEvent Delta="null" EndDate="2010-03-28 15:36:27.506 CEST" Interest="0.0169999" Kind="propagation" Navigation="org.eclipse.mylyn.core.model.edges.containment" OriginId="org.eclipse.mylyn.core.model.interest.propagation" StartDate="2010-03-28 15:36:27.506 CEST" StructureHandle="=clearcase-ucm-baseline" StructureKind="resource"/><InteractionEvent Delta="null" EndDate="2010-03-28 15:37:08.84 CEST" Interest="1.0" Kind="propagation" Navigation="org.eclipse.mylyn.core.model.edges.containment" OriginId="org.eclipse.mylyn.core.model.interest.propagation" StartDate="2010-03-28 15:37:08.84 CEST" StructureHandle="/clearcase-ucm-baseline/src/main/java/com/michelin/cio/hudson/plugins/clearcaseucmbaseline" StructureKind="resource"/><InteractionEvent Delta="null" EndDate="2010-03-28 15:36:24.841 CEST" Interest="1.0" Kind="propagation" Navigation="org.eclipse.mylyn.core.model.edges.containment" OriginId="org.eclipse.mylyn.core.model.interest.propagation" StartDate="2010-03-28 15:36:24.841 CEST" StructureHandle="" StructureKind="java"/><InteractionEvent Delta="null" EndDate="2010-03-28 15:36:30.803 CEST" Interest="1.0000005" Kind="propagation" Navigation="org.eclipse.mylyn.core.model.edges.containment" OriginId="org.eclipse.mylyn.core.model.interest.propagation" StartDate="2010-03-28 15:36:30.803 CEST" StructureHandle="=clearcase-ucm-baseline" StructureKind="resource"/><InteractionEvent Delta="null" EndDate="2010-03-28 15:36:27.506 CEST" Interest="1.0" Kind="propagation" Navigation="org.eclipse.mylyn.core.model.edges.containment" OriginId="org.eclipse.mylyn.core.model.interest.propagation" StartDate="2010-03-28 15:36:27.506 CEST" StructureHandle="/clearcase-ucm-baseline/src/main/java/com/michelin/cio" StructureKind="resource"/><InteractionEvent Delta="null" EndDate="2010-03-28 15:36:30.802 CEST" Interest="1.0" Kind="edit" Navigation="null" OriginId="org.eclipse.jdt.ui.CompilationUnitEditor" StartDate="2010-03-28 15:36:30.802 CEST" StructureHandle="=clearcase-ucm-baseline/src\/main\/java&amp;lt;com.michelin.cio.hudson.plugins.clearcaseucmbaseline{ClearCaseUcmBaselineParameterValue.java" StructureKind="java"/><InteractionEvent Delta="null" EndDate="2010-03-28 15:36:30.338 CEST" Interest="0.99999994" Kind="propagation" Navigation="org.eclipse.mylyn.core.model.edges.containment" OriginId="org.eclipse.mylyn.core.model.interest.propagation" StartDate="2010-03-28 15:36:30.338 CEST" StructureHandle="/clearcase-ucm-baseline/src/main/java/com/michelin/cio/hudson/plugins" StructureKind="resource"/><InteractionEvent Delta="null" EndDate="2010-03-28 15:36:30.390 CEST" Interest="1.0000001" Kind="propagation" Navigation="org.eclipse.mylyn.core.model.edges.containment" OriginId="org.eclipse.mylyn.core.model.interest.propagation" StartDate="2010-03-28 15:36:30.390 CEST" StructureHandle="/clearcase-ucm-baseline/src/main/java" StructureKind="resource"/><InteractionEvent Delta="null" EndDate="2010-03-28 15:37:08.84 CEST" Interest="1.0" Kind="propagation" Navigation="org.eclipse.mylyn.core.model.edges.containment" OriginId="org.eclipse.mylyn.core.model.interest.propagation" StartDate="2010-03-28 15:37:08.84 CEST" StructureHandle="/clearcase-ucm-baseline/src/main/java/com/michelin/cio/hudson/plugins" StructureKind="resource"/><InteractionEvent Delta="null" EndDate="2010-03-28 15:36:30.185 CEST" Interest="0.01699996" Kind="propagation" Navigation="org.eclipse.mylyn.core.model.edges.containment" OriginId="org.eclipse.mylyn.core.model.interest.propagation" StartDate="2010-03-28 15:36:30.185 CEST" StructureHandle="/clearcase-ucm-baseline/src/main/java/com/michelin/cio" StructureKind="resource"/><InteractionEvent Delta="null" EndDate="2010-03-28 15:36:30.338 CEST" Interest="1.0" Kind="propagation" Navigation="org.eclipse.mylyn.core.model.edges.containment" OriginId="org.eclipse.mylyn.core.model.interest.propagation" StartDate="2010-03-28 15:36:30.338 CEST" StructureHandle="=clearcase-ucm-baseline" StructureKind="resource"/><InteractionEvent Delta="null" EndDate="2010-03-28 15:36:30.339 CEST" Interest="1.0" Kind="propagation" Navigation="org.eclipse.mylyn.core.model.edges.containment" OriginId="org.eclipse.mylyn.core.model.interest.propagation" StartDate="2010-03-28 15:36:30.339 CEST" StructureHandle="=clearcase-ucm-baseline/src\/main\/java" StructureKind="java"/><InteractionEvent Delta="null" EndDate="2010-03-28 15:36:30.185 CEST" Interest="0.01700002" Kind="propagation" Navigation="org.eclipse.mylyn.core.model.edges.containment" OriginId="org.eclipse.mylyn.core.model.interest.propagation" StartDate="2010-03-28 15:36:30.185 CEST" StructureHandle="/" StructureKind="resource"/><InteractionEvent Delta="null" EndDate="2010-03-28 15:36:30.338 CEST" Interest="0.99999994" Kind="propagation" Navigation="org.eclipse.mylyn.core.model.edges.containment" OriginId="org.eclipse.mylyn.core.model.interest.propagation" StartDate="2010-03-28 15:36:30.338 CEST" StructureHandle="/clearcase-ucm-baseline/src/main/java/com" StructureKind="resource"/><InteractionEvent Delta="null" EndDate="2010-03-28 15:36:30.186 CEST" Interest="1.0" Kind="propagation" Navigation="null" OriginId="org.eclipse.jdt.ui.PackageExplorer" StartDate="2010-03-28 15:36:30.186 CEST" StructureHandle="/clearcase-ucm-baseline" StructureKind="resource"/><InteractionEvent Delta="null" EndDate="2010-03-28 15:36:30.185 CEST" Interest="0.01700002" Kind="propagation" Navigation="org.eclipse.mylyn.core.model.edges.containment" OriginId="org.eclipse.mylyn.core.model.interest.propagation" StartDate="2010-03-28 15:36:30.185 CEST" StructureHandle="=clearcase-ucm-baseline" StructureKind="resource"/><InteractionEvent Delta="null" EndDate="2010-03-28 15:37:08.85 CEST" Interest="1.0000005" Kind="propagation" Navigation="org.eclipse.mylyn.core.model.edges.containment" OriginId="org.eclipse.mylyn.core.model.interest.propagation" StartDate="2010-03-28 15:37:08.85 CEST" StructureHandle="=clearcase-ucm-baseline/src\/main\/java" StructureKind="java"/><InteractionEvent Delta="null" EndDate="2010-03-28 15:36:30.338 CEST" Interest="0.99999994" Kind="propagation" Navigation="org.eclipse.mylyn.core.model.edges.containment" OriginId="org.eclipse.mylyn.core.model.interest.propagation" StartDate="2010-03-28 15:36:30.338 CEST" StructureHandle="/clearcase-ucm-baseline/src/main/java/com/michelin/cio/hudson" StructureKind="resource"/><InteractionEvent Delta="null" EndDate="2010-03-28 15:36:30.803 CEST" Interest="1.0" Kind="propagation" Navigation="org.eclipse.mylyn.core.model.edges.containment" OriginId="org.eclipse.mylyn.core.model.interest.propagation" StartDate="2010-03-28 15:36:30.803 CEST" StructureHandle="/clearcase-ucm-baseline/src/main/java/com/michelin/cio" StructureKind="resource"/><InteractionEvent Delta="null" EndDate="2010-03-28 15:36:30.338 CEST" Interest="1.0" Kind="propagation" Navigation="org.eclipse.mylyn.core.model.edges.containment" OriginId="org.eclipse.mylyn.core.model.interest.propagation" StartDate="2010-03-28 15:36:30.338 CEST" StructureHandle="/clearcase-ucm-baseline/src/main/java/com/michelin/cio/hudson/plugins/clearcaseucmbaseline" StructureKind="resource"/><InteractionEvent Delta="null" EndDate="2010-03-28 15:36:27.506 CEST" Interest="1.0" Kind="propagation" Navigation="org.eclipse.mylyn.core.model.edges.containment" OriginId="org.eclipse.mylyn.core.model.interest.propagation" StartDate="2010-03-28 15:36:27.506 CEST" StructureHandle="/clearcase-ucm-baseline/src/main/java/com" StructureKind="resource"/><InteractionEvent Delta="null" EndDate="2010-03-28 15:36:27.506 CEST" Interest="1.0" Kind="propagation" Navigation="org.eclipse.mylyn.core.model.edges.containment" OriginId="org.eclipse.mylyn.core.model.interest.propagation" StartDate="2010-03-28 15:36:27.506 CEST" StructureHandle="/clearcase-ucm-baseline/src/main/java/com/michelin/cio/hudson/plugins" StructureKind="resource"/><InteractionEvent Delta="null" EndDate="2010-03-28 15:37:08.85 CEST" Interest="1.0000005" Kind="propagation" Navigation="org.eclipse.mylyn.core.model.edges.containment" OriginId="org.eclipse.mylyn.core.model.interest.propagation" StartDate="2010-03-28 15:37:08.85 CEST" StructureHandle="=clearcase-ucm-baseline/src\/main\/java&amp;lt;com.michelin.cio.hudson.plugins.clearcaseucmbaseline" StructureKind="java"/><InteractionEvent Delta="null" EndDate="2010-03-28 15:36:30.338 CEST" Interest="1.0" Kind="selection" Navigation="null" OriginId="org.eclipse.jdt.ui.CompilationUnitEditor" StartDate="2010-03-28 15:36:30.338 CEST" StructureHandle="=clearcase-ucm-baseline/src\/main\/java&amp;lt;com.michelin.cio.hudson.plugins.clearcaseucmbaseline{ClearCaseUcmBaselineParameterValue.java" StructureKind="java"/><InteractionEvent Delta="null" EndDate="2010-03-28 15:36:30.185 CEST" Interest="0.01699996" Kind="propagation" Navigation="org.eclipse.mylyn.core.model.edges.containment" OriginId="org.eclipse.mylyn.core.model.interest.propagation" StartDate="2010-03-28 15:36:30.185 CEST" StructureHandle="/clearcase-ucm-baseline/src/main/java/com/michelin" StructureKind="resource"/><InteractionEvent Delta="null" EndDate="2010-03-28 15:36:30.802 CEST" Interest="1.0" Kind="propagation" Navigation="org.eclipse.mylyn.core.model.edges.containment" OriginId="org.eclipse.mylyn.core.model.interest.propagation" StartDate="2010-03-28 15:36:30.802 CEST" StructureHandle="/clearcase-ucm-baseline/src/main/java/com/michelin/cio/hudson" StructureKind="resource"/><InteractionEvent Delta="null" EndDate="2010-03-28 15:36:27.506 CEST" Interest="1.0" Kind="propagation" Navigation="org.eclipse.mylyn.core.model.edges.containment" OriginId="org.eclipse.mylyn.core.model.interest.propagation" StartDate="2010-03-28 15:36:27.506 CEST" StructureHandle="/clearcase-ucm-baseline/src/main/java/com/michelin" StructureKind="resource"/><InteractionEvent Delta="null" EndDate="2010-03-28 15:36:30.389 CEST" Interest="1.0" Kind="propagation" Navigation="null" OriginId="org.eclipse.jdt.ui.CompilationUnitEditor" StartDate="2010-03-28 15:36:30.389 CEST" StructureHandle="/clearcase-ucm-baseline/src/main/java/com/michelin/cio/hudson/plugins/clearcaseucmbaseline/ClearCaseUcmBaselineParameterValue.java" StructureKind="resource"/><InteractionEvent Delta="null" EndDate="2010-03-28 15:36:30.186 CEST" Interest="0.01700002" Kind="propagation" Navigation="org.eclipse.mylyn.core.model.edges.containment" OriginId="org.eclipse.mylyn.core.model.interest.propagation" StartDate="2010-03-28 15:36:30.186 CEST" StructureHandle="" StructureKind="java"/><InteractionEvent Delta="null" EndDate="2010-03-28 15:36:30.804 CEST" Interest="1.0000005" Kind="propagation" Navigation="org.eclipse.mylyn.core.model.edges.containment" OriginId="org.eclipse.mylyn.core.model.interest.propagation" StartDate="2010-03-28 15:36:30.804 CEST" StructureHandle="" StructureKind="java"/><InteractionEvent Delta="null" EndDate="2010-03-28 15:36:27.507 CEST" Interest="0.01699996" Kind="propagation" Navigation="org.eclipse.mylyn.core.model.edges.containment" OriginId="org.eclipse.mylyn.core.model.interest.propagation" StartDate="2010-03-28 15:36:27.507 CEST" StructureHandle="" StructureKind="java"/><InteractionEvent Delta="null" EndDate="2010-03-28 15:36:30.803 CEST" Interest="1.0000005" Kind="propagation" Navigation="org.eclipse.mylyn.core.model.edges.containment" OriginId="org.eclipse.mylyn.core.model.interest.propagation" StartDate="2010-03-28 15:36:30.803 CEST" StructureHandle="/clearcase-ucm-baseline/src" StructureKind="resource"/><InteractionEvent Delta="null" EndDate="2010-03-28 15:36:30.389 CEST" Interest="1.0000001" Kind="propagation" Navigation="org.eclipse.mylyn.core.model.edges.containment" OriginId="org.eclipse.mylyn.core.model.interest.propagation" StartDate="2010-03-28 15:36:30.389 CEST" StructureHandle="/clearcase-ucm-baseline/src/main/java/com/michelin/cio/hudson" StructureKind="resource"/><InteractionEvent Delta="null" EndDate="2010-03-28 15:37:08.86 CEST" Interest="1.0" Kind="propagation" Navigation="null" OriginId="org.eclipse.jdt.ui.PackageExplorer" StartDate="2010-03-28 15:37:08.86 CEST" StructureHandle="/clearcase-ucm-baseline" StructureKind="resource"/><InteractionEvent Delta="null" EndDate="2010-03-28 15:36:30.390 CEST" Interest="1.0000001" Kind="propagation" Navigation="org.eclipse.mylyn.core.model.edges.containment" OriginId="org.eclipse.mylyn.core.model.interest.propagation" StartDate="2010-03-28 15:36:30.390 CEST" StructureHandle="/clearcase-ucm-baseline/src/main/java/com" StructureKind="resource"/><InteractionEvent Delta="null" EndDate="2010-03-28 15:36:26.166 CEST" Interest="0.01700002" Kind="propagation" Navigation="org.eclipse.mylyn.core.model.edges.containment" OriginId="org.eclipse.mylyn.core.model.interest.propagation" StartDate="2010-03-28 15:36:26.166 CEST" StructureHandle="" StructureKind="java"/><InteractionEvent Delta="null" EndDate="2010-03-28 15:36:27.506 CEST" Interest="1.0" Kind="selection" Navigation="null" OriginId="org.eclipse.jdt.ui.PackageExplorer" StartDate="2010-03-28 15:36:27.506 CEST" StructureHandle="=clearcase-ucm-baseline/src\/main\/java&amp;lt;com.michelin.cio.hudson.plugins.clearcaseucmbaseline" StructureKind="java"/><InteractionEvent Delta="null" EndDate="2010-03-28 15:36:30.803 CEST" Interest="1.0000005" Kind="propagation" Navigation="org.eclipse.mylyn.core.model.edges.containment" OriginId="org.eclipse.mylyn.core.model.interest.propagation" StartDate="2010-03-28 15:36:30.803 CEST" StructureHandle="/clearcase-ucm-baseline/src/main" StructureKind="resource"/><InteractionEvent Delta="null" EndDate="2010-03-28 15:36:27.506 CEST" Interest="0.01699996" Kind="propagation" Navigation="org.eclipse.mylyn.core.model.edges.containment" OriginId="org.eclipse.mylyn.core.model.interest.propagation" StartDate="2010-03-28 15:36:27.506 CEST" StructureHandle="/clearcase-ucm-baseline/src" StructureKind="resource"/><InteractionEvent Delta="null" EndDate="2010-03-28 15:36:30.184 CEST" Interest="1.0" Kind="propagation" Navigation="null" OriginId="org.eclipse.jdt.ui.PackageExplorer" StartDate="2010-03-28 15:36:30.184 CEST" StructureHandle="/clearcase-ucm-baseline/src/main/java/com/michelin/cio/hudson/plugins/clearcaseucmbaseline/ClearCaseUcmBaselineParameterValue.java" StructureKind="resource"/><InteractionEvent Delta="null" EndDate="2010-03-28 15:36:30.803 CEST" Interest="0.6999998" Kind="propagation" Navigation="org.eclipse.mylyn.core.model.edges.containment" OriginId="org.eclipse.mylyn.core.model.interest.propagation" StartDate="2010-03-28 15:36:30.803 CEST" StructureHandle="=clearcase-ucm-baseline/src\/main\/java&amp;lt;com.michelin.cio.hudson.plugins.clearcaseucmbaseline" StructureKind="java"/><InteractionEvent Delta="null" EndDate="2010-03-28 15:37:08.86 CEST" Interest="0.9999995" Kind="propagation" Navigation="org.eclipse.mylyn.core.model.edges.containment" OriginId="org.eclipse.mylyn.core.model.interest.propagation" StartDate="2010-03-28 15:37:08.86 CEST" StructureHandle="" StructureKind="java"/><InteractionEvent Delta="null" EndDate="2010-03-28 15:37:08.85 CEST" Interest="0.99999976" Kind="propagation" Navigation="org.eclipse.mylyn.core.model.edges.containment" OriginId="org.eclipse.mylyn.core.model.interest.propagation" StartDate="2010-03-28 15:37:08.85 CEST" StructureHandle="/clearcase-ucm-baseline/src/main/java" StructureKind="resource"/><InteractionEvent Delta="null" EndDate="2010-03-28 15:36:30.804 CEST" Interest="1.0" Kind="propagation" Navigation="null" OriginId="org.eclipse.jdt.ui.CompilationUnitEditor" StartDate="2010-03-28 15:36:30.804 CEST" StructureHandle="/clearcase-ucm-baseline" StructureKind="resource"/><InteractionEvent Delta="null" EndDate="2010-03-28 15:36:30.185 CEST" Interest="0.01699996" Kind="propagation" Navigation="org.eclipse.mylyn.core.model.edges.containment" OriginId="org.eclipse.mylyn.core.model.interest.propagation" StartDate="2010-03-28 15:36:30.185 CEST" StructureHandle="/clearcase-ucm-baseline/src/main/java/com/michelin/cio/hudson" StructureKind="resource"/><InteractionEvent Delta="null" EndDate="2010-03-28 15:36:30.390 CEST" Interest="1.0" Kind="propagation" Navigation="org.eclipse.mylyn.core.model.edges.containment" OriginId="org.eclipse.mylyn.core.model.interest.propagation" StartDate="2010-03-28 15:36:30.390 CEST" StructureHandle="/" StructureKind="resource"/><InteractionEvent Delta="null" EndDate="2010-03-28 15:36:30.803 CEST" Interest="1.0000002" Kind="propagation" Navigation="org.eclipse.mylyn.core.model.edges.containment" OriginId="org.eclipse.mylyn.core.model.interest.propagation" StartDate="2010-03-28 15:36:30.803 CEST" StructureHandle="/clearcase-ucm-baseline/src/main/java" StructureKind="resource"/><InteractionEvent Delta="null" EndDate="2010-03-28 15:37:08.85 CEST" Interest="0.99999976" Kind="propagation" Navigation="org.eclipse.mylyn.core.model.edges.containment" OriginId="org.eclipse.mylyn.core.model.interest.propagation" StartDate="2010-03-28 15:37:08.85 CEST" StructureHandle="/clearcase-ucm-baseline/src/main" StructureKind="resource"/><InteractionEvent Delta="null" EndDate="2010-03-28 15:36:30.390 CEST" Interest="1.0" Kind="propagation" Navigation="null" OriginId="org.eclipse.jdt.ui.CompilationUnitEditor" StartDate="2010-03-28 15:36:30.390 CEST" StructureHandle="/clearcase-ucm-baseline" StructureKind="resource"/><InteractionEvent Delta="null" EndDate="2010-03-28 15:36:30.802 CEST" Interest="1.0" Kind="propagation" Navigation="null" OriginId="org.eclipse.jdt.ui.CompilationUnitEditor" StartDate="2010-03-28 15:36:30.802 CEST" StructureHandle="/clearcase-ucm-baseline/src/main/java/com/michelin/cio/hudson/plugins/clearcaseucmbaseline/ClearCaseUcmBaselineParameterValue.java" StructureKind="resource"/><InteractionEvent Delta="null" EndDate="2010-03-28 15:37:08.84 CEST" Interest="1.0" Kind="propagation" Navigation="org.eclipse.mylyn.core.model.edges.containment" OriginId="org.eclipse.mylyn.core.model.interest.propagation" StartDate="2010-03-28 15:37:08.84 CEST" StructureHandle="/clearcase-ucm-baseline/src/main/java/com/michelin/cio/hudson" StructureKind="resource"/><InteractionEvent Delta="null" EndDate="2010-03-28 15:36:27.506 CEST" Interest="0.01700002" Kind="propagation" Navigation="org.eclipse.mylyn.core.model.edges.containment" OriginId="org.eclipse.mylyn.core.model.interest.propagation" StartDate="2010-03-28 15:36:27.506 CEST" StructureHandle="/clearcase-ucm-baseline/src/main/java" StructureKind="resource"/><InteractionEvent Delta="null" EndDate="2010-03-28 15:36:30.390 CEST" Interest="0.9999999" Kind="propagation" Navigation="org.eclipse.mylyn.core.model.edges.containment" OriginId="org.eclipse.mylyn.core.model.interest.propagation" StartDate="2010-03-28 15:36:30.390 CEST" StructureHandle="/clearcase-ucm-baseline/src" StructureKind="resource"/><InteractionEvent Delta="null" EndDate="2010-03-28 15:36:27.506 CEST" Interest="1.0" Kind="propagation" Navigation="null" OriginId="org.eclipse.jdt.ui.PackageExplorer" StartDate="2010-03-28 15:36:27.506 CEST" StructureHandle="/clearcase-ucm-baseline/src/main/java/com/michelin/cio/hudson/plugins/clearcaseucmbaseline" StructureKind="resource"/><InteractionEvent Delta="null" EndDate="2010-03-28 15:36:30.186 CEST" Interest="0.01699996" Kind="propagation" Navigation="org.eclipse.mylyn.core.model.edges.containment" OriginId="org.eclipse.mylyn.core.model.interest.propagation" StartDate="2010-03-28 15:36:30.186 CEST" StructureHandle="=clearcase-ucm-baseline/src\/main\/java" StructureKind="java"/><InteractionEvent Delta="null" EndDate="2010-03-28 15:36:30.390 CEST" Interest="1.0" Kind="propagation" Navigation="org.eclipse.mylyn.core.model.edges.containment" OriginId="org.eclipse.mylyn.core.model.interest.propagation" StartDate="2010-03-28 15:36:30.390 CEST" StructureHandle="=clearcase-ucm-baseline" StructureKind="resource"/><InteractionEvent Delta="null" EndDate="2010-03-28 15:36:30.802 CEST" Interest="1.0" Kind="propagation" Navigation="org.eclipse.mylyn.core.model.edges.containment" OriginId="org.eclipse.mylyn.core.model.interest.propagation" StartDate="2010-03-28 15:36:30.802 CEST" StructureHandle="/clearcase-ucm-baseline/src/main/java/com/michelin/cio/hudson/plugins" StructureKind="resource"/><InteractionEvent Delta="null" EndDate="2010-03-28 15:36:30.184 CEST" Interest="0.01699996" Kind="propagation" Navigation="org.eclipse.mylyn.core.model.edges.containment" OriginId="org.eclipse.mylyn.core.model.interest.propagation" StartDate="2010-03-28 15:36:30.184 CEST" StructureHandle="/clearcase-ucm-baseline/src/main/java/com/michelin/cio/hudson/plugins" StructureKind="resource"/><InteractionEvent Delta="null" EndDate="2010-03-28 15:36:30.339 CEST" Interest="1.0" Kind="propagation" Navigation="null" OriginId="org.eclipse.jdt.ui.CompilationUnitEditor" StartDate="2010-03-28 15:36:30.339 CEST" StructureHandle="/clearcase-ucm-baseline" StructureKind="resource"/><InteractionEvent Delta="null" EndDate="2010-03-28 15:36:30.185 CEST" Interest="0.01699996" Kind="propagation" Navigation="org.eclipse.mylyn.core.model.edges.containment" OriginId="org.eclipse.mylyn.core.model.interest.propagation" StartDate="2010-03-28 15:36:30.185 CEST" StructureHandle="/clearcase-ucm-baseline/src/main" StructureKind="resource"/><InteractionEvent Delta="null" EndDate="2010-03-28 15:36:30.338 CEST" Interest="1.0" Kind="propagation" Navigation="null" OriginId="org.eclipse.jdt.ui.CompilationUnitEditor" StartDate="2010-03-28 15:36:30.338 CEST" StructureHandle="/clearcase-ucm-baseline/src/main/java/com/michelin/cio/hudson/plugins/clearcaseucmbaseline/ClearCaseUcmBaselineParameterValue.java" StructureKind="resource"/><InteractionEvent Delta="null" EndDate="2010-03-28 15:36:30.389 CEST" Interest="1.0000001" Kind="propagation" Navigation="org.eclipse.mylyn.core.model.edges.containment" OriginId="org.eclipse.mylyn.core.model.interest.propagation" StartDate="2010-03-28 15:36:30.389 CEST" StructureHandle="/clearcase-ucm-baseline/src/main/java/com/michelin/cio/hudson/plugins/clearcaseucmbaseline" StructureKind="resource"/></InteractionHistory>