{
  "jvm" : {
    "vm" : {
      "name" : "Java HotSpot(TM) 64-Bit Server VM",
      "version" : "1.7.0_40-b43"
    },
    "memory" : {
      "totalInit" : 5.7859968E7,
      "totalUsed" : 3.0413552E7,
      "totalMax" : 6.55294464E8,
      "totalCommitted" : 5.701632E7,
      "heapInit" : 3.3546112E7,
      "heapUsed" : 6653232.0,
      "heapMax" : 5.18979584E8,
      "heapCommitted" : 3.2571392E7,
      "heap_usage" : 0.01281983377596603,
      "non_heap_usage" : 0.17430466871995193,
      "memory_pool_usages" : {
        "Code Cache" : 0.05068206787109375,
        "Eden Space" : 0.012538364955357142,
        "Perm Gen" : 0.24666911799733232,
        "Survivor Space" : 0.006419646434294872,
        "Tenured Gen" : 0.013252272268914775
      }
    },
    "buffers" : {
      "direct" : {
        "count" : 0,
        "memoryUsed" : 0,
        "totalCapacity" : 0
      },
      "mapped" : {
        "count" : 0,
        "memoryUsed" : 0,
        "totalCapacity" : 0
      }
    },
    "daemon_thread_count" : 6,
    "thread_count" : 9,
    "current_time" : 1391195999352,
    "uptime" : 756703,
    "fd_usage" : "NaN",
    "thread-states" : {
      "runnable" : 0.3333333333333333,
      "timed_waiting" : 0.1111111111111111,
      "blocked" : 0.0,
      "terminated" : 0.0,
      "waiting" : 0.5555555555555556,
      "new" : 0.0
    },
    "garbage-collectors" : {
      "MarkSweepCompact" : {
        "runs" : 20,
        "time" : 1520
      },
      "Copy" : {
        "runs" : 1148,
        "time" : 2041
      }
    }
  }
}