<?xml version="1.1" encoding="UTF-8"?>
<map>
  <entry>
    <string>2</string>
    <Tag plugin="workflow-support@3.8">
      <node class="org.jenkinsci.plugins.workflow.graph.FlowStartNode" plugin="workflow-api@2.42">
        <parentIds/>
        <id>2</id>
      </node>
      <actions>
        <s.a.WorkspaceActionImpl>
          <node></node>
          <path>F:\Jenkins\workspace\DVLP\ALM_Pipeline@script</path>
          <labels class="sorted-set">
            <hudson.model.labels.LabelAtom>10.0</hudson.model.labels.LabelAtom>
            <hudson.model.labels.LabelAtom>amd64</hudson.model.labels.LabelAtom>
            <hudson.model.labels.LabelAtom>amd64-windows</hudson.model.labels.LabelAtom>
            <hudson.model.labels.LabelAtom>amd64-windows-10.0</hudson.model.labels.LabelAtom>
            <hudson.model.labels.LabelAtom>windows</hudson.model.labels.LabelAtom>
            <hudson.model.labels.LabelAtom>windows-10.0</hudson.model.labels.LabelAtom>
          </labels>
        </s.a.WorkspaceActionImpl>
        <wf.a.TimingAction plugin="workflow-api@2.42">
          <startTime>1620239880348</startTime>
        </wf.a.TimingAction>
      </actions>
    </Tag>
  </entry>
</map>