{
  "version" : "3.0.0",
  "gauges" : {
    "jenkins.executor.count.value" : {
      "value" : 2
    },
    "jenkins.executor.free.value" : {
      "value" : 2
    },
    "jenkins.executor.in-use.value" : {
      "value" : 0
    },
    "jenkins.health-check.count" : {
      "value" : 4
    },
    "jenkins.health-check.inverse-score" : {
      "value" : 0.0
    },
    "jenkins.health-check.score" : {
      "value" : 1.0
    },
    "jenkins.job.count.value" : {
      "value" : 4
    },
    "jenkins.node.count.value" : {
      "value" : 2
    },
    "jenkins.node.offline.value" : {
      "value" : 0
    },
    "jenkins.node.online.value" : {
      "value" : 2
    },
    "jenkins.plugins.active" : {
      "value" : 45
    },
    "jenkins.plugins.failed" : {
      "value" : 0
    },
    "jenkins.plugins.inactive" : {
      "value" : 0
    },
    "jenkins.plugins.withUpdate" : {
      "value" : 0
    },
    "jenkins.project.count.value" : {
      "value" : 4
    },
    "jenkins.project.disabled.count.value" : {
      "value" : 0
    },
    "jenkins.project.enabled.count.value" : {
      "value" : 4
    },
    "jenkins.queue.blocked.value" : {
      "value" : 0
    },
    "jenkins.queue.buildable.value" : {
      "value" : 0
    },
    "jenkins.queue.pending.value" : {
      "value" : 0
    },
    "jenkins.queue.size.value" : {
      "value" : 0
    },
    "jenkins.queue.stuck.value" : {
      "value" : 0
    },
    "jenkins.versions.core" : {
      "value" : "1.636"
    },
    "jenkins.versions.plugin.analysis-core" : {
      "value" : "1.74"
    },
    "jenkins.versions.plugin.ant" : {
      "value" : "1.2"
    },
    "jenkins.versions.plugin.antisamy-markup-formatter" : {
      "value" : "1.3"
    },
    "jenkins.versions.plugin.aws-java-sdk" : {
      "value" : "1.10.26"
    },
    "jenkins.versions.plugin.checkstyle" : {
      "value" : "3.43"
    },
    "jenkins.versions.plugin.credentials" : {
      "value" : "1.24"
    },
    "jenkins.versions.plugin.cvs" : {
      "value" : "2.12"
    },
    "jenkins.versions.plugin.durable-task" : {
      "value" : "1.6"
    },
    "jenkins.versions.plugin.external-monitor-job" : {
      "value" : "1.4"
    },
    "jenkins.versions.plugin.git-client" : {
      "value" : "1.19.0"
    },
    "jenkins.versions.plugin.git-server" : {
      "value" : "1.6"
    },
    "jenkins.versions.plugin.greenballs" : {
      "value" : "1.15"
    },
    "jenkins.versions.plugin.hipchat" : {
      "value" : "0.2.0"
    },
    "jenkins.versions.plugin.htmlpublisher" : {
      "value" : "1.9"
    },
    "jenkins.versions.plugin.jackson2-api" : {
      "value" : "2.5.4"
    },
    "jenkins.versions.plugin.javadoc" : {
      "value" : "1.3"
    },
    "jenkins.versions.plugin.junit" : {
      "value" : "1.9"
    },
    "jenkins.versions.plugin.ldap" : {
      "value" : "1.11"
    },
    "jenkins.versions.plugin.mailer" : {
      "value" : "1.16"
    },
    "jenkins.versions.plugin.mapdb-api" : {
      "value" : "1.0.6.0"
    },
    "jenkins.versions.plugin.matrix-auth" : {
      "value" : "1.2"
    },
    "jenkins.versions.plugin.matrix-project" : {
      "value" : "1.6"
    },
    "jenkins.versions.plugin.maven-plugin" : {
      "value" : "2.12.1"
    },
    "jenkins.versions.plugin.metrics" : {
      "value" : "3.1.2.1"
    },
    "jenkins.versions.plugin.p4" : {
      "value" : "1.3.2"
    },
    "jenkins.versions.plugin.pam-auth" : {
      "value" : "1.2"
    },
    "jenkins.versions.plugin.scm-api" : {
      "value" : "0.2"
    },
    "jenkins.versions.plugin.script-security" : {
      "value" : "1.15"
    },
    "jenkins.versions.plugin.snsnotify" : {
      "value" : "1.9"
    },
    "jenkins.versions.plugin.ssh-credentials" : {
      "value" : "1.11"
    },
    "jenkins.versions.plugin.ssh-slaves" : {
      "value" : "1.10"
    },
    "jenkins.versions.plugin.subversion" : {
      "value" : "2.5.4"
    },
    "jenkins.versions.plugin.support-core" : {
      "value" : "2.28"
    },
    "jenkins.versions.plugin.translation" : {
      "value" : "1.12"
    },
    "jenkins.versions.plugin.windows-slaves" : {
      "value" : "1.1"
    },
    "jenkins.versions.plugin.workflow-aggregator" : {
      "value" : "1.10.1"
    },
    "jenkins.versions.plugin.workflow-api" : {
      "value" : "1.10.1"
    },
    "jenkins.versions.plugin.workflow-basic-steps" : {
      "value" : "1.10.1"
    },
    "jenkins.versions.plugin.workflow-cps" : {
      "value" : "1.10.1"
    },
    "jenkins.versions.plugin.workflow-cps-global-lib" : {
      "value" : "1.10.1"
    },
    "jenkins.versions.plugin.workflow-durable-task-step" : {
      "value" : "1.10.1"
    },
    "jenkins.versions.plugin.workflow-job" : {
      "value" : "1.10.1"
    },
    "jenkins.versions.plugin.workflow-scm-step" : {
      "value" : "1.10.1"
    },
    "jenkins.versions.plugin.workflow-step-api" : {
      "value" : "1.10.1"
    },
    "jenkins.versions.plugin.workflow-support" : {
      "value" : "1.10.1"
    },
    "system.cpu.load" : {
      "value" : 1.13
    },
    "vm.blocked.count" : {
      "value" : 0
    },
    "vm.count" : {
      "value" : 98
    },
    "vm.cpu.load" : {
      "value" : 0.4648352533634093
    },
    "vm.daemon.count" : {
      "value" : 90
    },
    "vm.deadlock.count" : {
      "value" : 0
    },
    "vm.deadlocks" : {
      "value" : [ ]
    },
    "vm.file.descriptor.ratio" : {
      "value" : 0.1435546875
    },
    "vm.gc.Copy.count" : {
      "value" : 329
    },
    "vm.gc.Copy.time" : {
      "value" : 1322
    },
    "vm.gc.MarkSweepCompact.count" : {
      "value" : 7
    },
    "vm.gc.MarkSweepCompact.time" : {
      "value" : 653
    },
    "vm.memory.heap.committed" : {
      "value" : 92262400
    },
    "vm.memory.heap.init" : {
      "value" : 32826368
    },
    "vm.memory.heap.max" : {
      "value" : 675086336
    },
    "vm.memory.heap.usage" : {
      "value" : 0.10846562890587079
    },
    "vm.memory.heap.used" : {
      "value" : 73256824
    },
    "vm.memory.non-heap.committed" : {
      "value" : 70713344
    },
    "vm.memory.non-heap.init" : {
      "value" : 24313856
    },
    "vm.memory.non-heap.max" : {
      "value" : 224395264
    },
    "vm.memory.non-heap.usage" : {
      "value" : 0.31373831490489923
    },
    "vm.memory.non-heap.used" : {
      "value" : 70401392
    },
    "vm.memory.pools.Code-Cache.committed" : {
      "value" : 6029312
    },
    "vm.memory.pools.Code-Cache.init" : {
      "value" : 2555904
    },
    "vm.memory.pools.Code-Cache.max" : {
      "value" : 50331648
    },
    "vm.memory.pools.Code-Cache.usage" : {
      "value" : 0.11772791544596355
    },
    "vm.memory.pools.Code-Cache.used" : {
      "value" : 5925440
    },
    "vm.memory.pools.Eden-Space.committed" : {
      "value" : 25559040
    },
    "vm.memory.pools.Eden-Space.init" : {
      "value" : 8847360
    },
    "vm.memory.pools.Eden-Space.max" : {
      "value" : 186253312
    },
    "vm.memory.pools.Eden-Space.usage" : {
      "value" : 0.07518912737508797
    },
    "vm.memory.pools.Eden-Space.used" : {
      "value" : 14004224
    },
    "vm.memory.pools.Perm-Gen.committed" : {
      "value" : 64684032
    },
    "vm.memory.pools.Perm-Gen.init" : {
      "value" : 21757952
    },
    "vm.memory.pools.Perm-Gen.max" : {
      "value" : 174063616
    },
    "vm.memory.pools.Perm-Gen.usage" : {
      "value" : 0.3704189622258566
    },
    "vm.memory.pools.Perm-Gen.used" : {
      "value" : 64476464
    },
    "vm.memory.pools.Survivor-Space.committed" : {
      "value" : 3145728
    },
    "vm.memory.pools.Survivor-Space.init" : {
      "value" : 1048576
    },
    "vm.memory.pools.Survivor-Space.max" : {
      "value" : 23265280
    },
    "vm.memory.pools.Survivor-Space.usage" : {
      "value" : 0.058553518375880284
    },
    "vm.memory.pools.Survivor-Space.used" : {
      "value" : 1362264
    },
    "vm.memory.pools.Tenured-Gen.committed" : {
      "value" : 63557632
    },
    "vm.memory.pools.Tenured-Gen.init" : {
      "value" : 21889024
    },
    "vm.memory.pools.Tenured-Gen.max" : {
      "value" : 465567744
    },
    "vm.memory.pools.Tenured-Gen.usage" : {
      "value" : 0.12448895084965336
    },
    "vm.memory.pools.Tenured-Gen.used" : {
      "value" : 57958040
    },
    "vm.memory.total.committed" : {
      "value" : 162975744
    },
    "vm.memory.total.init" : {
      "value" : 57140224
    },
    "vm.memory.total.max" : {
      "value" : 899481600
    },
    "vm.memory.total.used" : {
      "value" : 143726432
    },
    "vm.new.count" : {
      "value" : 0
    },
    "vm.runnable.count" : {
      "value" : 11
    },
    "vm.terminated.count" : {
      "value" : 0
    },
    "vm.timed_waiting.count" : {
      "value" : 73
    },
    "vm.uptime.milliseconds" : {
      "value" : 42648
    },
    "vm.waiting.count" : {
      "value" : 14
    }
  },
  "counters" : {
    "http.activeRequests" : {
      "count" : 1
    }
  },
  "histograms" : {
    "jenkins.executor.count.history" : {
      "count" : 2,
      "max" : 2,
      "mean" : 2.0,
      "min" : 2,
      "p50" : 2.0,
      "p75" : 2.0,
      "p95" : 2.0,
      "p98" : 2.0,
      "p99" : 2.0,
      "p999" : 2.0,
      "values" : [ 2, 2 ],
      "stddev" : 0.0
    },
    "jenkins.executor.free.history" : {
      "count" : 2,
      "max" : 2,
      "mean" : 2.0,
      "min" : 2,
      "p50" : 2.0,
      "p75" : 2.0,
      "p95" : 2.0,
      "p98" : 2.0,
      "p99" : 2.0,
      "p999" : 2.0,
      "values" : [ 2, 2 ],
      "stddev" : 0.0
    },
    "jenkins.executor.in-use.history" : {
      "count" : 2,
      "max" : 0,
      "mean" : 0.0,
      "min" : 0,
      "p50" : 0.0,
      "p75" : 0.0,
      "p95" : 0.0,
      "p98" : 0.0,
      "p99" : 0.0,
      "p999" : 0.0,
      "values" : [ 0, 0 ],
      "stddev" : 0.0
    },
    "jenkins.job.count.history" : {
      "count" : 2,
      "max" : 4,
      "mean" : 4.0,
      "min" : 4,
      "p50" : 4.0,
      "p75" : 4.0,
      "p95" : 4.0,
      "p98" : 4.0,
      "p99" : 4.0,
      "p999" : 4.0,
      "values" : [ 4, 4 ],
      "stddev" : 0.0
    },
    "jenkins.node.count.history" : {
      "count" : 2,
      "max" : 2,
      "mean" : 2.0,
      "min" : 2,
      "p50" : 2.0,
      "p75" : 2.0,
      "p95" : 2.0,
      "p98" : 2.0,
      "p99" : 2.0,
      "p999" : 2.0,
      "values" : [ 2, 2 ],
      "stddev" : 0.0
    },
    "jenkins.node.offline.history" : {
      "count" : 2,
      "max" : 0,
      "mean" : 0.0,
      "min" : 0,
      "p50" : 0.0,
      "p75" : 0.0,
      "p95" : 0.0,
      "p98" : 0.0,
      "p99" : 0.0,
      "p999" : 0.0,
      "values" : [ 0, 0 ],
      "stddev" : 0.0
    },
    "jenkins.node.online.history" : {
      "count" : 2,
      "max" : 2,
      "mean" : 2.0,
      "min" : 2,
      "p50" : 2.0,
      "p75" : 2.0,
      "p95" : 2.0,
      "p98" : 2.0,
      "p99" : 2.0,
      "p999" : 2.0,
      "values" : [ 2, 2 ],
      "stddev" : 0.0
    },
    "jenkins.project.count.history" : {
      "count" : 2,
      "max" : 4,
      "mean" : 4.0,
      "min" : 4,
      "p50" : 4.0,
      "p75" : 4.0,
      "p95" : 4.0,
      "p98" : 4.0,
      "p99" : 4.0,
      "p999" : 4.0,
      "values" : [ 4, 4 ],
      "stddev" : 0.0
    },
    "jenkins.project.disabled.count.history" : {
      "count" : 2,
      "max" : 0,
      "mean" : 0.0,
      "min" : 0,
      "p50" : 0.0,
      "p75" : 0.0,
      "p95" : 0.0,
      "p98" : 0.0,
      "p99" : 0.0,
      "p999" : 0.0,
      "values" : [ 0, 0 ],
      "stddev" : 0.0
    },
    "jenkins.project.enabled.count.history" : {
      "count" : 2,
      "max" : 4,
      "mean" : 4.0,
      "min" : 4,
      "p50" : 4.0,
      "p75" : 4.0,
      "p95" : 4.0,
      "p98" : 4.0,
      "p99" : 4.0,
      "p999" : 4.0,
      "values" : [ 4, 4 ],
      "stddev" : 0.0
    },
    "jenkins.queue.blocked.history" : {
      "count" : 2,
      "max" : 0,
      "mean" : 0.0,
      "min" : 0,
      "p50" : 0.0,
      "p75" : 0.0,
      "p95" : 0.0,
      "p98" : 0.0,
      "p99" : 0.0,
      "p999" : 0.0,
      "values" : [ 0, 0 ],
      "stddev" : 0.0
    },
    "jenkins.queue.buildable.history" : {
      "count" : 2,
      "max" : 0,
      "mean" : 0.0,
      "min" : 0,
      "p50" : 0.0,
      "p75" : 0.0,
      "p95" : 0.0,
      "p98" : 0.0,
      "p99" : 0.0,
      "p999" : 0.0,
      "values" : [ 0, 0 ],
      "stddev" : 0.0
    },
    "jenkins.queue.pending.history" : {
      "count" : 2,
      "max" : 0,
      "mean" : 0.0,
      "min" : 0,
      "p50" : 0.0,
      "p75" : 0.0,
      "p95" : 0.0,
      "p98" : 0.0,
      "p99" : 0.0,
      "p999" : 0.0,
      "values" : [ 0, 0 ],
      "stddev" : 0.0
    },
    "jenkins.queue.size.history" : {
      "count" : 2,
      "max" : 0,
      "mean" : 0.0,
      "min" : 0,
      "p50" : 0.0,
      "p75" : 0.0,
      "p95" : 0.0,
      "p98" : 0.0,
      "p99" : 0.0,
      "p999" : 0.0,
      "values" : [ 0, 0 ],
      "stddev" : 0.0
    },
    "jenkins.queue.stuck.history" : {
      "count" : 2,
      "max" : 0,
      "mean" : 0.0,
      "min" : 0,
      "p50" : 0.0,
      "p75" : 0.0,
      "p95" : 0.0,
      "p98" : 0.0,
      "p99" : 0.0,
      "p999" : 0.0,
      "values" : [ 0, 0 ],
      "stddev" : 0.0
    }
  },
  "meters" : {
    "http.responseCodes.badRequest" : {
      "count" : 0,
      "m15_rate" : 0.0,
      "m1_rate" : 0.0,
      "m5_rate" : 0.0,
      "mean_rate" : 0.0,
      "units" : "events/minute"
    },
    "http.responseCodes.created" : {
      "count" : 0,
      "m15_rate" : 0.0,
      "m1_rate" : 0.0,
      "m5_rate" : 0.0,
      "mean_rate" : 0.0,
      "units" : "events/minute"
    },
    "http.responseCodes.forbidden" : {
      "count" : 0,
      "m15_rate" : 0.0,
      "m1_rate" : 0.0,
      "m5_rate" : 0.0,
      "mean_rate" : 0.0,
      "units" : "events/minute"
    },
    "http.responseCodes.noContent" : {
      "count" : 0,
      "m15_rate" : 0.0,
      "m1_rate" : 0.0,
      "m5_rate" : 0.0,
      "mean_rate" : 0.0,
      "units" : "events/minute"
    },
    "http.responseCodes.notFound" : {
      "count" : 0,
      "m15_rate" : 0.0,
      "m1_rate" : 0.0,
      "m5_rate" : 0.0,
      "mean_rate" : 0.0,
      "units" : "events/minute"
    },
    "http.responseCodes.notModified" : {
      "count" : 68,
      "m15_rate" : 4.473802453530439,
      "m1_rate" : 55.961596619992974,
      "m5_rate" : 13.072519331737542,
      "mean_rate" : 110.33049811772862,
      "units" : "events/minute"
    },
    "http.responseCodes.ok" : {
      "count" : 89,
      "m15_rate" : 363.637216589739,
      "m1_rate" : 276.69621616916055,
      "m5_rate" : 347.89911712700086,
      "mean_rate" : 144.41887421763326,
      "units" : "events/minute"
    },
    "http.responseCodes.other" : {
      "count" : 0,
      "m15_rate" : 0.0,
      "m1_rate" : 0.0,
      "m5_rate" : 0.0,
      "mean_rate" : 0.0,
      "units" : "events/minute"
    },
    "http.responseCodes.serverError" : {
      "count" : 0,
      "m15_rate" : 0.0,
      "m1_rate" : 0.0,
      "m5_rate" : 0.0,
      "mean_rate" : 0.0,
      "units" : "events/minute"
    },
    "http.responseCodes.serviceUnavailable" : {
      "count" : 5,
      "m15_rate" : 46.491033342748395,
      "m1_rate" : 29.745991312060134,
      "m5_rate" : 43.61468002484643,
      "mean_rate" : 8.113365273434942,
      "units" : "events/minute"
    },
    "jenkins.job.scheduled" : {
      "count" : 0,
      "m15_rate" : 0.0,
      "m1_rate" : 0.0,
      "m5_rate" : 0.0,
      "mean_rate" : 0.0,
      "units" : "events/minute"
    },
    "jenkins.runs.aborted" : {
      "count" : 0,
      "m15_rate" : 0.0,
      "m1_rate" : 0.0,
      "m5_rate" : 0.0,
      "mean_rate" : 0.0,
      "units" : "events/minute"
    },
    "jenkins.runs.failure" : {
      "count" : 0,
      "m15_rate" : 0.0,
      "m1_rate" : 0.0,
      "m5_rate" : 0.0,
      "mean_rate" : 0.0,
      "units" : "events/minute"
    },
    "jenkins.runs.not_built" : {
      "count" : 0,
      "m15_rate" : 0.0,
      "m1_rate" : 0.0,
      "m5_rate" : 0.0,
      "mean_rate" : 0.0,
      "units" : "events/minute"
    },
    "jenkins.runs.success" : {
      "count" : 0,
      "m15_rate" : 0.0,
      "m1_rate" : 0.0,
      "m5_rate" : 0.0,
      "mean_rate" : 0.0,
      "units" : "events/minute"
    },
    "jenkins.runs.total" : {
      "count" : 0,
      "m15_rate" : 0.0,
      "m1_rate" : 0.0,
      "m5_rate" : 0.0,
      "mean_rate" : 0.0,
      "units" : "events/minute"
    },
    "jenkins.runs.unstable" : {
      "count" : 0,
      "m15_rate" : 0.0,
      "m1_rate" : 0.0,
      "m5_rate" : 0.0,
      "mean_rate" : 0.0,
      "units" : "events/minute"
    }
  },
  "timers" : {
    "http.requests" : {
      "count" : 162,
      "max" : 4.490211762,
      "mean" : 0.10407155410936077,
      "min" : 7.471110000000001E-4,
      "p50" : 0.021448618000000003,
      "p75" : 0.055932436,
      "p95" : 0.258391666,
      "p98" : 0.8727422490000001,
      "p99" : 1.454902702,
      "p999" : 4.490211762,
      "values" : [ 7.471110000000001E-4, 7.48306E-4, 7.5655E-4, 7.826640000000001E-4, 8.51542E-4, 0.0032524290000000003, 0.003351685, 0.00336499, 0.0033765070000000004, 0.0033859970000000004, 0.003424106, 0.0034371740000000003, 0.003450804, 0.0034702070000000003, 0.0034905730000000003, 0.003536964, 0.003548746, 0.003573783, 0.003596515, 0.0036583370000000002, 0.0037985450000000004, 0.0038696430000000003, 0.00509737, 0.0055510690000000005, 0.005611642, 0.005737888, 0.006082771000000001, 0.00608706, 0.006965925, 0.007124578, 0.007891091000000001, 0.009201546000000001, 0.009655151, 0.009708261000000001, 0.010021523000000001, 0.010218729000000001, 0.010238491, 0.010901998000000001, 0.011283529, 0.011654355, 0.011744331, 0.011797375, 0.012297957, 0.012488083, 0.012540713, 0.012545079, 0.012546038, 0.013401077, 0.014052807, 0.014557318000000001, 0.015026308, 0.015087639000000002, 0.015346496000000001, 0.015469865000000001, 0.015710247, 0.015901406, 0.015968749, 0.015998871, 0.016134806, 0.016428013, 0.017505339, 0.017705152000000002, 0.017877917, 0.018190427000000002, 0.018490665, 0.018561767, 0.018932647, 0.019856335000000003, 0.019886283, 0.020270049000000002, 0.020352552000000003, 0.020602502, 0.020871975, 0.020905814, 0.021236089, 0.021448618000000003, 0.022092442, 0.023178468, 0.023956859, 0.024209027, 0.024484973, 0.025071044, 0.025101798, 0.025301047, 0.025771889000000003, 0.026326582, 0.028242121000000002, 0.028438969, 0.029292834, 0.029587078000000003, 0.029837441000000003, 0.029852083, 0.030045258000000002, 0.030088713000000003, 0.030282160000000002, 0.030705436000000003, 0.030976826000000002, 0.031097870000000003, 0.032870668, 0.035086529000000005, 0.035861724000000005, 0.037152927, 0.037710912, 0.040667252, 0.041354626000000005, 0.041660532, 0.044499485000000005, 0.044783274000000005, 0.04528179, 0.046849021000000005, 0.046947021000000005, 0.049188498000000004, 0.050319035000000005, 0.05197091, 0.052673336, 0.053819806000000005, 0.055932436, 0.056550149, 0.064662, 0.067552288, 0.071246323, 0.079192707, 0.08394870600000001, 0.088371872, 0.0897023, 0.09105708400000001, 0.092358275, 0.10229800600000001, 0.104273181, 0.10489490400000001, 0.11382075800000001, 0.120386691, 0.128072226, 0.139417665, 0.14388048, 0.14823508200000002, 0.16316322300000002, 0.170782242, 0.17854346100000001, 0.179134647, 0.19855694000000002, 0.20451767, 0.20884994, 0.21617739500000002, 0.220401474, 0.221747784, 0.22284209300000002, 0.23143021800000002, 0.23403405700000002, 0.23626774600000003, 0.24692412000000002, 0.251298529, 0.258391666, 0.27894666100000004, 0.34675319200000004, 0.49659184100000003, 0.5597279150000001, 0.6815444380000001, 0.8727422490000001, 1.1674194, 1.454902702, 4.490211762 ],
      "stddev" : 0.38283720607663907,
      "m15_rate" : 414.60205238601793,
      "m1_rate" : 362.4038041012137,
      "m5_rate" : 404.5863164835848,
      "mean_rate" : 262.9935512514747,
      "duration_units" : "seconds",
      "rate_units" : "calls/minute"
    },
    "jenkins.health-check.duration" : {
      "count" : 0,
      "max" : 0.0,
      "mean" : 0.0,
      "min" : 0.0,
      "p50" : 0.0,
      "p75" : 0.0,
      "p95" : 0.0,
      "p98" : 0.0,
      "p99" : 0.0,
      "p999" : 0.0,
      "values" : [ ],
      "stddev" : 0.0,
      "m15_rate" : 0.0,
      "m1_rate" : 0.0,
      "m5_rate" : 0.0,
      "mean_rate" : 0.0,
      "duration_units" : "seconds",
      "rate_units" : "calls/minute"
    },
    "jenkins.job.blocked.duration" : {
      "count" : 0,
      "max" : 0.0,
      "mean" : 0.0,
      "min" : 0.0,
      "p50" : 0.0,
      "p75" : 0.0,
      "p95" : 0.0,
      "p98" : 0.0,
      "p99" : 0.0,
      "p999" : 0.0,
      "values" : [ ],
      "stddev" : 0.0,
      "m15_rate" : 0.0,
      "m1_rate" : 0.0,
      "m5_rate" : 0.0,
      "mean_rate" : 0.0,
      "duration_units" : "seconds",
      "rate_units" : "calls/minute"
    },
    "jenkins.job.buildable.duration" : {
      "count" : 0,
      "max" : 0.0,
      "mean" : 0.0,
      "min" : 0.0,
      "p50" : 0.0,
      "p75" : 0.0,
      "p95" : 0.0,
      "p98" : 0.0,
      "p99" : 0.0,
      "p999" : 0.0,
      "values" : [ ],
      "stddev" : 0.0,
      "m15_rate" : 0.0,
      "m1_rate" : 0.0,
      "m5_rate" : 0.0,
      "mean_rate" : 0.0,
      "duration_units" : "seconds",
      "rate_units" : "calls/minute"
    },
    "jenkins.job.building.duration" : {
      "count" : 0,
      "max" : 0.0,
      "mean" : 0.0,
      "min" : 0.0,
      "p50" : 0.0,
      "p75" : 0.0,
      "p95" : 0.0,
      "p98" : 0.0,
      "p99" : 0.0,
      "p999" : 0.0,
      "values" : [ ],
      "stddev" : 0.0,
      "m15_rate" : 0.0,
      "m1_rate" : 0.0,
      "m5_rate" : 0.0,
      "mean_rate" : 0.0,
      "duration_units" : "seconds",
      "rate_units" : "calls/minute"
    },
    "jenkins.job.queuing.duration" : {
      "count" : 0,
      "max" : 0.0,
      "mean" : 0.0,
      "min" : 0.0,
      "p50" : 0.0,
      "p75" : 0.0,
      "p95" : 0.0,
      "p98" : 0.0,
      "p99" : 0.0,
      "p999" : 0.0,
      "values" : [ ],
      "stddev" : 0.0,
      "m15_rate" : 0.0,
      "m1_rate" : 0.0,
      "m5_rate" : 0.0,
      "mean_rate" : 0.0,
      "duration_units" : "seconds",
      "rate_units" : "calls/minute"
    },
    "jenkins.job.total.duration" : {
      "count" : 0,
      "max" : 0.0,
      "mean" : 0.0,
      "min" : 0.0,
      "p50" : 0.0,
      "p75" : 0.0,
      "p95" : 0.0,
      "p98" : 0.0,
      "p99" : 0.0,
      "p999" : 0.0,
      "values" : [ ],
      "stddev" : 0.0,
      "m15_rate" : 0.0,
      "m1_rate" : 0.0,
      "m5_rate" : 0.0,
      "mean_rate" : 0.0,
      "duration_units" : "seconds",
      "rate_units" : "calls/minute"
    },
    "jenkins.job.waiting.duration" : {
      "count" : 0,
      "max" : 0.0,
      "mean" : 0.0,
      "min" : 0.0,
      "p50" : 0.0,
      "p75" : 0.0,
      "p95" : 0.0,
      "p98" : 0.0,
      "p99" : 0.0,
      "p999" : 0.0,
      "values" : [ ],
      "stddev" : 0.0,
      "m15_rate" : 0.0,
      "m1_rate" : 0.0,
      "m5_rate" : 0.0,
      "mean_rate" : 0.0,
      "duration_units" : "seconds",
      "rate_units" : "calls/minute"
    },
    "jenkins.node.kingmaker-macpro01.builds" : {
      "count" : 0,
      "max" : 0.0,
      "mean" : 0.0,
      "min" : 0.0,
      "p50" : 0.0,
      "p75" : 0.0,
      "p95" : 0.0,
      "p98" : 0.0,
      "p99" : 0.0,
      "p999" : 0.0,
      "values" : [ ],
      "stddev" : 0.0,
      "m15_rate" : 0.0,
      "m1_rate" : 0.0,
      "m5_rate" : 0.0,
      "mean_rate" : 0.0,
      "duration_units" : "seconds",
      "rate_units" : "calls/minute"
    }
  }
}