<?xml version='1.0' encoding='UTF-8'?>
<org.jenkinsci.plugins.workflow.support.storage.SimpleXStreamFlowNodeStorage_-Tag plugin="workflow-support@1.10-beta-1">
  <node class="org.jenkinsci.plugins.workflow.graph.FlowEndNode" plugin="workflow-api@1.10-beta-1">
    <parents class="com.google.common.collect.ImmutableList">
      <org.jenkinsci.plugins.workflow.cps.nodes.StepEndNode>9</org.jenkinsci.plugins.workflow.cps.nodes.StepEndNode>
    </parents>
    <id>10</id>
    <start class="org.jenkinsci.plugins.workflow.graph.FlowStartNode">2</start>
    <result>
      <name>SUCCESS</name>
      <ordinal>0</ordinal>
      <color>BLUE</color>
      <completeBuild>true</completeBuild>
    </result>
  </node>
  <actions>
    <org.jenkinsci.plugins.workflow.actions.TimingAction plugin="workflow-api@1.10-beta-1">
      <startTime>1440430517178</startTime>
    </org.jenkinsci.plugins.workflow.actions.TimingAction>
  </actions>
</org.jenkinsci.plugins.workflow.support.storage.SimpleXStreamFlowNodeStorage_-Tag>