{
  "jvm" : {
    "vm" : {
      "name" : "Java HotSpot(TM) 64-Bit Server VM",
      "version" : "1.7.0_40-b43"
    },
    "memory" : {
      "totalInit" : 5.8122112E7,
      "totalUsed" : 3.4189384E7,
      "totalMax" : 6.1341696E8,
      "totalCommitted" : 6.520832E7,
      "heapInit" : 3.3546112E7,
      "heapUsed" : 1.0266016E7,
      "heapMax" : 4.7710208E8,
      "heapCommitted" : 3.0408704E7,
      "heap_usage" : 0.02151744129893544,
      "non_heap_usage" : 0.1755007817195012,
      "memory_pool_usages" : {
        "Code Cache" : 0.053026835123697914,
        "PS Eden Space" : 0.02521703383501838,
        "PS Old Gen" : 0.01586448691807185,
        "PS Perm Gen" : 0.2471928480194836,
        "PS Survivor Space" : 0.1875
      }
    },
    "buffers" : {
      "direct" : {
        "count" : 0,
        "memoryUsed" : 0,
        "totalCapacity" : 0
      },
      "mapped" : {
        "count" : 0,
        "memoryUsed" : 0,
        "totalCapacity" : 0
      }
    },
    "daemon_thread_count" : 5,
    "thread_count" : 8,
    "current_time" : 1391091714595,
    "uptime" : 724866,
    "fd_usage" : "NaN",
    "thread-states" : {
      "timed_waiting" : 0.125,
      "new" : 0.0,
      "terminated" : 0.0,
      "blocked" : 0.0,
      "waiting" : 0.5,
      "runnable" : 0.375
    },
    "garbage-collectors" : {
      "PS MarkSweep" : {
        "runs" : 28,
        "time" : 2030
      },
      "PS Scavenge" : {
        "runs" : 1123,
        "time" : 2151
      }
    }
  }
}