<github-plugin-configuration plugin="github@1.28.1">
  <configs>
    <org.jenkinsci.plugins.github.config.GitHubServerConfig>
      <apiUrl>https://github.gamesys.co.uk/api/v3</apiUrl>
      <manageHooks>false</manageHooks>
      <credentialsId>2946d8ce-ff97-4d0e-9e1c-35951497c2ff</credentialsId>
      <clientCacheSize>2</clientCacheSize>
    </org.jenkinsci.plugins.github.config.GitHubServerConfig>
  </configs>
  <hookSecretConfig>
    <credentialsId/>
  </hookSecretConfig>
</github-plugin-configuration>