<hudson.plugins.groovy.Groovy_-DescriptorImpl plugin="groovy@2.0">
  <allowMacro>false</allowMacro>
  <installations/>
  <installations2>
    <hudson.plugins.groovy.GroovyInstallation>
      <name>JenkinsGroovy</name>
      <home/>
      <properties>
        <hudson.tools.InstallSourceProperty>
          <installers>
            <hudson.plugins.groovy.GroovyInstaller>
              <id>2.2.1</id>
            </hudson.plugins.groovy.GroovyInstaller>
          </installers>
        </hudson.tools.InstallSourceProperty>
      </properties>
    </hudson.plugins.groovy.GroovyInstallation>
  </installations2>
</hudson.plugins.groovy.Groovy_-DescriptorImpl>