<hudson.plugins.jira.JiraProjectProperty_-DescriptorImpl plugin="jira@2.5">
  <sites>
    <hudson.plugins.jira.JiraSite>
      <url>https://jira.gamesys.co.uk/</url>
      <alternativeUrl>https://jira.gamesys.co.uk/l/</alternativeUrl>
      <useHTTPAuth>true</useHTTPAuth>
      <password>#secret#</password>
      <supportsWikiStyleComment>true</supportsWikiStyleComment>
      <recordScmChanges>true</recordScmChanges>
      <disableChangelogAnnotations>false</disableChangelogAnnotations>
      <updateJiraIssueForAllStatus>false</updateJiraIssueForAllStatus>
      <timeout>30</timeout>
      <dateTimePattern/>
      <appendChangeTimestamp>false</appendChangeTimestamp>
    </hudson.plugins.jira.JiraSite>
  </sites>
</hudson.plugins.jira.JiraProjectProperty_-DescriptorImpl>