<hudson.plugins.throttleconcurrents.ThrottleJobProperty_-DescriptorImpl plugin="throttle-concurrents@2.0.1">
  <categories class="java.util.concurrent.CopyOnWriteArrayList">
    <hudson.plugins.throttleconcurrents.ThrottleJobProperty_-ThrottleCategory>
      <maxConcurrentPerNode>1</maxConcurrentPerNode>
      <maxConcurrentTotal>1</maxConcurrentTotal>
      <categoryName>jpj-cash-ios-app</categoryName>
      <nodeLabeledPairs/>
    </hudson.plugins.throttleconcurrents.ThrottleJobProperty_-ThrottleCategory>
    <hudson.plugins.throttleconcurrents.ThrottleJobProperty_-ThrottleCategory>
      <maxConcurrentPerNode>1</maxConcurrentPerNode>
      <maxConcurrentTotal>1</maxConcurrentTotal>
      <categoryName>jpj-cash-ios-app-master</categoryName>
      <nodeLabeledPairs/>
    </hudson.plugins.throttleconcurrents.ThrottleJobProperty_-ThrottleCategory>
    <hudson.plugins.throttleconcurrents.ThrottleJobProperty_-ThrottleCategory>
      <maxConcurrentPerNode>1</maxConcurrentPerNode>
      <maxConcurrentTotal>0</maxConcurrentTotal>
      <categoryName>ReleaseBuildsTestflight</categoryName>
      <nodeLabeledPairs>
        <hudson.plugins.throttleconcurrents.ThrottleJobProperty_-NodeLabeledPair>
          <throttledNodeLabel>JenkinsSlave</throttledNodeLabel>
          <maxConcurrentPerNodeLabeled>1</maxConcurrentPerNodeLabeled>
        </hudson.plugins.throttleconcurrents.ThrottleJobProperty_-NodeLabeledPair>
      </nodeLabeledPairs>
    </hudson.plugins.throttleconcurrents.ThrottleJobProperty_-ThrottleCategory>
    <hudson.plugins.throttleconcurrents.ThrottleJobProperty_-ThrottleCategory>
      <maxConcurrentPerNode>2</maxConcurrentPerNode>
      <maxConcurrentTotal>6</maxConcurrentTotal>
      <categoryName>NightlyBuilds</categoryName>
      <nodeLabeledPairs>
        <hudson.plugins.throttleconcurrents.ThrottleJobProperty_-NodeLabeledPair>
          <throttledNodeLabel>6</throttledNodeLabel>
          <maxConcurrentPerNodeLabeled>2</maxConcurrentPerNodeLabeled>
        </hudson.plugins.throttleconcurrents.ThrottleJobProperty_-NodeLabeledPair>
      </nodeLabeledPairs>
    </hudson.plugins.throttleconcurrents.ThrottleJobProperty_-ThrottleCategory>
    <hudson.plugins.throttleconcurrents.ThrottleJobProperty_-ThrottleCategory>
      <maxConcurrentPerNode>1</maxConcurrentPerNode>
      <maxConcurrentTotal>0</maxConcurrentTotal>
      <categoryName>ParallelCodeTests</categoryName>
      <nodeLabeledPairs>
        <hudson.plugins.throttleconcurrents.ThrottleJobProperty_-NodeLabeledPair>
          <throttledNodeLabel>JenkinsSlave</throttledNodeLabel>
          <maxConcurrentPerNodeLabeled>1</maxConcurrentPerNodeLabeled>
        </hudson.plugins.throttleconcurrents.ThrottleJobProperty_-NodeLabeledPair>
      </nodeLabeledPairs>
    </hudson.plugins.throttleconcurrents.ThrottleJobProperty_-ThrottleCategory>
    <hudson.plugins.throttleconcurrents.ThrottleJobProperty_-ThrottleCategory>
      <maxConcurrentPerNode>1</maxConcurrentPerNode>
      <maxConcurrentTotal>0</maxConcurrentTotal>
      <categoryName>ios-versioning</categoryName>
      <nodeLabeledPairs>
        <hudson.plugins.throttleconcurrents.ThrottleJobProperty_-NodeLabeledPair>
          <throttledNodeLabel>JenkinsSlave</throttledNodeLabel>
          <maxConcurrentPerNodeLabeled>1</maxConcurrentPerNodeLabeled>
        </hudson.plugins.throttleconcurrents.ThrottleJobProperty_-NodeLabeledPair>
      </nodeLabeledPairs>
    </hudson.plugins.throttleconcurrents.ThrottleJobProperty_-ThrottleCategory>
    <hudson.plugins.throttleconcurrents.ThrottleJobProperty_-ThrottleCategory>
      <maxConcurrentPerNode>1</maxConcurrentPerNode>
      <maxConcurrentTotal>0</maxConcurrentTotal>
      <categoryName>deeplinking-endpoint</categoryName>
      <nodeLabeledPairs>
        <hudson.plugins.throttleconcurrents.ThrottleJobProperty_-NodeLabeledPair>
          <throttledNodeLabel>JenkinsSlave</throttledNodeLabel>
          <maxConcurrentPerNodeLabeled>1</maxConcurrentPerNodeLabeled>
        </hudson.plugins.throttleconcurrents.ThrottleJobProperty_-NodeLabeledPair>
      </nodeLabeledPairs>
    </hudson.plugins.throttleconcurrents.ThrottleJobProperty_-ThrottleCategory>
    <hudson.plugins.throttleconcurrents.ThrottleJobProperty_-ThrottleCategory>
      <maxConcurrentPerNode>1</maxConcurrentPerNode>
      <maxConcurrentTotal>0</maxConcurrentTotal>
      <categoryName>games-versioning</categoryName>
      <nodeLabeledPairs>
        <hudson.plugins.throttleconcurrents.ThrottleJobProperty_-NodeLabeledPair>
          <throttledNodeLabel>JenkinsSlave</throttledNodeLabel>
          <maxConcurrentPerNodeLabeled>1</maxConcurrentPerNodeLabeled>
        </hudson.plugins.throttleconcurrents.ThrottleJobProperty_-NodeLabeledPair>
      </nodeLabeledPairs>
    </hudson.plugins.throttleconcurrents.ThrottleJobProperty_-ThrottleCategory>
    <hudson.plugins.throttleconcurrents.ThrottleJobProperty_-ThrottleCategory>
      <maxConcurrentPerNode>1</maxConcurrentPerNode>
      <maxConcurrentTotal>0</maxConcurrentTotal>
      <categoryName>BuildSingleVenture-Unicorn</categoryName>
      <nodeLabeledPairs>
        <hudson.plugins.throttleconcurrents.ThrottleJobProperty_-NodeLabeledPair>
          <throttledNodeLabel>JenkinsSlave</throttledNodeLabel>
          <maxConcurrentPerNodeLabeled>1</maxConcurrentPerNodeLabeled>
        </hudson.plugins.throttleconcurrents.ThrottleJobProperty_-NodeLabeledPair>
      </nodeLabeledPairs>
    </hudson.plugins.throttleconcurrents.ThrottleJobProperty_-ThrottleCategory>
    <hudson.plugins.throttleconcurrents.ThrottleJobProperty_-ThrottleCategory>
      <maxConcurrentPerNode>1</maxConcurrentPerNode>
      <maxConcurrentTotal>0</maxConcurrentTotal>
      <categoryName>BuildSingleVenture-Unicorn-Android</categoryName>
      <nodeLabeledPairs>
        <hudson.plugins.throttleconcurrents.ThrottleJobProperty_-NodeLabeledPair>
          <throttledNodeLabel>CentOS</throttledNodeLabel>
          <maxConcurrentPerNodeLabeled>1</maxConcurrentPerNodeLabeled>
        </hudson.plugins.throttleconcurrents.ThrottleJobProperty_-NodeLabeledPair>
      </nodeLabeledPairs>
    </hudson.plugins.throttleconcurrents.ThrottleJobProperty_-ThrottleCategory>
    <hudson.plugins.throttleconcurrents.ThrottleJobProperty_-ThrottleCategory>
      <maxConcurrentPerNode>1</maxConcurrentPerNode>
      <maxConcurrentTotal>1</maxConcurrentTotal>
      <categoryName>RunOneInstanceAcrossAllSlaves</categoryName>
      <nodeLabeledPairs>
        <hudson.plugins.throttleconcurrents.ThrottleJobProperty_-NodeLabeledPair>
          <throttledNodeLabel>JenkinsSlave</throttledNodeLabel>
          <maxConcurrentPerNodeLabeled>1</maxConcurrentPerNodeLabeled>
        </hudson.plugins.throttleconcurrents.ThrottleJobProperty_-NodeLabeledPair>
      </nodeLabeledPairs>
    </hudson.plugins.throttleconcurrents.ThrottleJobProperty_-ThrottleCategory>
    <hudson.plugins.throttleconcurrents.ThrottleJobProperty_-ThrottleCategory>
      <maxConcurrentPerNode>2</maxConcurrentPerNode>
      <maxConcurrentTotal>0</maxConcurrentTotal>
      <categoryName>ParallelCodeTestsContentRepo</categoryName>
      <nodeLabeledPairs>
        <hudson.plugins.throttleconcurrents.ThrottleJobProperty_-NodeLabeledPair>
          <throttledNodeLabel>JenkinsSlave</throttledNodeLabel>
          <maxConcurrentPerNodeLabeled>2</maxConcurrentPerNodeLabeled>
        </hudson.plugins.throttleconcurrents.ThrottleJobProperty_-NodeLabeledPair>
      </nodeLabeledPairs>
    </hudson.plugins.throttleconcurrents.ThrottleJobProperty_-ThrottleCategory>
  </categories>
  <throttledPipelinesByCategory class="tree-map"/>
</hudson.plugins.throttleconcurrents.ThrottleJobProperty_-DescriptorImpl>