<org.jenkinsci.plugins.ghprb.GhprbTrigger_-DescriptorImpl plugin="ghprb@1.39.0">
  <configVersion>1</configVersion>
  <whitelistPhrase>.*add\W+to\W+whitelist.*</whitelistPhrase>
  <okToTestPhrase>.*ok\W+to\W+test.*</okToTestPhrase>
  <retestPhrase>.*test\W+this\W+please.*</retestPhrase>
  <skipBuildPhrase>.*\[skip\W+ci\].*</skipBuildPhrase>
  <blackListCommitAuthor>mdBuildServer sys_mdBuildServer sys-mdBuildServer</blackListCommitAuthor>
  <cron>*/5 * * * *</cron>
  <useComments>true</useComments>
  <useDetailedComments>false</useDetailedComments>
  <manageWebhooks>true</manageWebhooks>
  <unstableAs>FAILURE</unstableAs>
  <autoCloseFailedPullRequests>false</autoCloseFailedPullRequests>
  <displayBuildErrorsOnDownstreamBuilds>false</displayBuildErrorsOnDownstreamBuilds>
  <blackListLabels/>
  <whiteListLabels/>
  <githubAuth>
    <org.jenkinsci.plugins.ghprb.GhprbGitHubAuth>
      <serverAPIUrl>https://github.gamesys.co.uk/api/v3/</serverAPIUrl>
      <credentialsId>0669566e-d2e6-4a6c-8059-a68c4b831a41</credentialsId>
      <id>aef1c9ac-90c9-4beb-b9af-2dff26efd48d</id>
      <description>GitHub Pull Request Builder Credentials</description>
      <secret>#secret#</secret>
    </org.jenkinsci.plugins.ghprb.GhprbGitHubAuth>
  </githubAuth>
  <adminlist>rob-lester
goff-marocchi
sys-mdbuildserver</adminlist>
  <requestForTestingPhrase>Can one of the admins verify this patch?</requestForTestingPhrase>
  <extensions>
    <org.jenkinsci.plugins.ghprb.extensions.build.GhprbCancelBuildsOnUpdate>
      <overrideGlobal>false</overrideGlobal>
    </org.jenkinsci.plugins.ghprb.extensions.build.GhprbCancelBuildsOnUpdate>
    <org.jenkinsci.plugins.ghprb.extensions.status.GhprbSimpleStatus>
      <commitStatusContext/>
      <triggeredStatus/>
      <startedStatus/>
      <statusUrl/>
      <addTestResults>false</addTestResults>
    </org.jenkinsci.plugins.ghprb.extensions.status.GhprbSimpleStatus>
  </extensions>
</org.jenkinsci.plugins.ghprb.GhprbTrigger_-DescriptorImpl>