<org.jenkinsci.plugins.jobmail.configuration.JobMailGlobalConfiguration plugin="job-direct-mail@1.5">
  <templates>
    <org.jenkinsci.plugins.jobmail.configuration.JobMailGlobalConfiguration_-Template>
      <name>Default Template</name>
      <text/>
      <addProjectName>true</addProjectName>
      <addUrl>true</addUrl>
      <addBuildStatus>true</addBuildStatus>
    </org.jenkinsci.plugins.jobmail.configuration.JobMailGlobalConfiguration_-Template>
  </templates>
</org.jenkinsci.plugins.jobmail.configuration.JobMailGlobalConfiguration>