{
  "version" : "3.0.0",
  "gauges" : {
    "jenkins.executor.count.value" : {
      "value" : 9
    },
    "jenkins.executor.free.value" : {
      "value" : 9
    },
    "jenkins.executor.in-use.value" : {
      "value" : 0
    },
    "jenkins.health-check.count" : {
      "value" : 4
    },
    "jenkins.health-check.inverse-score" : {
      "value" : 0.0
    },
    "jenkins.health-check.score" : {
      "value" : 1.0
    },
    "jenkins.job.averageDepth" : {
      "value" : 1.0
    },
    "jenkins.job.count.value" : {
      "value" : 57
    },
    "jenkins.node.count.value" : {
      "value" : 3
    },
    "jenkins.node.offline.value" : {
      "value" : 0
    },
    "jenkins.node.online.value" : {
      "value" : 3
    },
    "jenkins.plugins.active" : {
      "value" : 189
    },
    "jenkins.plugins.failed" : {
      "value" : 0
    },
    "jenkins.plugins.inactive" : {
      "value" : 0
    },
    "jenkins.plugins.withUpdate" : {
      "value" : 0
    },
    "jenkins.project.count.value" : {
      "value" : 57
    },
    "jenkins.project.disabled.count.value" : {
      "value" : 16
    },
    "jenkins.project.enabled.count.value" : {
      "value" : 41
    },
    "jenkins.queue.blocked.value" : {
      "value" : 0
    },
    "jenkins.queue.buildable.value" : {
      "value" : 0
    },
    "jenkins.queue.pending.value" : {
      "value" : 0
    },
    "jenkins.queue.size.value" : {
      "value" : 0
    },
    "jenkins.queue.stuck.value" : {
      "value" : 0
    },
    "jenkins.versions.core" : {
      "value" : "2.99"
    },
    "jenkins.versions.plugin.ace-editor" : {
      "value" : "1.1"
    },
    "jenkins.versions.plugin.active-directory" : {
      "value" : "2.6"
    },
    "jenkins.versions.plugin.analysis-collector" : {
      "value" : "1.52"
    },
    "jenkins.versions.plugin.analysis-core" : {
      "value" : "1.93"
    },
    "jenkins.versions.plugin.android-lint" : {
      "value" : "2.5"
    },
    "jenkins.versions.plugin.android-signing" : {
      "value" : "2.2.5"
    },
    "jenkins.versions.plugin.ansicolor" : {
      "value" : "0.5.2"
    },
    "jenkins.versions.plugin.ant" : {
      "value" : "1.7"
    },
    "jenkins.versions.plugin.antisamy-markup-formatter" : {
      "value" : "1.5"
    },
    "jenkins.versions.plugin.apache-httpcomponents-client-4-api" : {
      "value" : "4.5.3-2.0"
    },
    "jenkins.versions.plugin.artifactdeployer" : {
      "value" : "0.33"
    },
    "jenkins.versions.plugin.artifactory" : {
      "value" : "2.14.0"
    },
    "jenkins.versions.plugin.authentication-tokens" : {
      "value" : "1.3"
    },
    "jenkins.versions.plugin.blame-upstream-commiters" : {
      "value" : "1.2"
    },
    "jenkins.versions.plugin.blueocean" : {
      "value" : "1.3.5"
    },
    "jenkins.versions.plugin.blueocean-autofavorite" : {
      "value" : "1.2.1"
    },
    "jenkins.versions.plugin.blueocean-bitbucket-pipeline" : {
      "value" : "1.3.5"
    },
    "jenkins.versions.plugin.blueocean-commons" : {
      "value" : "1.3.5"
    },
    "jenkins.versions.plugin.blueocean-config" : {
      "value" : "1.3.5"
    },
    "jenkins.versions.plugin.blueocean-dashboard" : {
      "value" : "1.3.5"
    },
    "jenkins.versions.plugin.blueocean-display-url" : {
      "value" : "2.2.0"
    },
    "jenkins.versions.plugin.blueocean-events" : {
      "value" : "1.3.5"
    },
    "jenkins.versions.plugin.blueocean-git-pipeline" : {
      "value" : "1.3.5"
    },
    "jenkins.versions.plugin.blueocean-github-pipeline" : {
      "value" : "1.3.5"
    },
    "jenkins.versions.plugin.blueocean-i18n" : {
      "value" : "1.3.5"
    },
    "jenkins.versions.plugin.blueocean-jira" : {
      "value" : "1.3.5"
    },
    "jenkins.versions.plugin.blueocean-jwt" : {
      "value" : "1.3.5"
    },
    "jenkins.versions.plugin.blueocean-personalization" : {
      "value" : "1.3.5"
    },
    "jenkins.versions.plugin.blueocean-pipeline-api-impl" : {
      "value" : "1.3.5"
    },
    "jenkins.versions.plugin.blueocean-pipeline-editor" : {
      "value" : "1.3.5"
    },
    "jenkins.versions.plugin.blueocean-pipeline-scm-api" : {
      "value" : "1.3.5"
    },
    "jenkins.versions.plugin.blueocean-rest" : {
      "value" : "1.3.5"
    },
    "jenkins.versions.plugin.blueocean-rest-impl" : {
      "value" : "1.3.5"
    },
    "jenkins.versions.plugin.blueocean-web" : {
      "value" : "1.3.5"
    },
    "jenkins.versions.plugin.bouncycastle-api" : {
      "value" : "2.16.2"
    },
    "jenkins.versions.plugin.branch-api" : {
      "value" : "2.0.17"
    },
    "jenkins.versions.plugin.build-flow-plugin" : {
      "value" : "0.20"
    },
    "jenkins.versions.plugin.build-pipeline-plugin" : {
      "value" : "1.5.8"
    },
    "jenkins.versions.plugin.buildgraph-view" : {
      "value" : "1.8"
    },
    "jenkins.versions.plugin.built-on-column" : {
      "value" : "1.1"
    },
    "jenkins.versions.plugin.ccm" : {
      "value" : "3.1"
    },
    "jenkins.versions.plugin.clang-scanbuild-plugin" : {
      "value" : "1.7"
    },
    "jenkins.versions.plugin.cloudbees-bitbucket-branch-source" : {
      "value" : "2.2.8"
    },
    "jenkins.versions.plugin.cloudbees-folder" : {
      "value" : "6.2.1"
    },
    "jenkins.versions.plugin.cobertura" : {
      "value" : "1.12"
    },
    "jenkins.versions.plugin.command-launcher" : {
      "value" : "1.2"
    },
    "jenkins.versions.plugin.conditional-buildstep" : {
      "value" : "1.3.6"
    },
    "jenkins.versions.plugin.config-file-provider" : {
      "value" : "2.16.4"
    },
    "jenkins.versions.plugin.confluence-publisher" : {
      "value" : "2.0.1"
    },
    "jenkins.versions.plugin.copy-to-slave" : {
      "value" : "1.4.4"
    },
    "jenkins.versions.plugin.credentials" : {
      "value" : "2.1.16"
    },
    "jenkins.versions.plugin.credentials-binding" : {
      "value" : "1.13"
    },
    "jenkins.versions.plugin.cvs" : {
      "value" : "2.13"
    },
    "jenkins.versions.plugin.display-url-api" : {
      "value" : "2.2.0"
    },
    "jenkins.versions.plugin.docker-commons" : {
      "value" : "1.10"
    },
    "jenkins.versions.plugin.docker-workflow" : {
      "value" : "1.14"
    },
    "jenkins.versions.plugin.dry" : {
      "value" : "2.49"
    },
    "jenkins.versions.plugin.durable-task" : {
      "value" : "1.17"
    },
    "jenkins.versions.plugin.email-ext" : {
      "value" : "2.61"
    },
    "jenkins.versions.plugin.embeddable-build-status" : {
      "value" : "1.9"
    },
    "jenkins.versions.plugin.envinject" : {
      "value" : "2.1.5"
    },
    "jenkins.versions.plugin.envinject-api" : {
      "value" : "1.5"
    },
    "jenkins.versions.plugin.external-monitor-job" : {
      "value" : "1.7"
    },
    "jenkins.versions.plugin.external-workspace-manager" : {
      "value" : "1.1.2"
    },
    "jenkins.versions.plugin.ez-templates" : {
      "value" : "1.3.1"
    },
    "jenkins.versions.plugin.fail-the-build-plugin" : {
      "value" : "1.0"
    },
    "jenkins.versions.plugin.favorite" : {
      "value" : "2.3.1"
    },
    "jenkins.versions.plugin.ghprb" : {
      "value" : "1.39.0"
    },
    "jenkins.versions.plugin.git" : {
      "value" : "3.7.0"
    },
    "jenkins.versions.plugin.git-changelog" : {
      "value" : "1.54"
    },
    "jenkins.versions.plugin.git-client" : {
      "value" : "2.7.0"
    },
    "jenkins.versions.plugin.git-notes" : {
      "value" : "0.0.4"
    },
    "jenkins.versions.plugin.git-parameter" : {
      "value" : "0.9.0"
    },
    "jenkins.versions.plugin.git-server" : {
      "value" : "1.7"
    },
    "jenkins.versions.plugin.git-tag-message" : {
      "value" : "1.6.1"
    },
    "jenkins.versions.plugin.github" : {
      "value" : "1.28.1"
    },
    "jenkins.versions.plugin.github-api" : {
      "value" : "1.90"
    },
    "jenkins.versions.plugin.github-branch-source" : {
      "value" : "2.3.2"
    },
    "jenkins.versions.plugin.github-oauth" : {
      "value" : "0.28.1"
    },
    "jenkins.versions.plugin.github-organization-folder" : {
      "value" : "1.6"
    },
    "jenkins.versions.plugin.google-oauth-plugin" : {
      "value" : "0.5"
    },
    "jenkins.versions.plugin.google-play-android-publisher" : {
      "value" : "1.5"
    },
    "jenkins.versions.plugin.gradle" : {
      "value" : "1.28"
    },
    "jenkins.versions.plugin.greenballs" : {
      "value" : "1.15"
    },
    "jenkins.versions.plugin.groovy" : {
      "value" : "2.0"
    },
    "jenkins.versions.plugin.groovy-postbuild" : {
      "value" : "2.3.1"
    },
    "jenkins.versions.plugin.groovy-remote" : {
      "value" : "0.2"
    },
    "jenkins.versions.plugin.handlebars" : {
      "value" : "1.1.1"
    },
    "jenkins.versions.plugin.hipchat" : {
      "value" : "2.1.1"
    },
    "jenkins.versions.plugin.htmlpublisher" : {
      "value" : "1.14"
    },
    "jenkins.versions.plugin.icon-shim" : {
      "value" : "2.0.3"
    },
    "jenkins.versions.plugin.ivy" : {
      "value" : "1.28"
    },
    "jenkins.versions.plugin.jackson2-api" : {
      "value" : "2.8.10.1"
    },
    "jenkins.versions.plugin.javadoc" : {
      "value" : "1.4"
    },
    "jenkins.versions.plugin.jenkins-jira-issue-updater" : {
      "value" : "1.18"
    },
    "jenkins.versions.plugin.jenkins-multijob-plugin" : {
      "value" : "1.28"
    },
    "jenkins.versions.plugin.jira" : {
      "value" : "2.5"
    },
    "jenkins.versions.plugin.jira-trigger" : {
      "value" : "0.5.1"
    },
    "jenkins.versions.plugin.job-direct-mail" : {
      "value" : "1.5"
    },
    "jenkins.versions.plugin.job-dsl" : {
      "value" : "1.66"
    },
    "jenkins.versions.plugin.job-fan-in" : {
      "value" : "1.1.3"
    },
    "jenkins.versions.plugin.job-restrictions" : {
      "value" : "0.6"
    },
    "jenkins.versions.plugin.jquery" : {
      "value" : "1.12.4-0"
    },
    "jenkins.versions.plugin.jquery-detached" : {
      "value" : "1.2.1"
    },
    "jenkins.versions.plugin.jquery-ui" : {
      "value" : "1.0.2"
    },
    "jenkins.versions.plugin.jsch" : {
      "value" : "0.1.54.1"
    },
    "jenkins.versions.plugin.junit" : {
      "value" : "1.23"
    },
    "jenkins.versions.plugin.label-verifier" : {
      "value" : "1.2"
    },
    "jenkins.versions.plugin.ldap" : {
      "value" : "1.18"
    },
    "jenkins.versions.plugin.mailer" : {
      "value" : "1.20"
    },
    "jenkins.versions.plugin.mapdb-api" : {
      "value" : "1.0.9.0"
    },
    "jenkins.versions.plugin.matrix-auth" : {
      "value" : "2.2"
    },
    "jenkins.versions.plugin.matrix-project" : {
      "value" : "1.12"
    },
    "jenkins.versions.plugin.matrix-reloaded" : {
      "value" : "1.1.3"
    },
    "jenkins.versions.plugin.maven-plugin" : {
      "value" : "3.0"
    },
    "jenkins.versions.plugin.mercurial" : {
      "value" : "2.2"
    },
    "jenkins.versions.plugin.metadata" : {
      "value" : "1.1.0b"
    },
    "jenkins.versions.plugin.metrics" : {
      "value" : "3.1.2.10"
    },
    "jenkins.versions.plugin.mock-slave" : {
      "value" : "1.11"
    },
    "jenkins.versions.plugin.momentjs" : {
      "value" : "1.1.1"
    },
    "jenkins.versions.plugin.nested-view" : {
      "value" : "1.14"
    },
    "jenkins.versions.plugin.network-monitor" : {
      "value" : "1.1"
    },
    "jenkins.versions.plugin.nodelabelparameter" : {
      "value" : "1.7.2"
    },
    "jenkins.versions.plugin.oauth-credentials" : {
      "value" : "0.3"
    },
    "jenkins.versions.plugin.pam-auth" : {
      "value" : "1.3"
    },
    "jenkins.versions.plugin.parameterized-trigger" : {
      "value" : "2.35.2"
    },
    "jenkins.versions.plugin.persona" : {
      "value" : "2.4"
    },
    "jenkins.versions.plugin.pipeline-build-step" : {
      "value" : "2.6"
    },
    "jenkins.versions.plugin.pipeline-github-lib" : {
      "value" : "1.0"
    },
    "jenkins.versions.plugin.pipeline-githubnotify-step" : {
      "value" : "1.0.3"
    },
    "jenkins.versions.plugin.pipeline-graph-analysis" : {
      "value" : "1.5"
    },
    "jenkins.versions.plugin.pipeline-input-step" : {
      "value" : "2.8"
    },
    "jenkins.versions.plugin.pipeline-milestone-step" : {
      "value" : "1.3.1"
    },
    "jenkins.versions.plugin.pipeline-model-api" : {
      "value" : "1.2.5"
    },
    "jenkins.versions.plugin.pipeline-model-declarative-agent" : {
      "value" : "1.1.1"
    },
    "jenkins.versions.plugin.pipeline-model-definition" : {
      "value" : "1.2.5"
    },
    "jenkins.versions.plugin.pipeline-model-extensions" : {
      "value" : "1.2.5"
    },
    "jenkins.versions.plugin.pipeline-multibranch-defaults" : {
      "value" : "1.1"
    },
    "jenkins.versions.plugin.pipeline-rest-api" : {
      "value" : "2.9"
    },
    "jenkins.versions.plugin.pipeline-stage-step" : {
      "value" : "2.3"
    },
    "jenkins.versions.plugin.pipeline-stage-tags-metadata" : {
      "value" : "1.2.5"
    },
    "jenkins.versions.plugin.pipeline-stage-view" : {
      "value" : "2.9"
    },
    "jenkins.versions.plugin.pipeline-utility-steps" : {
      "value" : "1.5.1"
    },
    "jenkins.versions.plugin.plain-credentials" : {
      "value" : "1.4"
    },
    "jenkins.versions.plugin.pmd" : {
      "value" : "3.49"
    },
    "jenkins.versions.plugin.postbuildscript" : {
      "value" : "2.2.1"
    },
    "jenkins.versions.plugin.promoted-builds" : {
      "value" : "2.31"
    },
    "jenkins.versions.plugin.pubsub-light" : {
      "value" : "1.12"
    },
    "jenkins.versions.plugin.purge-job-history" : {
      "value" : "1.1"
    },
    "jenkins.versions.plugin.rebuild" : {
      "value" : "1.27"
    },
    "jenkins.versions.plugin.resource-disposer" : {
      "value" : "0.8"
    },
    "jenkins.versions.plugin.ruby-runtime" : {
      "value" : "0.13"
    },
    "jenkins.versions.plugin.run-condition" : {
      "value" : "1.0"
    },
    "jenkins.versions.plugin.scm-api" : {
      "value" : "2.2.6"
    },
    "jenkins.versions.plugin.scp" : {
      "value" : "1.8"
    },
    "jenkins.versions.plugin.script-security" : {
      "value" : "1.39"
    },
    "jenkins.versions.plugin.scriptler" : {
      "value" : "2.9"
    },
    "jenkins.versions.plugin.selenium-axis" : {
      "value" : "0.0.6"
    },
    "jenkins.versions.plugin.slave-prerequisites" : {
      "value" : "1.0"
    },
    "jenkins.versions.plugin.slave-status" : {
      "value" : "1.6"
    },
    "jenkins.versions.plugin.sse-gateway" : {
      "value" : "1.15"
    },
    "jenkins.versions.plugin.ssh" : {
      "value" : "2.5"
    },
    "jenkins.versions.plugin.ssh-agent" : {
      "value" : "1.15"
    },
    "jenkins.versions.plugin.ssh-credentials" : {
      "value" : "1.13"
    },
    "jenkins.versions.plugin.ssh-slaves" : {
      "value" : "1.24"
    },
    "jenkins.versions.plugin.structs" : {
      "value" : "1.10"
    },
    "jenkins.versions.plugin.subversion" : {
      "value" : "2.10.2"
    },
    "jenkins.versions.plugin.swarm" : {
      "value" : "3.7"
    },
    "jenkins.versions.plugin.testflight" : {
      "value" : "1.3.9"
    },
    "jenkins.versions.plugin.thinBackup" : {
      "value" : "1.9"
    },
    "jenkins.versions.plugin.throttle-concurrents" : {
      "value" : "2.0.1"
    },
    "jenkins.versions.plugin.token-macro" : {
      "value" : "2.3"
    },
    "jenkins.versions.plugin.translation" : {
      "value" : "1.15"
    },
    "jenkins.versions.plugin.variant" : {
      "value" : "1.1"
    },
    "jenkins.versions.plugin.windows-slaves" : {
      "value" : "1.3.1"
    },
    "jenkins.versions.plugin.workflow-aggregator" : {
      "value" : "2.5"
    },
    "jenkins.versions.plugin.workflow-api" : {
      "value" : "2.24"
    },
    "jenkins.versions.plugin.workflow-basic-steps" : {
      "value" : "2.6"
    },
    "jenkins.versions.plugin.workflow-cps" : {
      "value" : "2.42"
    },
    "jenkins.versions.plugin.workflow-cps-global-lib" : {
      "value" : "2.9"
    },
    "jenkins.versions.plugin.workflow-durable-task-step" : {
      "value" : "2.17"
    },
    "jenkins.versions.plugin.workflow-job" : {
      "value" : "2.16"
    },
    "jenkins.versions.plugin.workflow-multibranch" : {
      "value" : "2.16"
    },
    "jenkins.versions.plugin.workflow-scm-step" : {
      "value" : "2.6"
    },
    "jenkins.versions.plugin.workflow-step-api" : {
      "value" : "2.14"
    },
    "jenkins.versions.plugin.workflow-support" : {
      "value" : "2.16"
    },
    "jenkins.versions.plugin.ws-cleanup" : {
      "value" : "0.34"
    },
    "jenkins.versions.plugin.xcode-plugin" : {
      "value" : "2.0.0"
    },
    "system.cpu.load" : {
      "value" : 0.44
    },
    "vm.blocked.count" : {
      "value" : 0
    },
    "vm.class.loaded" : {
      "value" : 24128
    },
    "vm.class.unloaded" : {
      "value" : 2
    },
    "vm.count" : {
      "value" : 71
    },
    "vm.cpu.load" : {
      "value" : 0.6869662086891942
    },
    "vm.daemon.count" : {
      "value" : 56
    },
    "vm.deadlock.count" : {
      "value" : 0
    },
    "vm.deadlocks" : {
      "value" : [ ]
    },
    "vm.file.descriptor.ratio" : {
      "value" : 0.237060546875
    },
    "vm.gc.PS-MarkSweep.count" : {
      "value" : 6
    },
    "vm.gc.PS-MarkSweep.time" : {
      "value" : 1164
    },
    "vm.gc.PS-Scavenge.count" : {
      "value" : 26
    },
    "vm.gc.PS-Scavenge.time" : {
      "value" : 915
    },
    "vm.memory.heap.committed" : {
      "value" : 1664090112
    },
    "vm.memory.heap.init" : {
      "value" : 130023424
    },
    "vm.memory.heap.max" : {
      "value" : 3817865216
    },
    "vm.memory.heap.usage" : {
      "value" : 0.03598386224433964
    },
    "vm.memory.heap.used" : {
      "value" : 137381536
    },
    "vm.memory.non-heap.committed" : {
      "value" : 236437504
    },
    "vm.memory.non-heap.init" : {
      "value" : 2555904
    },
    "vm.memory.non-heap.max" : {
      "value" : -1
    },
    "vm.memory.non-heap.usage" : {
      "value" : -2.14161168E8
    },
    "vm.memory.non-heap.used" : {
      "value" : 214161168
    },
    "vm.memory.pools.Code-Cache.committed" : {
      "value" : 57802752
    },
    "vm.memory.pools.Code-Cache.init" : {
      "value" : 2555904
    },
    "vm.memory.pools.Code-Cache.max" : {
      "value" : 536870912
    },
    "vm.memory.pools.Code-Cache.usage" : {
      "value" : 0.10704779624938965
    },
    "vm.memory.pools.Code-Cache.used" : {
      "value" : 57470848
    },
    "vm.memory.pools.Compressed-Class-Space.committed" : {
      "value" : 22241280
    },
    "vm.memory.pools.Compressed-Class-Space.init" : {
      "value" : 0
    },
    "vm.memory.pools.Compressed-Class-Space.max" : {
      "value" : 1073741824
    },
    "vm.memory.pools.Compressed-Class-Space.usage" : {
      "value" : 0.01659335196018219
    },
    "vm.memory.pools.Compressed-Class-Space.used" : {
      "value" : 17816976
    },
    "vm.memory.pools.Metaspace.committed" : {
      "value" : 156459008
    },
    "vm.memory.pools.Metaspace.init" : {
      "value" : 0
    },
    "vm.memory.pools.Metaspace.max" : {
      "value" : -1
    },
    "vm.memory.pools.Metaspace.usage" : {
      "value" : 0.8876343636283314
    },
    "vm.memory.pools.Metaspace.used" : {
      "value" : 138878392
    },
    "vm.memory.pools.PS-Eden-Space.committed" : {
      "value" : 1320681472
    },
    "vm.memory.pools.PS-Eden-Space.init" : {
      "value" : 32505856
    },
    "vm.memory.pools.PS-Eden-Space.max" : {
      "value" : 1321730048
    },
    "vm.memory.pools.PS-Eden-Space.usage" : {
      "value" : 0.013570420092318276
    },
    "vm.memory.pools.PS-Eden-Space.used" : {
      "value" : 17936432
    },
    "vm.memory.pools.PS-Old-Gen.committed" : {
      "value" : 288358400
    },
    "vm.memory.pools.PS-Old-Gen.init" : {
      "value" : 87031808
    },
    "vm.memory.pools.PS-Old-Gen.max" : {
      "value" : 2863661056
    },
    "vm.memory.pools.PS-Old-Gen.usage" : {
      "value" : 0.041710629038913746
    },
    "vm.memory.pools.PS-Old-Gen.used" : {
      "value" : 119445104
    },
    "vm.memory.pools.PS-Survivor-Space.committed" : {
      "value" : 55050240
    },
    "vm.memory.pools.PS-Survivor-Space.init" : {
      "value" : 5242880
    },
    "vm.memory.pools.PS-Survivor-Space.max" : {
      "value" : 55050240
    },
    "vm.memory.pools.PS-Survivor-Space.usage" : {
      "value" : 0.0
    },
    "vm.memory.pools.PS-Survivor-Space.used" : {
      "value" : 0
    },
    "vm.memory.total.committed" : {
      "value" : 1900593152
    },
    "vm.memory.total.init" : {
      "value" : 132579328
    },
    "vm.memory.total.max" : {
      "value" : 3817865215
    },
    "vm.memory.total.used" : {
      "value" : 351566584
    },
    "vm.new.count" : {
      "value" : 0
    },
    "vm.runnable.count" : {
      "value" : 12
    },
    "vm.terminated.count" : {
      "value" : 0
    },
    "vm.timed_waiting.count" : {
      "value" : 22
    },
    "vm.uptime.milliseconds" : {
      "value" : 262047
    },
    "vm.waiting.count" : {
      "value" : 37
    }
  },
  "counters" : {
    "http.activeRequests" : {
      "count" : 1
    }
  },
  "histograms" : {
    "jenkins.executor.count.history" : {
      "count" : 16,
      "max" : 9,
      "mean" : 8.90778925814645,
      "min" : 1,
      "p50" : 9.0,
      "p75" : 9.0,
      "p95" : 9.0,
      "p98" : 9.0,
      "p99" : 9.0,
      "p999" : 9.0,
      "values" : [ 1, 5, 9, 9, 9, 9, 9, 9, 9, 9, 9, 9, 9, 9, 9, 9 ],
      "stddev" : 0.7662625733311582
    },
    "jenkins.executor.free.history" : {
      "count" : 16,
      "max" : 9,
      "mean" : 8.90778925814645,
      "min" : 1,
      "p50" : 9.0,
      "p75" : 9.0,
      "p95" : 9.0,
      "p98" : 9.0,
      "p99" : 9.0,
      "p999" : 9.0,
      "values" : [ 1, 5, 9, 9, 9, 9, 9, 9, 9, 9, 9, 9, 9, 9, 9, 9 ],
      "stddev" : 0.7662625733311582
    },
    "jenkins.executor.in-use.history" : {
      "count" : 16,
      "max" : 0,
      "mean" : 0.0,
      "min" : 0,
      "p50" : 0.0,
      "p75" : 0.0,
      "p95" : 0.0,
      "p98" : 0.0,
      "p99" : 0.0,
      "p999" : 0.0,
      "values" : [ 0, 0, 0, 0, 0, 0, 0, 0, 0, 0, 0, 0, 0, 0, 0, 0 ],
      "stddev" : 0.0
    },
    "jenkins.job.count.history" : {
      "count" : 16,
      "max" : 57,
      "mean" : 57.0,
      "min" : 57,
      "p50" : 57.0,
      "p75" : 57.0,
      "p95" : 57.0,
      "p98" : 57.0,
      "p99" : 57.0,
      "p999" : 57.0,
      "values" : [ 57, 57, 57, 57, 57, 57, 57, 57, 57, 57, 57, 57, 57, 57, 57, 57 ],
      "stddev" : 0.0
    },
    "jenkins.node.count.history" : {
      "count" : 16,
      "max" : 3,
      "mean" : 3.0,
      "min" : 3,
      "p50" : 3.0,
      "p75" : 3.0,
      "p95" : 3.0,
      "p98" : 3.0,
      "p99" : 3.0,
      "p999" : 3.0,
      "values" : [ 3, 3, 3, 3, 3, 3, 3, 3, 3, 3, 3, 3, 3, 3, 3, 3 ],
      "stddev" : 0.0
    },
    "jenkins.node.offline.history" : {
      "count" : 16,
      "max" : 2,
      "mean" : 0.02305268546338743,
      "min" : 0,
      "p50" : 0.0,
      "p75" : 0.0,
      "p95" : 0.0,
      "p98" : 0.0,
      "p99" : 1.0,
      "p999" : 2.0,
      "values" : [ 0, 0, 0, 0, 0, 0, 0, 0, 0, 0, 0, 0, 0, 0, 1, 2 ],
      "stddev" : 0.19156564333278955
    },
    "jenkins.node.online.history" : {
      "count" : 16,
      "max" : 3,
      "mean" : 2.976947314536612,
      "min" : 1,
      "p50" : 3.0,
      "p75" : 3.0,
      "p95" : 3.0,
      "p98" : 3.0,
      "p99" : 3.0,
      "p999" : 3.0,
      "values" : [ 1, 2, 3, 3, 3, 3, 3, 3, 3, 3, 3, 3, 3, 3, 3, 3 ],
      "stddev" : 0.19156564333278955
    },
    "jenkins.project.count.history" : {
      "count" : 16,
      "max" : 57,
      "mean" : 57.0,
      "min" : 57,
      "p50" : 57.0,
      "p75" : 57.0,
      "p95" : 57.0,
      "p98" : 57.0,
      "p99" : 57.0,
      "p999" : 57.0,
      "values" : [ 57, 57, 57, 57, 57, 57, 57, 57, 57, 57, 57, 57, 57, 57, 57, 57 ],
      "stddev" : 0.0
    },
    "jenkins.project.disabled.count.history" : {
      "count" : 16,
      "max" : 16,
      "mean" : 15.999999999999998,
      "min" : 16,
      "p50" : 16.0,
      "p75" : 16.0,
      "p95" : 16.0,
      "p98" : 16.0,
      "p99" : 16.0,
      "p999" : 16.0,
      "values" : [ 16, 16, 16, 16, 16, 16, 16, 16, 16, 16, 16, 16, 16, 16, 16, 16 ],
      "stddev" : 1.7763568394002503E-15
    },
    "jenkins.project.enabled.count.history" : {
      "count" : 16,
      "max" : 41,
      "mean" : 41.00000000000001,
      "min" : 41,
      "p50" : 41.0,
      "p75" : 41.0,
      "p95" : 41.0,
      "p98" : 41.0,
      "p99" : 41.0,
      "p999" : 41.0,
      "values" : [ 41, 41, 41, 41, 41, 41, 41, 41, 41, 41, 41, 41, 41, 41, 41, 41 ],
      "stddev" : 7.105427357601002E-15
    },
    "jenkins.queue.blocked.history" : {
      "count" : 16,
      "max" : 0,
      "mean" : 0.0,
      "min" : 0,
      "p50" : 0.0,
      "p75" : 0.0,
      "p95" : 0.0,
      "p98" : 0.0,
      "p99" : 0.0,
      "p999" : 0.0,
      "values" : [ 0, 0, 0, 0, 0, 0, 0, 0, 0, 0, 0, 0, 0, 0, 0, 0 ],
      "stddev" : 0.0
    },
    "jenkins.queue.buildable.history" : {
      "count" : 16,
      "max" : 0,
      "mean" : 0.0,
      "min" : 0,
      "p50" : 0.0,
      "p75" : 0.0,
      "p95" : 0.0,
      "p98" : 0.0,
      "p99" : 0.0,
      "p999" : 0.0,
      "values" : [ 0, 0, 0, 0, 0, 0, 0, 0, 0, 0, 0, 0, 0, 0, 0, 0 ],
      "stddev" : 0.0
    },
    "jenkins.queue.pending.history" : {
      "count" : 16,
      "max" : 0,
      "mean" : 0.0,
      "min" : 0,
      "p50" : 0.0,
      "p75" : 0.0,
      "p95" : 0.0,
      "p98" : 0.0,
      "p99" : 0.0,
      "p999" : 0.0,
      "values" : [ 0, 0, 0, 0, 0, 0, 0, 0, 0, 0, 0, 0, 0, 0, 0, 0 ],
      "stddev" : 0.0
    },
    "jenkins.queue.size.history" : {
      "count" : 16,
      "max" : 0,
      "mean" : 0.0,
      "min" : 0,
      "p50" : 0.0,
      "p75" : 0.0,
      "p95" : 0.0,
      "p98" : 0.0,
      "p99" : 0.0,
      "p999" : 0.0,
      "values" : [ 0, 0, 0, 0, 0, 0, 0, 0, 0, 0, 0, 0, 0, 0, 0, 0 ],
      "stddev" : 0.0
    },
    "jenkins.queue.stuck.history" : {
      "count" : 16,
      "max" : 0,
      "mean" : 0.0,
      "min" : 0,
      "p50" : 0.0,
      "p75" : 0.0,
      "p95" : 0.0,
      "p98" : 0.0,
      "p99" : 0.0,
      "p999" : 0.0,
      "values" : [ 0, 0, 0, 0, 0, 0, 0, 0, 0, 0, 0, 0, 0, 0, 0, 0 ],
      "stddev" : 0.0
    },
    "system.cpu.load.x100.history" : {
      "count" : 16,
      "max" : 143,
      "mean" : 37.8614868949934,
      "min" : 13,
      "p50" : 39.0,
      "p75" : 39.0,
      "p95" : 68.0,
      "p98" : 112.0,
      "p99" : 123.0,
      "p999" : 143.0,
      "values" : [ 13, 17, 22, 28, 31, 36, 39, 39, 47, 50, 60, 68, 87, 112, 123, 143 ],
      "stddev" : 19.897823867018893
    },
    "system.cpu.load.x100.window.15m" : {
      "count" : 16,
      "max" : 143,
      "mean" : 57.1875,
      "min" : 13,
      "p50" : 43.0,
      "p75" : 82.25,
      "p95" : 143.0,
      "p98" : 143.0,
      "p99" : 143.0,
      "p999" : 143.0,
      "values" : [ 13, 17, 22, 28, 31, 36, 39, 39, 47, 50, 60, 68, 87, 112, 123, 143 ],
      "stddev" : 39.4313221521504
    },
    "system.cpu.load.x100.window.1h" : {
      "count" : 16,
      "max" : 143,
      "mean" : 57.1875,
      "min" : 13,
      "p50" : 43.0,
      "p75" : 82.25,
      "p95" : 143.0,
      "p98" : 143.0,
      "p99" : 143.0,
      "p999" : 143.0,
      "values" : [ 13, 17, 22, 28, 31, 36, 39, 39, 47, 50, 60, 68, 87, 112, 123, 143 ],
      "stddev" : 39.4313221521504
    },
    "system.cpu.load.x100.window.5m" : {
      "count" : 16,
      "max" : 143,
      "mean" : 57.1875,
      "min" : 13,
      "p50" : 43.0,
      "p75" : 82.25,
      "p95" : 143.0,
      "p98" : 143.0,
      "p99" : 143.0,
      "p999" : 143.0,
      "values" : [ 13, 17, 22, 28, 31, 36, 39, 39, 47, 50, 60, 68, 87, 112, 123, 143 ],
      "stddev" : 39.4313221521504
    },
    "vm.cpu.load.x100.history" : {
      "count" : 16,
      "max" : 749,
      "mean" : 30.14665718130188,
      "min" : 1,
      "p50" : 21.0,
      "p75" : 40.0,
      "p95" : 61.0,
      "p98" : 61.0,
      "p99" : 103.0,
      "p999" : 749.0,
      "values" : [ 1, 1, 1, 1, 1, 1, 2, 2, 3, 16, 21, 33, 40, 61, 103, 749 ],
      "stddev" : 64.62187922795253
    },
    "vm.cpu.load.x100.window.15m" : {
      "count" : 16,
      "max" : 749,
      "mean" : 64.75,
      "min" : 1,
      "p50" : 2.5,
      "p75" : 38.25,
      "p95" : 749.0,
      "p98" : 749.0,
      "p99" : 749.0,
      "p999" : 749.0,
      "values" : [ 1, 1, 1, 1, 1, 1, 2, 2, 3, 16, 21, 33, 40, 61, 103, 749 ],
      "stddev" : 184.69055200523928
    },
    "vm.cpu.load.x100.window.1h" : {
      "count" : 16,
      "max" : 749,
      "mean" : 64.75,
      "min" : 1,
      "p50" : 2.5,
      "p75" : 38.25,
      "p95" : 749.0,
      "p98" : 749.0,
      "p99" : 749.0,
      "p999" : 749.0,
      "values" : [ 1, 1, 1, 1, 1, 1, 2, 2, 3, 16, 21, 33, 40, 61, 103, 749 ],
      "stddev" : 184.69055200523928
    },
    "vm.cpu.load.x100.window.5m" : {
      "count" : 16,
      "max" : 749,
      "mean" : 64.75,
      "min" : 1,
      "p50" : 2.5,
      "p75" : 38.25,
      "p95" : 749.0,
      "p98" : 749.0,
      "p99" : 749.0,
      "p999" : 749.0,
      "values" : [ 1, 1, 1, 1, 1, 1, 2, 2, 3, 16, 21, 33, 40, 61, 103, 749 ],
      "stddev" : 184.69055200523928
    },
    "vm.file.descriptor.ratio.x100.history" : {
      "count" : 16,
      "max" : 24,
      "mean" : 23.61010055858717,
      "min" : 23,
      "p50" : 24.0,
      "p75" : 24.0,
      "p95" : 24.0,
      "p98" : 24.0,
      "p99" : 24.0,
      "p999" : 24.0,
      "values" : [ 23, 23, 23, 23, 23, 23, 23, 23, 23, 23, 23, 23, 24, 24, 24, 24 ],
      "stddev" : 0.48772724652083155
    },
    "vm.file.descriptor.ratio.x100.window.15m" : {
      "count" : 16,
      "max" : 24,
      "mean" : 23.25,
      "min" : 23,
      "p50" : 23.0,
      "p75" : 23.75,
      "p95" : 24.0,
      "p98" : 24.0,
      "p99" : 24.0,
      "p999" : 24.0,
      "values" : [ 23, 23, 23, 23, 23, 23, 23, 23, 23, 23, 23, 23, 24, 24, 24, 24 ],
      "stddev" : 0.4472135954999579
    },
    "vm.file.descriptor.ratio.x100.window.1h" : {
      "count" : 16,
      "max" : 24,
      "mean" : 23.25,
      "min" : 23,
      "p50" : 23.0,
      "p75" : 23.75,
      "p95" : 24.0,
      "p98" : 24.0,
      "p99" : 24.0,
      "p999" : 24.0,
      "values" : [ 23, 23, 23, 23, 23, 23, 23, 23, 23, 23, 23, 23, 24, 24, 24, 24 ],
      "stddev" : 0.4472135954999579
    },
    "vm.file.descriptor.ratio.x100.window.5m" : {
      "count" : 16,
      "max" : 24,
      "mean" : 23.25,
      "min" : 23,
      "p50" : 23.0,
      "p75" : 23.75,
      "p95" : 24.0,
      "p98" : 24.0,
      "p99" : 24.0,
      "p999" : 24.0,
      "values" : [ 23, 23, 23, 23, 23, 23, 23, 23, 23, 23, 23, 23, 24, 24, 24, 24 ],
      "stddev" : 0.4472135954999579
    },
    "vm.memory.heap.committed.history" : {
      "count" : 16,
      "max" : 1588592640,
      "mean" : 1.58604000032646E9,
      "min" : 1289748480,
      "p50" : 1.58859264E9,
      "p75" : 1.58859264E9,
      "p95" : 1.58859264E9,
      "p98" : 1.58859264E9,
      "p99" : 1.58859264E9,
      "p999" : 1.58859264E9,
      "values" : [ 1289748480, 1586495488, 1588592640, 1588592640, 1588592640, 1588592640, 1588592640, 1588592640, 1588592640, 1588592640, 1588592640, 1588592640, 1588592640, 1588592640, 1588592640, 1588592640 ],
      "stddev" : 2.504825480624098E7
    },
    "vm.memory.heap.committed.window.15m" : {
      "count" : 16,
      "max" : 1588592640,
      "mean" : 1.569783808E9,
      "min" : 1289748480,
      "p50" : 1.58859264E9,
      "p75" : 1.58859264E9,
      "p95" : 1.58859264E9,
      "p98" : 1.58859264E9,
      "p99" : 1.58859264E9,
      "p999" : 1.58859264E9,
      "values" : [ 1289748480, 1586495488, 1588592640, 1588592640, 1588592640, 1588592640, 1588592640, 1588592640, 1588592640, 1588592640, 1588592640, 1588592640, 1588592640, 1588592640, 1588592640, 1588592640 ],
      "stddev" : 7.467791973238547E7
    },
    "vm.memory.heap.committed.window.1h" : {
      "count" : 16,
      "max" : 1588592640,
      "mean" : 1.569783808E9,
      "min" : 1289748480,
      "p50" : 1.58859264E9,
      "p75" : 1.58859264E9,
      "p95" : 1.58859264E9,
      "p98" : 1.58859264E9,
      "p99" : 1.58859264E9,
      "p999" : 1.58859264E9,
      "values" : [ 1289748480, 1586495488, 1588592640, 1588592640, 1588592640, 1588592640, 1588592640, 1588592640, 1588592640, 1588592640, 1588592640, 1588592640, 1588592640, 1588592640, 1588592640, 1588592640 ],
      "stddev" : 7.467791973238547E7
    },
    "vm.memory.heap.committed.window.5m" : {
      "count" : 16,
      "max" : 1588592640,
      "mean" : 1.569783808E9,
      "min" : 1289748480,
      "p50" : 1.58859264E9,
      "p75" : 1.58859264E9,
      "p95" : 1.58859264E9,
      "p98" : 1.58859264E9,
      "p99" : 1.58859264E9,
      "p999" : 1.58859264E9,
      "values" : [ 1289748480, 1586495488, 1588592640, 1588592640, 1588592640, 1588592640, 1588592640, 1588592640, 1588592640, 1588592640, 1588592640, 1588592640, 1588592640, 1588592640, 1588592640, 1588592640 ],
      "stddev" : 7.467791973238547E7
    },
    "vm.memory.heap.usage.x100.history" : {
      "count" : 16,
      "max" : 34,
      "mean" : 17.149370053779446,
      "min" : 4,
      "p50" : 12.0,
      "p75" : 31.0,
      "p95" : 34.0,
      "p98" : 34.0,
      "p99" : 34.0,
      "p999" : 34.0,
      "values" : [ 4, 9, 9, 11, 12, 12, 12, 12, 12, 12, 12, 12, 13, 18, 31, 34 ],
      "stddev" : 10.886481452549685
    },
    "vm.memory.heap.usage.x100.window.15m" : {
      "count" : 16,
      "max" : 34,
      "mean" : 14.0625,
      "min" : 4,
      "p50" : 12.0,
      "p75" : 12.75,
      "p95" : 34.0,
      "p98" : 34.0,
      "p99" : 34.0,
      "p999" : 34.0,
      "values" : [ 4, 9, 9, 11, 12, 12, 12, 12, 12, 12, 12, 12, 13, 18, 31, 34 ],
      "stddev" : 7.73277656041692
    },
    "vm.memory.heap.usage.x100.window.1h" : {
      "count" : 16,
      "max" : 34,
      "mean" : 14.0625,
      "min" : 4,
      "p50" : 12.0,
      "p75" : 12.75,
      "p95" : 34.0,
      "p98" : 34.0,
      "p99" : 34.0,
      "p999" : 34.0,
      "values" : [ 4, 9, 9, 11, 12, 12, 12, 12, 12, 12, 12, 12, 13, 18, 31, 34 ],
      "stddev" : 7.73277656041692
    },
    "vm.memory.heap.usage.x100.window.5m" : {
      "count" : 16,
      "max" : 34,
      "mean" : 14.0625,
      "min" : 4,
      "p50" : 12.0,
      "p75" : 12.75,
      "p95" : 34.0,
      "p98" : 34.0,
      "p99" : 34.0,
      "p999" : 34.0,
      "values" : [ 4, 9, 9, 11, 12, 12, 12, 12, 12, 12, 12, 12, 13, 18, 31, 34 ],
      "stddev" : 7.73277656041692
    },
    "vm.memory.heap.used.history" : {
      "count" : 16,
      "max" : 1297663936,
      "mean" : 6.552024487303463E8,
      "min" : 157728272,
      "p50" : 4.740848E8,
      "p75" : 1.1699524E9,
      "p95" : 1.297663936E9,
      "p98" : 1.297663936E9,
      "p99" : 1.297663936E9,
      "p999" : 1.297663936E9,
      "values" : [ 157728272, 328675664, 349236408, 430649624, 446394216, 451501984, 456604272, 463198560, 473337704, 473388616, 473388616, 474084800, 484223952, 681425312, 1169952400, 1297663936 ],
      "stddev" : 4.1105941218650246E8
    },
    "vm.memory.heap.used.window.15m" : {
      "count" : 16,
      "max" : 1297663936,
      "mean" : 5.38215896E8,
      "min" : 157728272,
      "p50" : 4.68268132E8,
      "p75" : 4.81689164E8,
      "p95" : 1.297663936E9,
      "p98" : 1.297663936E9,
      "p99" : 1.297663936E9,
      "p999" : 1.297663936E9,
      "values" : [ 157728272, 328675664, 349236408, 430649624, 446394216, 451501984, 456604272, 463198560, 473337704, 473388616, 473388616, 474084800, 484223952, 681425312, 1169952400, 1297663936 ],
      "stddev" : 2.9214195230572534E8
    },
    "vm.memory.heap.used.window.1h" : {
      "count" : 16,
      "max" : 1297663936,
      "mean" : 5.38215896E8,
      "min" : 157728272,
      "p50" : 4.68268132E8,
      "p75" : 4.81689164E8,
      "p95" : 1.297663936E9,
      "p98" : 1.297663936E9,
      "p99" : 1.297663936E9,
      "p999" : 1.297663936E9,
      "values" : [ 157728272, 328675664, 349236408, 430649624, 446394216, 451501984, 456604272, 463198560, 473337704, 473388616, 473388616, 474084800, 484223952, 681425312, 1169952400, 1297663936 ],
      "stddev" : 2.9214195230572534E8
    },
    "vm.memory.heap.used.window.5m" : {
      "count" : 16,
      "max" : 1297663936,
      "mean" : 5.38215896E8,
      "min" : 157728272,
      "p50" : 4.68268132E8,
      "p75" : 4.81689164E8,
      "p95" : 1.297663936E9,
      "p98" : 1.297663936E9,
      "p99" : 1.297663936E9,
      "p999" : 1.297663936E9,
      "values" : [ 157728272, 328675664, 349236408, 430649624, 446394216, 451501984, 456604272, 463198560, 473337704, 473388616, 473388616, 474084800, 484223952, 681425312, 1169952400, 1297663936 ],
      "stddev" : 2.9214195230572534E8
    },
    "vm.memory.non-heap.committed.history" : {
      "count" : 16,
      "max" : 235192320,
      "mean" : 2.2778097804064512E8,
      "min" : 206749696,
      "p50" : 2.2994944E8,
      "p75" : 2.32308736E8,
      "p95" : 2.3519232E8,
      "p98" : 2.3519232E8,
      "p99" : 2.3519232E8,
      "p999" : 2.3519232E8,
      "values" : [ 206749696, 220708864, 222347264, 222478336, 222478336, 222478336, 222478336, 222478336, 222478336, 222478336, 222740480, 222740480, 223854592, 229949440, 232308736, 235192320 ],
      "stddev" : 5542052.572778159
    },
    "vm.memory.non-heap.committed.window.15m" : {
      "count" : 16,
      "max" : 235192320,
      "mean" : 2.23371264E8,
      "min" : 206749696,
      "p50" : 2.22478336E8,
      "p75" : 2.23576064E8,
      "p95" : 2.3519232E8,
      "p98" : 2.3519232E8,
      "p99" : 2.3519232E8,
      "p999" : 2.3519232E8,
      "values" : [ 206749696, 220708864, 222347264, 222478336, 222478336, 222478336, 222478336, 222478336, 222478336, 222478336, 222740480, 222740480, 223854592, 229949440, 232308736, 235192320 ],
      "stddev" : 6076798.874894051
    },
    "vm.memory.non-heap.committed.window.1h" : {
      "count" : 16,
      "max" : 235192320,
      "mean" : 2.23371264E8,
      "min" : 206749696,
      "p50" : 2.22478336E8,
      "p75" : 2.23576064E8,
      "p95" : 2.3519232E8,
      "p98" : 2.3519232E8,
      "p99" : 2.3519232E8,
      "p999" : 2.3519232E8,
      "values" : [ 206749696, 220708864, 222347264, 222478336, 222478336, 222478336, 222478336, 222478336, 222478336, 222478336, 222740480, 222740480, 223854592, 229949440, 232308736, 235192320 ],
      "stddev" : 6076798.874894051
    },
    "vm.memory.non-heap.committed.window.5m" : {
      "count" : 16,
      "max" : 235192320,
      "mean" : 2.23371264E8,
      "min" : 206749696,
      "p50" : 2.22478336E8,
      "p75" : 2.23576064E8,
      "p95" : 2.3519232E8,
      "p98" : 2.3519232E8,
      "p99" : 2.3519232E8,
      "p999" : 2.3519232E8,
      "values" : [ 206749696, 220708864, 222347264, 222478336, 222478336, 222478336, 222478336, 222478336, 222478336, 222478336, 222740480, 222740480, 223854592, 229949440, 232308736, 235192320 ],
      "stddev" : 6076798.874894051
    },
    "vm.memory.non-heap.usage.x100.history" : {
      "count" : 16,
      "max" : -18701131200,
      "mean" : -2.0566739256226036E10,
      "min" : -21338364000,
      "p50" : -2.0745072E10,
      "p75" : -2.00092984E10,
      "p95" : -1.99582216E10,
      "p98" : -1.99349544E10,
      "p99" : -1.99349544E10,
      "p999" : -1.87011312E10,
      "values" : [ -21338364000, -21011102400, -20745072000, -20309343200, -20179704800, -20025554400, -20011124800, -20009298400, -20000623200, -19998599200, -19995696000, -19986184800, -19958221600, -19943503200, -19934954400, -18701131200 ],
      "stddev" : 5.611234830065378E8
    },
    "vm.memory.non-heap.usage.x100.window.15m" : {
      "count" : 16,
      "max" : -18701131200,
      "mean" : -2.013427985E10,
      "min" : -21338364000,
      "p50" : -2.00049608E10,
      "p75" : -1.99652124E10,
      "p95" : -1.87011312E10,
      "p98" : -1.87011312E10,
      "p99" : -1.87011312E10,
      "p999" : -1.87011312E10,
      "values" : [ -21338364000, -21011102400, -20745072000, -20309343200, -20179704800, -20025554400, -20011124800, -20009298400, -20000623200, -19998599200, -19995696000, -19986184800, -19958221600, -19943503200, -19934954400, -18701131200 ],
      "stddev" : 5.718666349194342E8
    },
    "vm.memory.non-heap.usage.x100.window.1h" : {
      "count" : 16,
      "max" : -18701131200,
      "mean" : -2.013427985E10,
      "min" : -21338364000,
      "p50" : -2.00049608E10,
      "p75" : -1.99652124E10,
      "p95" : -1.87011312E10,
      "p98" : -1.87011312E10,
      "p99" : -1.87011312E10,
      "p999" : -1.87011312E10,
      "values" : [ -21338364000, -21011102400, -20745072000, -20309343200, -20179704800, -20025554400, -20011124800, -20009298400, -20000623200, -19998599200, -19995696000, -19986184800, -19958221600, -19943503200, -19934954400, -18701131200 ],
      "stddev" : 5.718666349194342E8
    },
    "vm.memory.non-heap.usage.x100.window.5m" : {
      "count" : 16,
      "max" : -18701131200,
      "mean" : -2.013427985E10,
      "min" : -21338364000,
      "p50" : -2.00049608E10,
      "p75" : -1.99652124E10,
      "p95" : -1.87011312E10,
      "p98" : -1.87011312E10,
      "p99" : -1.87011312E10,
      "p999" : -1.87011312E10,
      "values" : [ -21338364000, -21011102400, -20745072000, -20309343200, -20179704800, -20025554400, -20011124800, -20009298400, -20000623200, -19998599200, -19995696000, -19986184800, -19958221600, -19943503200, -19934954400, -18701131200 ],
      "stddev" : 5.718666349194342E8
    },
    "vm.memory.non-heap.used.history" : {
      "count" : 16,
      "max" : 213383640,
      "mean" : 2.0566739301589674E8,
      "min" : 187011376,
      "p50" : 2.0745072E8,
      "p75" : 2.10111024E8,
      "p95" : 2.1338364E8,
      "p98" : 2.1338364E8,
      "p99" : 2.1338364E8,
      "p999" : 2.1338364E8,
      "values" : [ 187011376, 199349544, 199435032, 199582216, 199861848, 199956960, 199985992, 200006232, 200092984, 200111248, 200255544, 201797048, 203093432, 207450720, 210111024, 213383640 ],
      "stddev" : 5611233.321829911
    },
    "vm.memory.non-heap.used.window.15m" : {
      "count" : 16,
      "max" : 213383640,
      "mean" : 2.013428025E8,
      "min" : 187011376,
      "p50" : 2.00049608E8,
      "p75" : 2.02769336E8,
      "p95" : 2.1338364E8,
      "p98" : 2.1338364E8,
      "p99" : 2.1338364E8,
      "p999" : 2.1338364E8,
      "values" : [ 187011376, 199349544, 199435032, 199582216, 199861848, 199956960, 199985992, 200006232, 200092984, 200111248, 200255544, 201797048, 203093432, 207450720, 210111024, 213383640 ],
      "stddev" : 5718655.656560576
    },
    "vm.memory.non-heap.used.window.1h" : {
      "count" : 16,
      "max" : 213383640,
      "mean" : 2.013428025E8,
      "min" : 187011376,
      "p50" : 2.00049608E8,
      "p75" : 2.02769336E8,
      "p95" : 2.1338364E8,
      "p98" : 2.1338364E8,
      "p99" : 2.1338364E8,
      "p999" : 2.1338364E8,
      "values" : [ 187011376, 199349544, 199435032, 199582216, 199861848, 199956960, 199985992, 200006232, 200092984, 200111248, 200255544, 201797048, 203093432, 207450720, 210111024, 213383640 ],
      "stddev" : 5718655.656560576
    },
    "vm.memory.non-heap.used.window.5m" : {
      "count" : 16,
      "max" : 213383640,
      "mean" : 2.013428025E8,
      "min" : 187011376,
      "p50" : 2.00049608E8,
      "p75" : 2.02769336E8,
      "p95" : 2.1338364E8,
      "p98" : 2.1338364E8,
      "p99" : 2.1338364E8,
      "p999" : 2.1338364E8,
      "values" : [ 187011376, 199349544, 199435032, 199582216, 199861848, 199956960, 199985992, 200006232, 200092984, 200111248, 200255544, 201797048, 203093432, 207450720, 210111024, 213383640 ],
      "stddev" : 5718655.656560576
    },
    "vm.memory.pools.Code-Cache.committed.history" : {
      "count" : 16,
      "max" : 57278464,
      "mean" : 5.357662757046025E7,
      "min" : 42205184,
      "p50" : 5.4132736E7,
      "p75" : 5.5181312E7,
      "p95" : 5.7278464E7,
      "p98" : 5.7278464E7,
      "p99" : 5.7278464E7,
      "p999" : 5.7278464E7,
      "values" : [ 42205184, 49872896, 51249152, 51380224, 51380224, 51380224, 51380224, 51380224, 51380224, 51380224, 51380224, 51380224, 51970048, 54132736, 55181312, 57278464 ],
      "stddev" : 2535045.616156835
    },
    "vm.memory.pools.Code-Cache.committed.window.15m" : {
      "count" : 16,
      "max" : 57278464,
      "mean" : 5.1519488E7,
      "min" : 42205184,
      "p50" : 5.1380224E7,
      "p75" : 5.1822592E7,
      "p95" : 5.7278464E7,
      "p98" : 5.7278464E7,
      "p99" : 5.7278464E7,
      "p999" : 5.7278464E7,
      "values" : [ 42205184, 49872896, 51249152, 51380224, 51380224, 51380224, 51380224, 51380224, 51380224, 51380224, 51380224, 51380224, 51970048, 54132736, 55181312, 57278464 ],
      "stddev" : 3091083.789716222
    },
    "vm.memory.pools.Code-Cache.committed.window.1h" : {
      "count" : 16,
      "max" : 57278464,
      "mean" : 5.1519488E7,
      "min" : 42205184,
      "p50" : 5.1380224E7,
      "p75" : 5.1822592E7,
      "p95" : 5.7278464E7,
      "p98" : 5.7278464E7,
      "p99" : 5.7278464E7,
      "p999" : 5.7278464E7,
      "values" : [ 42205184, 49872896, 51249152, 51380224, 51380224, 51380224, 51380224, 51380224, 51380224, 51380224, 51380224, 51380224, 51970048, 54132736, 55181312, 57278464 ],
      "stddev" : 3091083.789716222
    },
    "vm.memory.pools.Code-Cache.committed.window.5m" : {
      "count" : 16,
      "max" : 57278464,
      "mean" : 5.1519488E7,
      "min" : 42205184,
      "p50" : 5.1380224E7,
      "p75" : 5.1822592E7,
      "p95" : 5.7278464E7,
      "p98" : 5.7278464E7,
      "p99" : 5.7278464E7,
      "p999" : 5.7278464E7,
      "values" : [ 42205184, 49872896, 51249152, 51380224, 51380224, 51380224, 51380224, 51380224, 51380224, 51380224, 51380224, 51380224, 51970048, 54132736, 55181312, 57278464 ],
      "stddev" : 3091083.789716222
    },
    "vm.memory.pools.Code-Cache.usage.x100.history" : {
      "count" : 16,
      "max" : 11,
      "mean" : 9.821272512876778,
      "min" : 8,
      "p50" : 10.0,
      "p75" : 10.0,
      "p95" : 11.0,
      "p98" : 11.0,
      "p99" : 11.0,
      "p999" : 11.0,
      "values" : [ 8, 9, 9, 9, 9, 9, 9, 9, 9, 9, 9, 10, 10, 10, 10, 11 ],
      "stddev" : 0.7584507541390919
    },
    "vm.memory.pools.Code-Cache.usage.x100.window.15m" : {
      "count" : 16,
      "max" : 11,
      "mean" : 9.3125,
      "min" : 8,
      "p50" : 9.0,
      "p75" : 10.0,
      "p95" : 11.0,
      "p98" : 11.0,
      "p99" : 11.0,
      "p999" : 11.0,
      "values" : [ 8, 9, 9, 9, 9, 9, 9, 9, 9, 9, 9, 10, 10, 10, 10, 11 ],
      "stddev" : 0.704154339142587
    },
    "vm.memory.pools.Code-Cache.usage.x100.window.1h" : {
      "count" : 16,
      "max" : 11,
      "mean" : 9.3125,
      "min" : 8,
      "p50" : 9.0,
      "p75" : 10.0,
      "p95" : 11.0,
      "p98" : 11.0,
      "p99" : 11.0,
      "p999" : 11.0,
      "values" : [ 8, 9, 9, 9, 9, 9, 9, 9, 9, 9, 9, 10, 10, 10, 10, 11 ],
      "stddev" : 0.704154339142587
    },
    "vm.memory.pools.Code-Cache.usage.x100.window.5m" : {
      "count" : 16,
      "max" : 11,
      "mean" : 9.3125,
      "min" : 8,
      "p50" : 9.0,
      "p75" : 10.0,
      "p95" : 11.0,
      "p98" : 11.0,
      "p99" : 11.0,
      "p999" : 11.0,
      "values" : [ 8, 9, 9, 9, 9, 9, 9, 9, 9, 9, 9, 10, 10, 10, 10, 11 ],
      "stddev" : 0.704154339142587
    },
    "vm.memory.pools.Code-Cache.used.history" : {
      "count" : 16,
      "max" : 56963904,
      "mean" : 5.2389937204698555E7,
      "min" : 41972160,
      "p50" : 5.2935104E7,
      "p75" : 5.489856E7,
      "p95" : 5.6963904E7,
      "p98" : 5.6963904E7,
      "p99" : 5.6963904E7,
      "p999" : 5.6963904E7,
      "values" : [ 41972160, 48457408, 48520256, 48649728, 48900032, 48973312, 48997760, 49015424, 49076480, 49090688, 49613248, 51005312, 51660736, 52935104, 54898560, 56963904 ],
      "stddev" : 3256292.4499179902
    },
    "vm.memory.pools.Code-Cache.used.window.15m" : {
      "count" : 16,
      "max" : 56963904,
      "mean" : 4.992068E7,
      "min" : 41972160,
      "p50" : 4.9045952E7,
      "p75" : 5.149688E7,
      "p95" : 5.6963904E7,
      "p98" : 5.6963904E7,
      "p99" : 5.6963904E7,
      "p999" : 5.6963904E7,
      "values" : [ 41972160, 48458176, 48520256, 48649728, 48900032, 48973312, 48997760, 49015424, 49076480, 49090688, 49613248, 51005312, 51660736, 52935104, 54898560, 56963904 ],
      "stddev" : 3283070.0534647955
    },
    "vm.memory.pools.Code-Cache.used.window.1h" : {
      "count" : 16,
      "max" : 56963904,
      "mean" : 4.992068E7,
      "min" : 41972160,
      "p50" : 4.9045952E7,
      "p75" : 5.149688E7,
      "p95" : 5.6963904E7,
      "p98" : 5.6963904E7,
      "p99" : 5.6963904E7,
      "p999" : 5.6963904E7,
      "values" : [ 41972160, 48458176, 48520256, 48649728, 48900032, 48973312, 48997760, 49015424, 49076480, 49090688, 49613248, 51005312, 51660736, 52935104, 54898560, 56963904 ],
      "stddev" : 3283070.0534647955
    },
    "vm.memory.pools.Code-Cache.used.window.5m" : {
      "count" : 16,
      "max" : 56963904,
      "mean" : 4.992068E7,
      "min" : 41972160,
      "p50" : 4.9045952E7,
      "p75" : 5.149688E7,
      "p95" : 5.6963904E7,
      "p98" : 5.6963904E7,
      "p99" : 5.6963904E7,
      "p999" : 5.6963904E7,
      "values" : [ 41972160, 48458176, 48520256, 48649728, 48900032, 48973312, 48997760, 49015424, 49076480, 49090688, 49613248, 51005312, 51660736, 52935104, 54898560, 56963904 ],
      "stddev" : 3283070.0534647955
    },
    "vm.memory.pools.Compressed-Class-Space.committed.history" : {
      "count" : 16,
      "max" : 22110208,
      "mean" : 2.1694260292751946E7,
      "min" : 20537344,
      "p50" : 2.1848064E7,
      "p75" : 2.2110208E7,
      "p95" : 2.2110208E7,
      "p98" : 2.2110208E7,
      "p99" : 2.2110208E7,
      "p999" : 2.2110208E7,
      "values" : [ 20537344, 21323776, 21323776, 21323776, 21323776, 21323776, 21323776, 21323776, 21323776, 21323776, 21323776, 21323776, 21454848, 21848064, 22110208, 22110208 ],
      "stddev" : 368316.40460648295
    },
    "vm.memory.pools.Compressed-Class-Space.committed.window.15m" : {
      "count" : 16,
      "max" : 22110208,
      "mean" : 2.1413888E7,
      "min" : 20537344,
      "p50" : 2.1323776E7,
      "p75" : 2.142208E7,
      "p95" : 2.2110208E7,
      "p98" : 2.2110208E7,
      "p99" : 2.2110208E7,
      "p999" : 2.2110208E7,
      "values" : [ 20537344, 21323776, 21323776, 21323776, 21323776, 21323776, 21323776, 21323776, 21323776, 21323776, 21323776, 21323776, 21454848, 21848064, 22110208, 22110208 ],
      "stddev" : 366747.9504415351
    },
    "vm.memory.pools.Compressed-Class-Space.committed.window.1h" : {
      "count" : 16,
      "max" : 22110208,
      "mean" : 2.1413888E7,
      "min" : 20537344,
      "p50" : 2.1323776E7,
      "p75" : 2.142208E7,
      "p95" : 2.2110208E7,
      "p98" : 2.2110208E7,
      "p99" : 2.2110208E7,
      "p999" : 2.2110208E7,
      "values" : [ 20537344, 21323776, 21323776, 21323776, 21323776, 21323776, 21323776, 21323776, 21323776, 21323776, 21323776, 21323776, 21454848, 21848064, 22110208, 22110208 ],
      "stddev" : 366747.9504415351
    },
    "vm.memory.pools.Compressed-Class-Space.committed.window.5m" : {
      "count" : 16,
      "max" : 22110208,
      "mean" : 2.1413888E7,
      "min" : 20537344,
      "p50" : 2.1323776E7,
      "p75" : 2.142208E7,
      "p95" : 2.2110208E7,
      "p98" : 2.2110208E7,
      "p99" : 2.2110208E7,
      "p999" : 2.2110208E7,
      "values" : [ 20537344, 21323776, 21323776, 21323776, 21323776, 21323776, 21323776, 21323776, 21323776, 21323776, 21323776, 21323776, 21454848, 21848064, 22110208, 22110208 ],
      "stddev" : 366747.9504415351
    },
    "vm.memory.pools.Compressed-Class-Space.usage.x100.history" : {
      "count" : 16,
      "max" : 2,
      "mean" : 2.0,
      "min" : 2,
      "p50" : 2.0,
      "p75" : 2.0,
      "p95" : 2.0,
      "p98" : 2.0,
      "p99" : 2.0,
      "p999" : 2.0,
      "values" : [ 2, 2, 2, 2, 2, 2, 2, 2, 2, 2, 2, 2, 2, 2, 2, 2 ],
      "stddev" : 0.0
    },
    "vm.memory.pools.Compressed-Class-Space.usage.x100.window.15m" : {
      "count" : 16,
      "max" : 2,
      "mean" : 2.0,
      "min" : 2,
      "p50" : 2.0,
      "p75" : 2.0,
      "p95" : 2.0,
      "p98" : 2.0,
      "p99" : 2.0,
      "p999" : 2.0,
      "values" : [ 2, 2, 2, 2, 2, 2, 2, 2, 2, 2, 2, 2, 2, 2, 2, 2 ],
      "stddev" : 0.0
    },
    "vm.memory.pools.Compressed-Class-Space.usage.x100.window.1h" : {
      "count" : 16,
      "max" : 2,
      "mean" : 2.0,
      "min" : 2,
      "p50" : 2.0,
      "p75" : 2.0,
      "p95" : 2.0,
      "p98" : 2.0,
      "p99" : 2.0,
      "p999" : 2.0,
      "values" : [ 2, 2, 2, 2, 2, 2, 2, 2, 2, 2, 2, 2, 2, 2, 2, 2 ],
      "stddev" : 0.0
    },
    "vm.memory.pools.Compressed-Class-Space.usage.x100.window.5m" : {
      "count" : 16,
      "max" : 2,
      "mean" : 2.0,
      "min" : 2,
      "p50" : 2.0,
      "p75" : 2.0,
      "p95" : 2.0,
      "p98" : 2.0,
      "p99" : 2.0,
      "p999" : 2.0,
      "values" : [ 2, 2, 2, 2, 2, 2, 2, 2, 2, 2, 2, 2, 2, 2, 2, 2 ],
      "stddev" : 0.0
    },
    "vm.memory.pools.Compressed-Class-Space.used.history" : {
      "count" : 16,
      "max" : 17791192,
      "mean" : 1.7477226814325735E7,
      "min" : 16673368,
      "p50" : 1.758372E7,
      "p75" : 1.7665704E7,
      "p95" : 1.7791192E7,
      "p98" : 1.7791192E7,
      "p99" : 1.7791192E7,
      "p999" : 1.7791192E7,
      "values" : [ 16673368, 17242352, 17246056, 17253920, 17254760, 17254760, 17254760, 17254760, 17254760, 17254760, 17255864, 17255864, 17293616, 17583720, 17665704, 17791192 ],
      "stddev" : 234307.15703657505
    },
    "vm.memory.pools.Compressed-Class-Space.used.window.15m" : {
      "count" : 16,
      "max" : 17791192,
      "mean" : 1.72993885E7,
      "min" : 16673368,
      "p50" : 1.725476E7,
      "p75" : 1.7284178E7,
      "p95" : 1.7791192E7,
      "p98" : 1.7791192E7,
      "p99" : 1.7791192E7,
      "p999" : 1.7791192E7,
      "values" : [ 16673368, 17242352, 17246056, 17253920, 17254760, 17254760, 17254760, 17254760, 17254760, 17254760, 17255864, 17255864, 17293616, 17583720, 17665704, 17791192 ],
      "stddev" : 241210.97306106673
    },
    "vm.memory.pools.Compressed-Class-Space.used.window.1h" : {
      "count" : 16,
      "max" : 17791192,
      "mean" : 1.72993885E7,
      "min" : 16673368,
      "p50" : 1.725476E7,
      "p75" : 1.7284178E7,
      "p95" : 1.7791192E7,
      "p98" : 1.7791192E7,
      "p99" : 1.7791192E7,
      "p999" : 1.7791192E7,
      "values" : [ 16673368, 17242352, 17246056, 17253920, 17254760, 17254760, 17254760, 17254760, 17254760, 17254760, 17255864, 17255864, 17293616, 17583720, 17665704, 17791192 ],
      "stddev" : 241210.97306106673
    },
    "vm.memory.pools.Compressed-Class-Space.used.window.5m" : {
      "count" : 16,
      "max" : 17791192,
      "mean" : 1.72993885E7,
      "min" : 16673368,
      "p50" : 1.725476E7,
      "p75" : 1.7284178E7,
      "p95" : 1.7791192E7,
      "p98" : 1.7791192E7,
      "p99" : 1.7791192E7,
      "p999" : 1.7791192E7,
      "values" : [ 16673368, 17242352, 17246056, 17253920, 17254760, 17254760, 17254760, 17254760, 17254760, 17254760, 17255864, 17255864, 17293616, 17583720, 17665704, 17791192 ],
      "stddev" : 241210.97306106673
    },
    "vm.memory.pools.Metaspace.committed.history" : {
      "count" : 16,
      "max" : 155803648,
      "mean" : 1.525100901774329E8,
      "min" : 144007168,
      "p50" : 1.5396864E8,
      "p75" : 1.55017216E8,
      "p95" : 1.55803648E8,
      "p98" : 1.55803648E8,
      "p99" : 1.55803648E8,
      "p999" : 1.55803648E8,
      "values" : [ 144007168, 149512192, 149774336, 149774336, 149774336, 149774336, 149774336, 149774336, 149774336, 149774336, 150036480, 150036480, 150429696, 153968640, 155017216, 155803648 ],
      "stddev" : 2684810.629259604
    },
    "vm.memory.pools.Metaspace.committed.window.15m" : {
      "count" : 16,
      "max" : 155803648,
      "mean" : 1.50437888E8,
      "min" : 144007168,
      "p50" : 1.49774336E8,
      "p75" : 1.50331392E8,
      "p95" : 1.55803648E8,
      "p98" : 1.55803648E8,
      "p99" : 1.55803648E8,
      "p999" : 1.55803648E8,
      "values" : [ 144007168, 149512192, 149774336, 149774336, 149774336, 149774336, 149774336, 149774336, 149774336, 149774336, 150036480, 150036480, 150429696, 153968640, 155017216, 155803648 ],
      "stddev" : 2686802.8301921473
    },
    "vm.memory.pools.Metaspace.committed.window.1h" : {
      "count" : 16,
      "max" : 155803648,
      "mean" : 1.50437888E8,
      "min" : 144007168,
      "p50" : 1.49774336E8,
      "p75" : 1.50331392E8,
      "p95" : 1.55803648E8,
      "p98" : 1.55803648E8,
      "p99" : 1.55803648E8,
      "p999" : 1.55803648E8,
      "values" : [ 144007168, 149512192, 149774336, 149774336, 149774336, 149774336, 149774336, 149774336, 149774336, 149774336, 150036480, 150036480, 150429696, 153968640, 155017216, 155803648 ],
      "stddev" : 2686802.8301921473
    },
    "vm.memory.pools.Metaspace.committed.window.5m" : {
      "count" : 16,
      "max" : 155803648,
      "mean" : 1.50437888E8,
      "min" : 144007168,
      "p50" : 1.49774336E8,
      "p75" : 1.50331392E8,
      "p95" : 1.55803648E8,
      "p98" : 1.55803648E8,
      "p99" : 1.55803648E8,
      "p999" : 1.55803648E8,
      "values" : [ 144007168, 149512192, 149774336, 149774336, 149774336, 149774336, 149774336, 149774336, 149774336, 149774336, 150036480, 150036480, 150429696, 153968640, 155017216, 155803648 ],
      "stddev" : 2686802.8301921473
    },
    "vm.memory.pools.Metaspace.usage.x100.history" : {
      "count" : 16,
      "max" : 89,
      "mean" : 89.00000000000001,
      "min" : 89,
      "p50" : 89.0,
      "p75" : 89.0,
      "p95" : 89.0,
      "p98" : 89.0,
      "p99" : 89.0,
      "p999" : 89.0,
      "values" : [ 89, 89, 89, 89, 89, 89, 89, 89, 89, 89, 89, 89, 89, 89, 89, 89 ],
      "stddev" : 1.4210854715202002E-14
    },
    "vm.memory.pools.Metaspace.usage.x100.window.15m" : {
      "count" : 16,
      "max" : 89,
      "mean" : 89.0,
      "min" : 89,
      "p50" : 89.0,
      "p75" : 89.0,
      "p95" : 89.0,
      "p98" : 89.0,
      "p99" : 89.0,
      "p999" : 89.0,
      "values" : [ 89, 89, 89, 89, 89, 89, 89, 89, 89, 89, 89, 89, 89, 89, 89, 89 ],
      "stddev" : 0.0
    },
    "vm.memory.pools.Metaspace.usage.x100.window.1h" : {
      "count" : 16,
      "max" : 89,
      "mean" : 89.0,
      "min" : 89,
      "p50" : 89.0,
      "p75" : 89.0,
      "p95" : 89.0,
      "p98" : 89.0,
      "p99" : 89.0,
      "p999" : 89.0,
      "values" : [ 89, 89, 89, 89, 89, 89, 89, 89, 89, 89, 89, 89, 89, 89, 89, 89 ],
      "stddev" : 0.0
    },
    "vm.memory.pools.Metaspace.usage.x100.window.5m" : {
      "count" : 16,
      "max" : 89,
      "mean" : 89.0,
      "min" : 89,
      "p50" : 89.0,
      "p75" : 89.0,
      "p95" : 89.0,
      "p98" : 89.0,
      "p99" : 89.0,
      "p999" : 89.0,
      "values" : [ 89, 89, 89, 89, 89, 89, 89, 89, 89, 89, 89, 89, 89, 89, 89, 89 ],
      "stddev" : 0.0
    },
    "vm.memory.pools.Metaspace.used.history" : {
      "count" : 16,
      "max" : 138628544,
      "mean" : 1.3580030496622694E8,
      "min" : 128366072,
      "p50" : 1.36931896E8,
      "p75" : 1.3754676E8,
      "p95" : 1.38628544E8,
      "p98" : 1.38628544E8,
      "p99" : 1.38628544E8,
      "p999" : 1.38628544E8,
      "values" : [ 128366072, 133403552, 133547696, 133638216, 133660016, 133678032, 133707464, 133728888, 133733472, 133736048, 133760672, 133764696, 134139080, 136931896, 137546760, 138628544 ],
      "stddev" : 2161355.422457521
    },
    "vm.memory.pools.Metaspace.used.window.15m" : {
      "count" : 16,
      "max" : 138628544,
      "mean" : 1.34123194E8,
      "min" : 128366072,
      "p50" : 1.3373118E8,
      "p75" : 1.34045484E8,
      "p95" : 1.38628544E8,
      "p98" : 1.38628544E8,
      "p99" : 1.38628544E8,
      "p999" : 1.38628544E8,
      "values" : [ 128366072, 133403552, 133547696, 133638216, 133660016, 133678032, 133707464, 133728888, 133733472, 133736048, 133760672, 133764696, 134139080, 136931896, 137546760, 138628544 ],
      "stddev" : 2242610.11632642
    },
    "vm.memory.pools.Metaspace.used.window.1h" : {
      "count" : 16,
      "max" : 138628544,
      "mean" : 1.34123194E8,
      "min" : 128366072,
      "p50" : 1.3373118E8,
      "p75" : 1.34045484E8,
      "p95" : 1.38628544E8,
      "p98" : 1.38628544E8,
      "p99" : 1.38628544E8,
      "p999" : 1.38628544E8,
      "values" : [ 128366072, 133403552, 133547696, 133638216, 133660016, 133678032, 133707464, 133728888, 133733472, 133736048, 133760672, 133764696, 134139080, 136931896, 137546760, 138628544 ],
      "stddev" : 2242610.11632642
    },
    "vm.memory.pools.Metaspace.used.window.5m" : {
      "count" : 16,
      "max" : 138628544,
      "mean" : 1.34123194E8,
      "min" : 128366072,
      "p50" : 1.3373118E8,
      "p75" : 1.34045484E8,
      "p95" : 1.38628544E8,
      "p98" : 1.38628544E8,
      "p99" : 1.38628544E8,
      "p999" : 1.38628544E8,
      "values" : [ 128366072, 133403552, 133547696, 133638216, 133660016, 133678032, 133707464, 133728888, 133733472, 133736048, 133760672, 133764696, 134139080, 136931896, 137546760, 138628544 ],
      "stddev" : 2242610.11632642
    },
    "vm.memory.pools.PS-Eden-Space.committed.history" : {
      "count" : 16,
      "max" : 1318060032,
      "mean" : 1.3159789660818512E9,
      "min" : 1024458752,
      "p50" : 1.318060032E9,
      "p75" : 1.318060032E9,
      "p95" : 1.318060032E9,
      "p98" : 1.318060032E9,
      "p99" : 1.318060032E9,
      "p999" : 1.318060032E9,
      "values" : [ 1024458752, 1318060032, 1318060032, 1318060032, 1318060032, 1318060032, 1318060032, 1318060032, 1318060032, 1318060032, 1318060032, 1318060032, 1318060032, 1318060032, 1318060032, 1318060032 ],
      "stddev" : 2.463072840939088E7
    },
    "vm.memory.pools.PS-Eden-Space.committed.window.15m" : {
      "count" : 16,
      "max" : 1318060032,
      "mean" : 1.299709952E9,
      "min" : 1024458752,
      "p50" : 1.318060032E9,
      "p75" : 1.318060032E9,
      "p95" : 1.318060032E9,
      "p98" : 1.318060032E9,
      "p99" : 1.318060032E9,
      "p999" : 1.318060032E9,
      "values" : [ 1024458752, 1318060032, 1318060032, 1318060032, 1318060032, 1318060032, 1318060032, 1318060032, 1318060032, 1318060032, 1318060032, 1318060032, 1318060032, 1318060032, 1318060032, 1318060032 ],
      "stddev" : 7.340032E7
    },
    "vm.memory.pools.PS-Eden-Space.committed.window.1h" : {
      "count" : 16,
      "max" : 1318060032,
      "mean" : 1.299709952E9,
      "min" : 1024458752,
      "p50" : 1.318060032E9,
      "p75" : 1.318060032E9,
      "p95" : 1.318060032E9,
      "p98" : 1.318060032E9,
      "p99" : 1.318060032E9,
      "p999" : 1.318060032E9,
      "values" : [ 1024458752, 1318060032, 1318060032, 1318060032, 1318060032, 1318060032, 1318060032, 1318060032, 1318060032, 1318060032, 1318060032, 1318060032, 1318060032, 1318060032, 1318060032, 1318060032 ],
      "stddev" : 7.340032E7
    },
    "vm.memory.pools.PS-Eden-Space.committed.window.5m" : {
      "count" : 16,
      "max" : 1318060032,
      "mean" : 1.299709952E9,
      "min" : 1024458752,
      "p50" : 1.318060032E9,
      "p75" : 1.318060032E9,
      "p95" : 1.318060032E9,
      "p98" : 1.318060032E9,
      "p99" : 1.318060032E9,
      "p999" : 1.318060032E9,
      "values" : [ 1024458752, 1318060032, 1318060032, 1318060032, 1318060032, 1318060032, 1318060032, 1318060032, 1318060032, 1318060032, 1318060032, 1318060032, 1318060032, 1318060032, 1318060032, 1318060032 ],
      "stddev" : 7.340032E7
    },
    "vm.memory.pools.PS-Eden-Space.usage.x100.history" : {
      "count" : 16,
      "max" : 89,
      "mean" : 40.334858120804206,
      "min" : 1,
      "p50" : 27.0,
      "p75" : 80.0,
      "p95" : 89.0,
      "p98" : 89.0,
      "p99" : 89.0,
      "p999" : 89.0,
      "values" : [ 1, 16, 18, 24, 25, 25, 26, 26, 27, 27, 27, 27, 28, 43, 80, 89 ],
      "stddev" : 31.59207492331844
    },
    "vm.memory.pools.PS-Eden-Space.usage.x100.window.15m" : {
      "count" : 16,
      "max" : 89,
      "mean" : 31.8125,
      "min" : 1,
      "p50" : 26.5,
      "p75" : 27.75,
      "p95" : 89.0,
      "p98" : 89.0,
      "p99" : 89.0,
      "p999" : 89.0,
      "values" : [ 1, 16, 18, 24, 25, 25, 26, 26, 27, 27, 27, 27, 28, 43, 80, 89 ],
      "stddev" : 22.265724780478177
    },
    "vm.memory.pools.PS-Eden-Space.usage.x100.window.1h" : {
      "count" : 16,
      "max" : 89,
      "mean" : 31.8125,
      "min" : 1,
      "p50" : 26.5,
      "p75" : 27.75,
      "p95" : 89.0,
      "p98" : 89.0,
      "p99" : 89.0,
      "p999" : 89.0,
      "values" : [ 1, 16, 18, 24, 25, 25, 26, 26, 27, 27, 27, 27, 28, 43, 80, 89 ],
      "stddev" : 22.265724780478177
    },
    "vm.memory.pools.PS-Eden-Space.usage.x100.window.5m" : {
      "count" : 16,
      "max" : 89,
      "mean" : 31.8125,
      "min" : 1,
      "p50" : 26.5,
      "p75" : 27.75,
      "p95" : 89.0,
      "p98" : 89.0,
      "p99" : 89.0,
      "p999" : 89.0,
      "values" : [ 1, 16, 18, 24, 25, 25, 26, 26, 27, 27, 27, 27, 28, 43, 80, 89 ],
      "stddev" : 22.265724780478177
    },
    "vm.memory.pools.PS-Eden-Space.used.history" : {
      "count" : 16,
      "max" : 1178988784,
      "mean" : 5.307060828655218E8,
      "min" : 10692120,
      "p50" : 3.55409648E8,
      "p75" : 1.051277248E9,
      "p95" : 1.178988784E9,
      "p98" : 1.178988784E9,
      "p99" : 1.178988784E9,
      "p999" : 1.178988784E9,
      "values" : [ 10692120, 210000512, 238121728, 311974472, 327719064, 332826832, 337929120, 344523408, 354662552, 354713464, 354713464, 355409648, 365548800, 562750160, 1051277248, 1178988784 ],
      "stddev" : 4.1822877343238807E8
    },
    "vm.memory.pools.PS-Eden-Space.used.window.15m" : {
      "count" : 16,
      "max" : 1178988784,
      "mean" : 4.18240711E8,
      "min" : 10692120,
      "p50" : 3.4959298E8,
      "p75" : 3.63014012E8,
      "p95" : 1.178988784E9,
      "p98" : 1.178988784E9,
      "p99" : 1.178988784E9,
      "p999" : 1.178988784E9,
      "values" : [ 10692120, 210000512, 238121728, 311974472, 327719064, 332826832, 337929120, 344523408, 354662552, 354713464, 354713464, 355409648, 365548800, 562750160, 1051277248, 1178988784 ],
      "stddev" : 2.943651633479962E8
    },
    "vm.memory.pools.PS-Eden-Space.used.window.1h" : {
      "count" : 16,
      "max" : 1178988784,
      "mean" : 4.18240711E8,
      "min" : 10692120,
      "p50" : 3.4959298E8,
      "p75" : 3.63014012E8,
      "p95" : 1.178988784E9,
      "p98" : 1.178988784E9,
      "p99" : 1.178988784E9,
      "p999" : 1.178988784E9,
      "values" : [ 10692120, 210000512, 238121728, 311974472, 327719064, 332826832, 337929120, 344523408, 354662552, 354713464, 354713464, 355409648, 365548800, 562750160, 1051277248, 1178988784 ],
      "stddev" : 2.943651633479962E8
    },
    "vm.memory.pools.PS-Eden-Space.used.window.5m" : {
      "count" : 16,
      "max" : 1178988784,
      "mean" : 4.18240711E8,
      "min" : 10692120,
      "p50" : 3.4959298E8,
      "p75" : 3.63014012E8,
      "p95" : 1.178988784E9,
      "p98" : 1.178988784E9,
      "p99" : 1.178988784E9,
      "p999" : 1.178988784E9,
      "values" : [ 10692120, 210000512, 238121728, 311974472, 327719064, 332826832, 337929120, 344523408, 354662552, 354713464, 354713464, 355409648, 365548800, 562750160, 1051277248, 1178988784 ],
      "stddev" : 2.943651633479962E8
    },
    "vm.memory.pools.PS-Old-Gen.committed.history" : {
      "count" : 16,
      "max" : 213909504,
      "mean" : 2.13909504E8,
      "min" : 213909504,
      "p50" : 2.13909504E8,
      "p75" : 2.13909504E8,
      "p95" : 2.13909504E8,
      "p98" : 2.13909504E8,
      "p99" : 2.13909504E8,
      "p999" : 2.13909504E8,
      "values" : [ 213909504, 213909504, 213909504, 213909504, 213909504, 213909504, 213909504, 213909504, 213909504, 213909504, 213909504, 213909504, 213909504, 213909504, 213909504, 213909504 ],
      "stddev" : 0.0
    },
    "vm.memory.pools.PS-Old-Gen.committed.window.15m" : {
      "count" : 16,
      "max" : 213909504,
      "mean" : 2.13909504E8,
      "min" : 213909504,
      "p50" : 2.13909504E8,
      "p75" : 2.13909504E8,
      "p95" : 2.13909504E8,
      "p98" : 2.13909504E8,
      "p99" : 2.13909504E8,
      "p999" : 2.13909504E8,
      "values" : [ 213909504, 213909504, 213909504, 213909504, 213909504, 213909504, 213909504, 213909504, 213909504, 213909504, 213909504, 213909504, 213909504, 213909504, 213909504, 213909504 ],
      "stddev" : 0.0
    },
    "vm.memory.pools.PS-Old-Gen.committed.window.1h" : {
      "count" : 16,
      "max" : 213909504,
      "mean" : 2.13909504E8,
      "min" : 213909504,
      "p50" : 2.13909504E8,
      "p75" : 2.13909504E8,
      "p95" : 2.13909504E8,
      "p98" : 2.13909504E8,
      "p99" : 2.13909504E8,
      "p999" : 2.13909504E8,
      "values" : [ 213909504, 213909504, 213909504, 213909504, 213909504, 213909504, 213909504, 213909504, 213909504, 213909504, 213909504, 213909504, 213909504, 213909504, 213909504, 213909504 ],
      "stddev" : 0.0
    },
    "vm.memory.pools.PS-Old-Gen.committed.window.5m" : {
      "count" : 16,
      "max" : 213909504,
      "mean" : 2.13909504E8,
      "min" : 213909504,
      "p50" : 2.13909504E8,
      "p75" : 2.13909504E8,
      "p95" : 2.13909504E8,
      "p98" : 2.13909504E8,
      "p99" : 2.13909504E8,
      "p999" : 2.13909504E8,
      "values" : [ 213909504, 213909504, 213909504, 213909504, 213909504, 213909504, 213909504, 213909504, 213909504, 213909504, 213909504, 213909504, 213909504, 213909504, 213909504, 213909504 ],
      "stddev" : 0.0
    },
    "vm.memory.pools.PS-Old-Gen.usage.x100.history" : {
      "count" : 16,
      "max" : 4,
      "mean" : 3.985823863450807,
      "min" : 2,
      "p50" : 4.0,
      "p75" : 4.0,
      "p95" : 4.0,
      "p98" : 4.0,
      "p99" : 4.0,
      "p999" : 4.0,
      "values" : [ 2, 4, 4, 4, 4, 4, 4, 4, 4, 4, 4, 4, 4, 4, 4, 4 ],
      "stddev" : 0.16778352198867036
    },
    "vm.memory.pools.PS-Old-Gen.usage.x100.window.15m" : {
      "count" : 16,
      "max" : 4,
      "mean" : 3.875,
      "min" : 2,
      "p50" : 4.0,
      "p75" : 4.0,
      "p95" : 4.0,
      "p98" : 4.0,
      "p99" : 4.0,
      "p999" : 4.0,
      "values" : [ 2, 4, 4, 4, 4, 4, 4, 4, 4, 4, 4, 4, 4, 4, 4, 4 ],
      "stddev" : 0.5
    },
    "vm.memory.pools.PS-Old-Gen.usage.x100.window.1h" : {
      "count" : 16,
      "max" : 4,
      "mean" : 3.875,
      "min" : 2,
      "p50" : 4.0,
      "p75" : 4.0,
      "p95" : 4.0,
      "p98" : 4.0,
      "p99" : 4.0,
      "p999" : 4.0,
      "values" : [ 2, 4, 4, 4, 4, 4, 4, 4, 4, 4, 4, 4, 4, 4, 4, 4 ],
      "stddev" : 0.5
    },
    "vm.memory.pools.PS-Old-Gen.usage.x100.window.5m" : {
      "count" : 16,
      "max" : 4,
      "mean" : 3.875,
      "min" : 2,
      "p50" : 4.0,
      "p75" : 4.0,
      "p95" : 4.0,
      "p98" : 4.0,
      "p99" : 4.0,
      "p999" : 4.0,
      "values" : [ 2, 4, 4, 4, 4, 4, 4, 4, 4, 4, 4, 4, 4, 4, 4, 4 ],
      "stddev" : 0.5
    },
    "vm.memory.pools.PS-Old-Gen.used.history" : {
      "count" : 16,
      "max" : 118400848,
      "mean" : 1.1268835778971547E8,
      "min" : 71426472,
      "p50" : 1.1155464E8,
      "p75" : 1.1155464E8,
      "p95" : 1.18400848E8,
      "p98" : 1.18400848E8,
      "p99" : 1.18400848E8,
      "p999" : 1.18400848E8,
      "values" : [ 71426472, 111554640, 111554640, 111554640, 111554640, 111554640, 111554640, 111554640, 111554640, 111554640, 111554640, 111554640, 111554640, 111554640, 111554640, 118400848 ],
      "stddev" : 4453911.724811595
    },
    "vm.memory.pools.PS-Old-Gen.used.window.15m" : {
      "count" : 16,
      "max" : 118400848,
      "mean" : 1.094745175E8,
      "min" : 71426472,
      "p50" : 1.1155464E8,
      "p75" : 1.1155464E8,
      "p95" : 1.18400848E8,
      "p98" : 1.18400848E8,
      "p99" : 1.18400848E8,
      "p999" : 1.18400848E8,
      "values" : [ 71426472, 111554640, 111554640, 111554640, 111554640, 111554640, 111554640, 111554640, 111554640, 111554640, 111554640, 111554640, 111554640, 111554640, 111554640, 118400848 ],
      "stddev" : 1.0288860893138716E7
    },
    "vm.memory.pools.PS-Old-Gen.used.window.1h" : {
      "count" : 16,
      "max" : 118400848,
      "mean" : 1.094745175E8,
      "min" : 71426472,
      "p50" : 1.1155464E8,
      "p75" : 1.1155464E8,
      "p95" : 1.18400848E8,
      "p98" : 1.18400848E8,
      "p99" : 1.18400848E8,
      "p999" : 1.18400848E8,
      "values" : [ 71426472, 111554640, 111554640, 111554640, 111554640, 111554640, 111554640, 111554640, 111554640, 111554640, 111554640, 111554640, 111554640, 111554640, 111554640, 118400848 ],
      "stddev" : 1.0288860893138716E7
    },
    "vm.memory.pools.PS-Old-Gen.used.window.5m" : {
      "count" : 16,
      "max" : 118400848,
      "mean" : 1.094745175E8,
      "min" : 71426472,
      "p50" : 1.1155464E8,
      "p75" : 1.1155464E8,
      "p95" : 1.18400848E8,
      "p98" : 1.18400848E8,
      "p99" : 1.18400848E8,
      "p999" : 1.18400848E8,
      "values" : [ 71426472, 111554640, 111554640, 111554640, 111554640, 111554640, 111554640, 111554640, 111554640, 111554640, 111554640, 111554640, 111554640, 111554640, 111554640, 118400848 ],
      "stddev" : 1.0288860893138716E7
    },
    "vm.memory.pools.PS-Survivor-Space.committed.history" : {
      "count" : 16,
      "max" : 56623104,
      "mean" : 5.6151530244608514E7,
      "min" : 51380224,
      "p50" : 5.6623104E7,
      "p75" : 5.6623104E7,
      "p95" : 5.6623104E7,
      "p98" : 5.6623104E7,
      "p99" : 5.6623104E7,
      "p999" : 5.6623104E7,
      "values" : [ 51380224, 54525952, 56623104, 56623104, 56623104, 56623104, 56623104, 56623104, 56623104, 56623104, 56623104, 56623104, 56623104, 56623104, 56623104, 56623104 ],
      "stddev" : 939936.8275520239
    },
    "vm.memory.pools.PS-Survivor-Space.committed.window.15m" : {
      "count" : 16,
      "max" : 56623104,
      "mean" : 5.6164352E7,
      "min" : 51380224,
      "p50" : 5.6623104E7,
      "p75" : 5.6623104E7,
      "p95" : 5.6623104E7,
      "p98" : 5.6623104E7,
      "p99" : 5.6623104E7,
      "p999" : 5.6623104E7,
      "values" : [ 51380224, 54525952, 56623104, 56623104, 56623104, 56623104, 56623104, 56623104, 56623104, 56623104, 56623104, 56623104, 56623104, 56623104, 56623104, 56623104 ],
      "stddev" : 1378854.1824147566
    },
    "vm.memory.pools.PS-Survivor-Space.committed.window.1h" : {
      "count" : 16,
      "max" : 56623104,
      "mean" : 5.6164352E7,
      "min" : 51380224,
      "p50" : 5.6623104E7,
      "p75" : 5.6623104E7,
      "p95" : 5.6623104E7,
      "p98" : 5.6623104E7,
      "p99" : 5.6623104E7,
      "p999" : 5.6623104E7,
      "values" : [ 51380224, 54525952, 56623104, 56623104, 56623104, 56623104, 56623104, 56623104, 56623104, 56623104, 56623104, 56623104, 56623104, 56623104, 56623104, 56623104 ],
      "stddev" : 1378854.1824147566
    },
    "vm.memory.pools.PS-Survivor-Space.committed.window.5m" : {
      "count" : 16,
      "max" : 56623104,
      "mean" : 5.6164352E7,
      "min" : 51380224,
      "p50" : 5.6623104E7,
      "p75" : 5.6623104E7,
      "p95" : 5.6623104E7,
      "p98" : 5.6623104E7,
      "p99" : 5.6623104E7,
      "p999" : 5.6623104E7,
      "values" : [ 51380224, 54525952, 56623104, 56623104, 56623104, 56623104, 56623104, 56623104, 56623104, 56623104, 56623104, 56623104, 56623104, 56623104, 56623104, 56623104 ],
      "stddev" : 1378854.1824147566
    },
    "vm.memory.pools.PS-Survivor-Space.usage.x100.history" : {
      "count" : 16,
      "max" : 77,
      "mean" : 21.739385118276605,
      "min" : 13,
      "p50" : 13.0,
      "p75" : 13.0,
      "p95" : 53.0,
      "p98" : 53.0,
      "p99" : 53.0,
      "p999" : 77.0,
      "values" : [ 13, 13, 13, 13, 13, 13, 13, 13, 13, 13, 13, 13, 13, 13, 53, 77 ],
      "stddev" : 16.854845752936725
    },
    "vm.memory.pools.PS-Survivor-Space.usage.x100.window.15m" : {
      "count" : 16,
      "max" : 77,
      "mean" : 19.5,
      "min" : 13,
      "p50" : 13.0,
      "p75" : 13.0,
      "p95" : 77.0,
      "p98" : 77.0,
      "p99" : 77.0,
      "p999" : 77.0,
      "values" : [ 13, 13, 13, 13, 13, 13, 13, 13, 13, 13, 13, 13, 13, 13, 53, 77 ],
      "stddev" : 18.29389697868299
    },
    "vm.memory.pools.PS-Survivor-Space.usage.x100.window.1h" : {
      "count" : 16,
      "max" : 77,
      "mean" : 19.5,
      "min" : 13,
      "p50" : 13.0,
      "p75" : 13.0,
      "p95" : 77.0,
      "p98" : 77.0,
      "p99" : 77.0,
      "p999" : 77.0,
      "values" : [ 13, 13, 13, 13, 13, 13, 13, 13, 13, 13, 13, 13, 13, 13, 53, 77 ],
      "stddev" : 18.29389697868299
    },
    "vm.memory.pools.PS-Survivor-Space.usage.x100.window.5m" : {
      "count" : 16,
      "max" : 77,
      "mean" : 19.5,
      "min" : 13,
      "p50" : 13.0,
      "p75" : 13.0,
      "p95" : 77.0,
      "p98" : 77.0,
      "p99" : 77.0,
      "p999" : 77.0,
      "values" : [ 13, 13, 13, 13, 13, 13, 13, 13, 13, 13, 13, 13, 13, 13, 53, 77 ],
      "stddev" : 18.29389697868299
    },
    "vm.memory.pools.PS-Survivor-Space.used.history" : {
      "count" : 16,
      "max" : 39688208,
      "mean" : 1.1808008075109133E7,
      "min" : 7120512,
      "p50" : 7120512.0,
      "p75" : 7120512.0,
      "p95" : 2.8635304E7,
      "p98" : 2.8635304E7,
      "p99" : 2.8635304E7,
      "p999" : 3.9688208E7,
      "values" : [ 7120512, 7120512, 7120512, 7120512, 7120512, 7120512, 7120512, 7120512, 7120512, 7120512, 7120512, 7120512, 7120512, 7120512, 28635304, 39688208 ],
      "stddev" : 9023821.732022638
    },
    "vm.memory.pools.PS-Survivor-Space.used.window.15m" : {
      "count" : 16,
      "max" : 39688208,
      "mean" : 1.05006675E7,
      "min" : 7120512,
      "p50" : 7120512.0,
      "p75" : 7120512.0,
      "p95" : 3.9688208E7,
      "p98" : 3.9688208E7,
      "p99" : 3.9688208E7,
      "p999" : 3.9688208E7,
      "values" : [ 7120512, 7120512, 7120512, 7120512, 7120512, 7120512, 7120512, 7120512, 7120512, 7120512, 7120512, 7120512, 7120512, 7120512, 28635304, 39688208 ],
      "stddev" : 9454219.087387374
    },
    "vm.memory.pools.PS-Survivor-Space.used.window.1h" : {
      "count" : 16,
      "max" : 39688208,
      "mean" : 1.05006675E7,
      "min" : 7120512,
      "p50" : 7120512.0,
      "p75" : 7120512.0,
      "p95" : 3.9688208E7,
      "p98" : 3.9688208E7,
      "p99" : 3.9688208E7,
      "p999" : 3.9688208E7,
      "values" : [ 7120512, 7120512, 7120512, 7120512, 7120512, 7120512, 7120512, 7120512, 7120512, 7120512, 7120512, 7120512, 7120512, 7120512, 28635304, 39688208 ],
      "stddev" : 9454219.087387374
    },
    "vm.memory.pools.PS-Survivor-Space.used.window.5m" : {
      "count" : 16,
      "max" : 39688208,
      "mean" : 1.05006675E7,
      "min" : 7120512,
      "p50" : 7120512.0,
      "p75" : 7120512.0,
      "p95" : 3.9688208E7,
      "p98" : 3.9688208E7,
      "p99" : 3.9688208E7,
      "p999" : 3.9688208E7,
      "values" : [ 7120512, 7120512, 7120512, 7120512, 7120512, 7120512, 7120512, 7120512, 7120512, 7120512, 7120512, 7120512, 7120512, 7120512, 28635304, 39688208 ],
      "stddev" : 9454219.087387374
    },
    "vm.memory.total.committed.history" : {
      "count" : 16,
      "max" : 1821687808,
      "mean" : 1.813820978367105E9,
      "min" : 1496498176,
      "p50" : 1.81854208E9,
      "p75" : 1.820901376E9,
      "p95" : 1.821687808E9,
      "p98" : 1.821687808E9,
      "p99" : 1.821687808E9,
      "p999" : 1.821687808E9,
      "values" : [ 1496498176, 1809301504, 1810939904, 1811070976, 1811070976, 1811070976, 1811070976, 1811070976, 1811070976, 1811070976, 1811333120, 1811333120, 1812447232, 1818542080, 1820901376, 1821687808 ],
      "stddev" : 2.721742748286452E7
    },
    "vm.memory.total.committed.window.15m" : {
      "count" : 16,
      "max" : 1821687808,
      "mean" : 1.793155072E9,
      "min" : 1496498176,
      "p50" : 1.811070976E9,
      "p75" : 1.812168704E9,
      "p95" : 1.821687808E9,
      "p98" : 1.821687808E9,
      "p99" : 1.821687808E9,
      "p999" : 1.821687808E9,
      "values" : [ 1496498176, 1809301504, 1810939904, 1811070976, 1811070976, 1811070976, 1811070976, 1811070976, 1811070976, 1811070976, 1811333120, 1811333120, 1812447232, 1818542080, 1820901376, 1821687808 ],
      "stddev" : 7.920047291654201E7
    },
    "vm.memory.total.committed.window.1h" : {
      "count" : 16,
      "max" : 1821687808,
      "mean" : 1.793155072E9,
      "min" : 1496498176,
      "p50" : 1.811070976E9,
      "p75" : 1.812168704E9,
      "p95" : 1.821687808E9,
      "p98" : 1.821687808E9,
      "p99" : 1.821687808E9,
      "p999" : 1.821687808E9,
      "values" : [ 1496498176, 1809301504, 1810939904, 1811070976, 1811070976, 1811070976, 1811070976, 1811070976, 1811070976, 1811070976, 1811333120, 1811333120, 1812447232, 1818542080, 1820901376, 1821687808 ],
      "stddev" : 7.920047291654201E7
    },
    "vm.memory.total.committed.window.5m" : {
      "count" : 16,
      "max" : 1821687808,
      "mean" : 1.793155072E9,
      "min" : 1496498176,
      "p50" : 1.811070976E9,
      "p75" : 1.812168704E9,
      "p95" : 1.821687808E9,
      "p98" : 1.821687808E9,
      "p99" : 1.821687808E9,
      "p999" : 1.821687808E9,
      "values" : [ 1496498176, 1809301504, 1810939904, 1811070976, 1811070976, 1811070976, 1811070976, 1811070976, 1811070976, 1811070976, 1811333120, 1811333120, 1812447232, 1818542080, 1820901376, 1821687808 ],
      "stddev" : 7.920047291654201E7
    },
    "vm.memory.total.used.history" : {
      "count" : 16,
      "max" : 1507774960,
      "mean" : 8.608703193597656E8,
      "min" : 371111912,
      "p50" : 6.74177816E8,
      "p75" : 1.37740312E9,
      "p95" : 1.50777496E9,
      "p98" : 1.50777496E9,
      "p99" : 1.50777496E9,
      "p999" : 1.50777496E9,
      "values" : [ 371111912, 528938384, 536248136, 632449840, 645745736, 650946616, 656189024, 663062000, 673296648, 673374896, 673394848, 674177816, 684335200, 884518744, 1377403120, 1507774960 ],
      "stddev" : 4.1167449747201914E8
    },
    "vm.memory.total.used.window.15m" : {
      "count" : 16,
      "max" : 1507774960,
      "mean" : 7.395604925E8,
      "min" : 371111912,
      "p50" : 6.68179324E8,
      "p75" : 6.81795854E8,
      "p95" : 1.50777496E9,
      "p98" : 1.50777496E9,
      "p99" : 1.50777496E9,
      "p999" : 1.50777496E9,
      "values" : [ 371111912, 528938384, 536248136, 632449840, 645745736, 650946616, 656189024, 663062000, 673296648, 673374896, 673394848, 674177816, 684335200, 884518744, 1377403120, 1507774960 ],
      "stddev" : 2.944899222179015E8
    },
    "vm.memory.total.used.window.1h" : {
      "count" : 16,
      "max" : 1507774960,
      "mean" : 7.395605935E8,
      "min" : 371111912,
      "p50" : 6.68179324E8,
      "p75" : 6.81795854E8,
      "p95" : 1.50777496E9,
      "p98" : 1.50777496E9,
      "p99" : 1.50777496E9,
      "p999" : 1.50777496E9,
      "values" : [ 371111912, 528939496, 536248136, 632449840, 645745736, 650946616, 656189528, 663062000, 673296648, 673374896, 673394848, 674177816, 684335200, 884518744, 1377403120, 1507774960 ],
      "stddev" : 2.9448985968483454E8
    },
    "vm.memory.total.used.window.5m" : {
      "count" : 16,
      "max" : 1507774960,
      "mean" : 7.395605935E8,
      "min" : 371111912,
      "p50" : 6.68179324E8,
      "p75" : 6.81795854E8,
      "p95" : 1.50777496E9,
      "p98" : 1.50777496E9,
      "p99" : 1.50777496E9,
      "p999" : 1.50777496E9,
      "values" : [ 371111912, 528939496, 536248136, 632449840, 645745736, 650946616, 656189528, 663062000, 673296648, 673374896, 673394848, 674177816, 684335200, 884518744, 1377403120, 1507774960 ],
      "stddev" : 2.9448985968483454E8
    }
  },
  "meters" : {
    "http.responseCodes.badRequest" : {
      "count" : 0,
      "m15_rate" : 0.0,
      "m1_rate" : 0.0,
      "m5_rate" : 0.0,
      "mean_rate" : 0.0,
      "units" : "events/minute"
    },
    "http.responseCodes.created" : {
      "count" : 0,
      "m15_rate" : 0.0,
      "m1_rate" : 0.0,
      "m5_rate" : 0.0,
      "mean_rate" : 0.0,
      "units" : "events/minute"
    },
    "http.responseCodes.forbidden" : {
      "count" : 0,
      "m15_rate" : 0.0,
      "m1_rate" : 0.0,
      "m5_rate" : 0.0,
      "mean_rate" : 0.0,
      "units" : "events/minute"
    },
    "http.responseCodes.noContent" : {
      "count" : 0,
      "m15_rate" : 0.0,
      "m1_rate" : 0.0,
      "m5_rate" : 0.0,
      "mean_rate" : 0.0,
      "units" : "events/minute"
    },
    "http.responseCodes.notFound" : {
      "count" : 0,
      "m15_rate" : 0.0,
      "m1_rate" : 0.0,
      "m5_rate" : 0.0,
      "mean_rate" : 0.0,
      "units" : "events/minute"
    },
    "http.responseCodes.notModified" : {
      "count" : 9,
      "m15_rate" : 0.576606853664149,
      "m1_rate" : 5.003678603338264,
      "m5_rate" : 1.5980018607126862,
      "mean_rate" : 2.1824411751623956,
      "units" : "events/minute"
    },
    "http.responseCodes.ok" : {
      "count" : 228,
      "m15_rate" : 13.45638886986438,
      "m1_rate" : 77.30760368287777,
      "m5_rate" : 32.82800625298914,
      "mean_rate" : 55.288530307340636,
      "units" : "events/minute"
    },
    "http.responseCodes.other" : {
      "count" : 0,
      "m15_rate" : 0.0,
      "m1_rate" : 0.0,
      "m5_rate" : 0.0,
      "mean_rate" : 0.0,
      "units" : "events/minute"
    },
    "http.responseCodes.serverError" : {
      "count" : 0,
      "m15_rate" : 0.0,
      "m1_rate" : 0.0,
      "m5_rate" : 0.0,
      "mean_rate" : 0.0,
      "units" : "events/minute"
    },
    "http.responseCodes.serviceUnavailable" : {
      "count" : 5,
      "m15_rate" : 9.396526540247022,
      "m1_rate" : 0.2995092306030247,
      "m5_rate" : 5.75746891925522,
      "mean_rate" : 1.2124674472353665,
      "units" : "events/minute"
    },
    "jenkins.job.scheduled" : {
      "count" : 0,
      "m15_rate" : 0.0,
      "m1_rate" : 0.0,
      "m5_rate" : 0.0,
      "mean_rate" : 0.0,
      "units" : "events/minute"
    },
    "jenkins.runs.aborted" : {
      "count" : 0,
      "m15_rate" : 0.0,
      "m1_rate" : 0.0,
      "m5_rate" : 0.0,
      "mean_rate" : 0.0,
      "units" : "events/minute"
    },
    "jenkins.runs.failure" : {
      "count" : 0,
      "m15_rate" : 0.0,
      "m1_rate" : 0.0,
      "m5_rate" : 0.0,
      "mean_rate" : 0.0,
      "units" : "events/minute"
    },
    "jenkins.runs.not_built" : {
      "count" : 0,
      "m15_rate" : 0.0,
      "m1_rate" : 0.0,
      "m5_rate" : 0.0,
      "mean_rate" : 0.0,
      "units" : "events/minute"
    },
    "jenkins.runs.success" : {
      "count" : 0,
      "m15_rate" : 0.0,
      "m1_rate" : 0.0,
      "m5_rate" : 0.0,
      "mean_rate" : 0.0,
      "units" : "events/minute"
    },
    "jenkins.runs.total" : {
      "count" : 0,
      "m15_rate" : 0.0,
      "m1_rate" : 0.0,
      "m5_rate" : 0.0,
      "mean_rate" : 0.0,
      "units" : "events/minute"
    },
    "jenkins.runs.unstable" : {
      "count" : 0,
      "m15_rate" : 0.0,
      "m1_rate" : 0.0,
      "m5_rate" : 0.0,
      "mean_rate" : 0.0,
      "units" : "events/minute"
    }
  },
  "timers" : {
    "http.requests" : {
      "count" : 242,
      "max" : 5.352327146,
      "mean" : 0.0333885400523575,
      "min" : 3.8159500000000004E-4,
      "p50" : 0.003382702,
      "p75" : 0.005565053,
      "p95" : 0.064241271,
      "p98" : 0.5640950770000001,
      "p99" : 1.053687725,
      "p999" : 1.526325833,
      "values" : [ 3.8159500000000004E-4, 3.9586700000000005E-4, 4.3117400000000004E-4, 4.33696E-4, 4.3480000000000005E-4, 4.3495100000000004E-4, 4.4284600000000005E-4, 4.53259E-4, 4.5697800000000003E-4, 4.58994E-4, 4.6872700000000005E-4, 4.68797E-4, 4.74695E-4, 4.7921000000000004E-4, 4.79615E-4, 4.8137900000000004E-4, 4.8438100000000004E-4, 4.8535600000000005E-4, 4.86267E-4, 4.976690000000001E-4, 5.05039E-4, 5.06356E-4, 5.08981E-4, 5.114550000000001E-4, 5.11941E-4, 5.13157E-4, 5.52132E-4, 5.98745E-4, 6.13452E-4, 6.19251E-4, 6.239650000000001E-4, 6.287370000000001E-4, 6.741200000000001E-4, 7.022920000000001E-4, 7.50759E-4, 7.63764E-4, 8.074450000000001E-4, 8.418420000000001E-4, 8.59003E-4, 8.87801E-4, 9.15509E-4, 9.254830000000001E-4, 0.0010041330000000002, 0.001004219, 0.001015426, 0.001035588, 0.0010468, 0.001051613, 0.001056206, 0.0010721, 0.001112312, 0.001112596, 0.001116559, 0.0011389150000000001, 0.001150116, 0.0011556910000000001, 0.0011604150000000001, 0.001180845, 0.0012194340000000001, 0.001242985, 0.001272445, 0.0013287750000000001, 0.001344204, 0.001370593, 0.001373592, 0.001376494, 0.0013807600000000002, 0.0013878900000000001, 0.00141763, 0.001435146, 0.001485847, 0.001552716, 0.001577382, 0.00159391, 0.0016165320000000002, 0.0016351340000000001, 0.0016426400000000001, 0.001682534, 0.0016889630000000001, 0.0017203540000000001, 0.001772911, 0.0018068350000000001, 0.0018312570000000002, 0.00184591, 0.001875691, 0.001889746, 0.0020358670000000002, 0.0020417200000000003, 0.002051438, 0.002055865, 0.002061088, 0.002132769, 0.002175082, 0.0022162930000000003, 0.002219796, 0.002269098, 0.002270207, 0.002436208, 0.0024659620000000004, 0.002474393, 0.002618146, 0.0026475300000000004, 0.002795774, 0.002839264, 0.0028559080000000003, 0.0028976, 0.0029090860000000004, 0.002911359, 0.0029154130000000004, 0.002921756, 0.0029286110000000002, 0.0029349700000000003, 0.002935539, 0.002945006, 0.0029679150000000002, 0.002974145, 0.002974342, 0.0029756310000000003, 0.0029801690000000004, 0.0030116690000000002, 0.003036595, 0.003049635, 0.0030510230000000004, 0.003066465, 0.0030760320000000002, 0.0030891530000000003, 0.00312743, 0.0031690340000000003, 0.0032702480000000003, 0.003277551, 0.003306559, 0.003309404, 0.003313987, 0.003328367, 0.003352425, 0.003368011, 0.0033715150000000003, 0.003382702, 0.0034172290000000004, 0.003436679, 0.003482642, 0.0034990800000000003, 0.0035750570000000004, 0.0035817540000000004, 0.003600872, 0.003627892, 0.003664694, 0.003665728, 0.003665773, 0.0036694880000000003, 0.003767171, 0.0037770480000000003, 0.0038079840000000004, 0.00383122, 0.0038608300000000004, 0.0038750790000000005, 0.003893975, 0.0038959840000000003, 0.003915007, 0.003918367, 0.003965903000000001, 0.00402726, 0.004202837, 0.0042324450000000005, 0.004324238, 0.004380798, 0.004449460000000001, 0.004515716, 0.004553324, 0.00455947, 0.004809533, 0.0050890630000000004, 0.005180614, 0.005229859, 0.005235340000000001, 0.005564595, 0.005565053, 0.005607923000000001, 0.005636787000000001, 0.005912785, 0.0060009550000000005, 0.0062291690000000005, 0.006408268000000001, 0.0064671120000000006, 0.006471285, 0.0064803280000000005, 0.006583403000000001, 0.006590128000000001, 0.006727074, 0.006729425000000001, 0.007058227, 0.007153860000000001, 0.007234900000000001, 0.007287742000000001, 0.00728826, 0.007516567, 0.007518435, 0.007998773, 0.009254022, 0.009277345000000001, 0.010911719, 0.011802105, 0.012097817, 0.012306777000000001, 0.012572561000000001, 0.012610081, 0.012736490000000001, 0.012939481000000001, 0.013281192, 0.014028759, 0.014657842, 0.014923504, 0.015858300000000002, 0.016276434, 0.016687166, 0.016870004, 0.016982838, 0.017196123, 0.017422297, 0.017433353000000002, 0.017479891, 0.018284489, 0.019428197, 0.023347077, 0.029143925, 0.035504248, 0.050670116, 0.064241271, 0.068017009, 0.098449986, 0.11251498500000001, 0.13289186, 0.13968180300000002, 0.181373266, 0.352525735, 0.522675544, 0.5640950770000001, 0.7544461560000001, 1.053687725, 1.526325833, 4.297202851000001, 5.352327146 ],
      "stddev" : 0.20674107183163032,
      "m15_rate" : 23.42952226377555,
      "m1_rate" : 82.61079151681906,
      "m5_rate" : 40.183477032957065,
      "mean_rate" : 58.683109246854286,
      "duration_units" : "seconds",
      "rate_units" : "calls/minute"
    },
    "jenkins.health-check.duration" : {
      "count" : 4,
      "max" : 0.0021282600000000003,
      "mean" : 8.896566664773684E-4,
      "min" : 7.78185E-4,
      "p50" : 8.351360000000001E-4,
      "p75" : 8.351360000000001E-4,
      "p95" : 9.900850000000001E-4,
      "p98" : 0.0021282600000000003,
      "p99" : 0.0021282600000000003,
      "p999" : 0.0021282600000000003,
      "values" : [ 7.78185E-4, 8.351360000000001E-4, 9.900850000000001E-4, 0.0021282600000000003 ],
      "stddev" : 2.6232770749035463E-4,
      "m15_rate" : 0.23862370781530362,
      "m1_rate" : 1.2613034877839344,
      "m5_rate" : 0.582783869128836,
      "mean_rate" : 1.024604142703577,
      "duration_units" : "seconds",
      "rate_units" : "calls/minute"
    },
    "jenkins.job.blocked.duration" : {
      "count" : 0,
      "max" : 0.0,
      "mean" : 0.0,
      "min" : 0.0,
      "p50" : 0.0,
      "p75" : 0.0,
      "p95" : 0.0,
      "p98" : 0.0,
      "p99" : 0.0,
      "p999" : 0.0,
      "values" : [ ],
      "stddev" : 0.0,
      "m15_rate" : 0.0,
      "m1_rate" : 0.0,
      "m5_rate" : 0.0,
      "mean_rate" : 0.0,
      "duration_units" : "seconds",
      "rate_units" : "calls/minute"
    },
    "jenkins.job.buildable.duration" : {
      "count" : 0,
      "max" : 0.0,
      "mean" : 0.0,
      "min" : 0.0,
      "p50" : 0.0,
      "p75" : 0.0,
      "p95" : 0.0,
      "p98" : 0.0,
      "p99" : 0.0,
      "p999" : 0.0,
      "values" : [ ],
      "stddev" : 0.0,
      "m15_rate" : 0.0,
      "m1_rate" : 0.0,
      "m5_rate" : 0.0,
      "mean_rate" : 0.0,
      "duration_units" : "seconds",
      "rate_units" : "calls/minute"
    },
    "jenkins.job.building.duration" : {
      "count" : 0,
      "max" : 0.0,
      "mean" : 0.0,
      "min" : 0.0,
      "p50" : 0.0,
      "p75" : 0.0,
      "p95" : 0.0,
      "p98" : 0.0,
      "p99" : 0.0,
      "p999" : 0.0,
      "values" : [ ],
      "stddev" : 0.0,
      "m15_rate" : 0.0,
      "m1_rate" : 0.0,
      "m5_rate" : 0.0,
      "mean_rate" : 0.0,
      "duration_units" : "seconds",
      "rate_units" : "calls/minute"
    },
    "jenkins.job.queuing.duration" : {
      "count" : 0,
      "max" : 0.0,
      "mean" : 0.0,
      "min" : 0.0,
      "p50" : 0.0,
      "p75" : 0.0,
      "p95" : 0.0,
      "p98" : 0.0,
      "p99" : 0.0,
      "p999" : 0.0,
      "values" : [ ],
      "stddev" : 0.0,
      "m15_rate" : 0.0,
      "m1_rate" : 0.0,
      "m5_rate" : 0.0,
      "mean_rate" : 0.0,
      "duration_units" : "seconds",
      "rate_units" : "calls/minute"
    },
    "jenkins.job.total.duration" : {
      "count" : 0,
      "max" : 0.0,
      "mean" : 0.0,
      "min" : 0.0,
      "p50" : 0.0,
      "p75" : 0.0,
      "p95" : 0.0,
      "p98" : 0.0,
      "p99" : 0.0,
      "p999" : 0.0,
      "values" : [ ],
      "stddev" : 0.0,
      "m15_rate" : 0.0,
      "m1_rate" : 0.0,
      "m5_rate" : 0.0,
      "mean_rate" : 0.0,
      "duration_units" : "seconds",
      "rate_units" : "calls/minute"
    },
    "jenkins.job.waiting.duration" : {
      "count" : 0,
      "max" : 0.0,
      "mean" : 0.0,
      "min" : 0.0,
      "p50" : 0.0,
      "p75" : 0.0,
      "p95" : 0.0,
      "p98" : 0.0,
      "p99" : 0.0,
      "p999" : 0.0,
      "values" : [ ],
      "stddev" : 0.0,
      "m15_rate" : 0.0,
      "m1_rate" : 0.0,
      "m5_rate" : 0.0,
      "mean_rate" : 0.0,
      "duration_units" : "seconds",
      "rate_units" : "calls/minute"
    },
    "jenkins.node.SlaveMdBuildServer_01119.builds" : {
      "count" : 0,
      "max" : 0.0,
      "mean" : 0.0,
      "min" : 0.0,
      "p50" : 0.0,
      "p75" : 0.0,
      "p95" : 0.0,
      "p98" : 0.0,
      "p99" : 0.0,
      "p999" : 0.0,
      "values" : [ ],
      "stddev" : 0.0,
      "m15_rate" : 0.0,
      "m1_rate" : 0.0,
      "m5_rate" : 0.0,
      "mean_rate" : 0.0,
      "duration_units" : "seconds",
      "rate_units" : "calls/minute"
    },
    "jenkins.node.SlaveMdBuildServer_01217.builds" : {
      "count" : 0,
      "max" : 0.0,
      "mean" : 0.0,
      "min" : 0.0,
      "p50" : 0.0,
      "p75" : 0.0,
      "p95" : 0.0,
      "p98" : 0.0,
      "p99" : 0.0,
      "p999" : 0.0,
      "values" : [ ],
      "stddev" : 0.0,
      "m15_rate" : 0.0,
      "m1_rate" : 0.0,
      "m5_rate" : 0.0,
      "mean_rate" : 0.0,
      "duration_units" : "seconds",
      "rate_units" : "calls/minute"
    }
  }
}