<?xml version="1.0" encoding="UTF-8"?>
<assembly>
    <id>bin</id>
    <formats>
        <format>zip</format>
    </formats>
    <includeBaseDirectory>false</includeBaseDirectory>
    <fileSets>
        <fileSet>
            <directory>target/classes</directory>
            <outputDirectory>/configurator</outputDirectory>
        </fileSet>
		<fileSet>
            <directory>target/build</directory>
            <outputDirectory>/configurator</outputDirectory>
        </fileSet>
        <fileSet>
            <directory>src/main/build</directory>
            <outputDirectory>/configurator</outputDirectory>
        </fileSet>
	<fileSet>
            <directory>src/main/resources/${profile.name}</directory>
            <outputDirectory>/configurator/resources</outputDirectory>
			<includes>
				<include>LanguagePack.properties</include>
			</includes>
        </fileSet>
	<fileSet>
            <directory>src/main/bin/${profile.name}</directory>
            <outputDirectory>/configurator/bin</outputDirectory>
        </fileSet>
	<fileSet>
            <directory>src/main/lib</directory>
            <outputDirectory>/configurator/lib</outputDirectory>
        </fileSet>
	<fileSet>
            <directory>target/lib</directory>
            <outputDirectory>/configurator/lib</outputDirectory>
        </fileSet>        
        <fileSet>
            <directory>target/dependencies</directory>
            <outputDirectory>/configurator</outputDirectory>
        </fileSet>
        <fileSet>
            <directory>target/config/symbologies</directory>
            <outputDirectory>/configurator/config/symbologies</outputDirectory>
        </fileSet>
        <fileSet>
            <directory>target/config/plugins</directory>
            <outputDirectory>/configurator/config/plugins</outputDirectory>
        </fileSet>
        <fileSet>
            <directory>${project.build.directory}/unpack/configurator</directory>
            <outputDirectory>/configurator/</outputDirectory>
        </fileSet>
    </fileSets>
    <dependencySets>
    </dependencySets>
</assembly>
