<?xml version='1.0' encoding='utf-8'?>
<ResultsSession buildId="Default Project-2019-07-04" date="07/04/19 15:18:48" machine="mps-jenkins1" project="Default Project" tag="Run Unit Tests" time="2019-07-04T15:18:48+05:30" toolName="C++test" toolVer="10.4.2.20190409B424" user="root">
   <TestConfig machine="mps-jenkins1" name="Run Unit Tests" pseudoUrl="c++test.builtin://Run Unit Tests" user="root" />
   <Authors>
      <Author id="dev1" name="root" />
   </Authors>
   <VersionInfos>
      <StorageInfo ownerId="com.parasoft.xtest.checkers.api.execution" resultId="IExecutionViolation" ver="2" />
      <StorageInfo ownerId="com.parasoft.xtest.checkers.api.execution" resultId="InsureViolation" ver="3" />
      <StorageInfo ownerId="com.parasoft.xtest.checkers.api.codereview" resultId="ICodeReviewUndefinedAuthorsInfo" ver="1" />
      <StorageInfo ownerId="com.parasoft.xtest.checkers.api.codereview" resultId="ICodeReviewScannerInfo" ver="2" />
      <StorageInfo ownerId="com.parasoft.xtest.checkers.api.scope" resultId="IScopeProjectInfo" ver="3" />
      <StorageInfo ownerId="com.parasoft.xtest.checkers.api.standards" resultId="IMetricsViolation" ver="2" />
      <StorageInfo ownerId="com.parasoft.xtest.checkers.api.standards" resultId="IDupCodeViolation" ver="2" />
      <StorageInfo ownerId="com.parasoft.xtest.checkers.api.standards" resultId="IMetricEstimationInfo" ver="2" />
      <StorageInfo ownerId="com.parasoft.xtest.checkers.api.standards" resultId="IFlowAnalysisViolation" ver="2" />
      <StorageInfo ownerId="com.parasoft.xtest.checkers.api.standards" resultId="ICodingStandardsViolation" ver="2" />
      <StorageInfo ownerId="com.parasoft.xtest.checkers.api.generation" resultId="IGenerationInfo" ver="2" />
      <StorageInfo ownerId="com.parasoft.xtest.checkers.api.generation" resultId="IGenerationProjectInfo" ver="2" />
   </VersionInfos>
   
   
   <Scope>
      <ProjectInformations>
         <ScopeProjectInfo fltFiles="4" fltLns="523" project="/Example" totFiles="4" totLns="523" />
      </ProjectInformations>
   </Scope>
   <Exec ownerId="com.parasoft.xtest.checkers.api.execution" time="0:00:02">
      <Goals>
         <Goal mode="1" name="Unit Test Problems" type="0" />
         <Goal mode="1" name="Unit Test Outcomes" type="3" />
         <Goal mode="1" name="Runtime Error Detection Violations" type="5" />
      </Goals>
      
  <ExecViols>
    <ExecViol actVal="" expectVal="" ln="111" auth="root" sym="/Example/Example/example.cpp" verifBy="" testCaseOrig="1" cat="6" lang="cpp" urgent="true" testName="TestSuite_example_cpp_4bbe92e3::test_foo_1" sev="3" tool="c++test" testId="CPP://-5145106625922736818" locType="sr" config="1" hash="391591439" testCaseId="1506141348136232457" locStartln="111" locStartPos="0" locEndLn="111" locEndPos="1" locFile="/Example/tests/autogenerated/Example/TestSuite_example_cpp.cpp">
      <Thr lang="cpp">
        <ThrPart clName="Outcome" detMsg="Outcome: int _return=1000" prnMsg="Outcome: int _return=1000">
          <Trace clName="" metName="" fileName="/Example/tests/autogenerated/Example/TestSuite_example_cpp.cpp" ln="111" fhash="0" hash="391591439" />
        </ThrPart>
      </Thr>
    </ExecViol>
    <ExecViol actVal="" expectVal="" ln="125" auth="root" sym="/Example/Example/example.cpp" verifBy="" testCaseOrig="1" cat="6" lang="cpp" urgent="true" testName="TestSuite_example_cpp_4bbe92e3::test_foo_10" sev="3" tool="c++test" testId="CPP://6522350524009469784" locType="sr" config="1" hash="391591439" testCaseId="-1125342472345032298" locStartln="125" locStartPos="0" locEndLn="125" locEndPos="1" locFile="/Example/tests/autogenerated/Example/TestSuite_example_cpp.cpp">
      <Thr lang="cpp">
        <ThrPart clName="Outcome" detMsg="Outcome: int _return=100" prnMsg="Outcome: int _return=100">
          <Trace clName="" metName="" fileName="/Example/tests/autogenerated/Example/TestSuite_example_cpp.cpp" ln="125" fhash="0" hash="391591439" />
        </ThrPart>
      </Thr>
    </ExecViol>
    <ExecViol actVal="" expectVal="" ln="139" auth="root" sym="/Example/Example/example.cpp" verifBy="" testCaseOrig="1" cat="6" lang="cpp" urgent="true" testName="TestSuite_example_cpp_4bbe92e3::test_foo_2" sev="3" tool="c++test" testId="CPP://-5145106625922736787" locType="sr" config="1" hash="391591439" testCaseId="1506141348136231712" locStartln="139" locStartPos="0" locEndLn="139" locEndPos="1" locFile="/Example/tests/autogenerated/Example/TestSuite_example_cpp.cpp">
      <Thr lang="cpp">
        <ThrPart clName="Outcome" detMsg="Outcome: int _return=1000" prnMsg="Outcome: int _return=1000">
          <Trace clName="" metName="" fileName="/Example/tests/autogenerated/Example/TestSuite_example_cpp.cpp" ln="139" fhash="0" hash="391591439" />
        </ThrPart>
      </Thr>
    </ExecViol>
    <ExecViol actVal="" expectVal="" ln="153" auth="root" sym="/Example/Example/example.cpp" verifBy="" testCaseOrig="1" cat="6" lang="cpp" urgent="true" testName="TestSuite_example_cpp_4bbe92e3::test_foo_3" sev="3" tool="c++test" testId="CPP://-5145106625922736756" locType="sr" config="1" hash="391591439" testCaseId="1506141348136231618" locStartln="153" locStartPos="0" locEndLn="153" locEndPos="1" locFile="/Example/tests/autogenerated/Example/TestSuite_example_cpp.cpp">
      <Thr lang="cpp">
        <ThrPart clName="Outcome" detMsg="Outcome: int _return=1000" prnMsg="Outcome: int _return=1000">
          <Trace clName="" metName="" fileName="/Example/tests/autogenerated/Example/TestSuite_example_cpp.cpp" ln="153" fhash="0" hash="391591439" />
        </ThrPart>
      </Thr>
    </ExecViol>
    <ExecViol actVal="" expectVal="" ln="167" auth="root" sym="/Example/Example/example.cpp" verifBy="" testCaseOrig="1" cat="6" lang="cpp" urgent="true" testName="TestSuite_example_cpp_4bbe92e3::test_foo_4" sev="3" tool="c++test" testId="CPP://-5145106625922736725" locType="sr" config="1" hash="391591439" testCaseId="1506141348136231524" locStartln="167" locStartPos="0" locEndLn="167" locEndPos="1" locFile="/Example/tests/autogenerated/Example/TestSuite_example_cpp.cpp">
      <Thr lang="cpp">
        <ThrPart clName="Outcome" detMsg="Outcome: int _return=1000" prnMsg="Outcome: int _return=1000">
          <Trace clName="" metName="" fileName="/Example/tests/autogenerated/Example/TestSuite_example_cpp.cpp" ln="167" fhash="0" hash="391591439" />
        </ThrPart>
      </Thr>
    </ExecViol>
    <ExecViol actVal="" expectVal="" ln="181" auth="root" sym="/Example/Example/example.cpp" verifBy="" testCaseOrig="1" cat="6" lang="cpp" urgent="true" testName="TestSuite_example_cpp_4bbe92e3::test_foo_5" sev="3" tool="c++test" testId="CPP://-5145106625922736694" locType="sr" config="1" hash="391591439" testCaseId="1506141348136230779" locStartln="181" locStartPos="0" locEndLn="181" locEndPos="1" locFile="/Example/tests/autogenerated/Example/TestSuite_example_cpp.cpp">
      <Thr lang="cpp">
        <ThrPart clName="Outcome" detMsg="Outcome: int _return=1" prnMsg="Outcome: int _return=1">
          <Trace clName="" metName="" fileName="/Example/tests/autogenerated/Example/TestSuite_example_cpp.cpp" ln="181" fhash="0" hash="391591439" />
        </ThrPart>
      </Thr>
    </ExecViol>
    <ExecViol actVal="" expectVal="" ln="195" auth="root" sym="/Example/Example/example.cpp" verifBy="" testCaseOrig="1" cat="6" lang="cpp" urgent="true" testName="TestSuite_example_cpp_4bbe92e3::test_foo_6" sev="3" tool="c++test" testId="CPP://-5145106625922736663" locType="sr" config="1" hash="391591439" testCaseId="1506141348136230685" locStartln="195" locStartPos="0" locEndLn="195" locEndPos="1" locFile="/Example/tests/autogenerated/Example/TestSuite_example_cpp.cpp">
      <Thr lang="cpp">
        <ThrPart clName="Outcome" detMsg="Outcome: int _return=100" prnMsg="Outcome: int _return=100">
          <Trace clName="" metName="" fileName="/Example/tests/autogenerated/Example/TestSuite_example_cpp.cpp" ln="195" fhash="0" hash="391591439" />
        </ThrPart>
      </Thr>
    </ExecViol>
    <ExecViol actVal="" expectVal="" ln="209" auth="root" sym="/Example/Example/example.cpp" verifBy="" testCaseOrig="1" cat="6" lang="cpp" urgent="true" testName="TestSuite_example_cpp_4bbe92e3::test_foo_7" sev="3" tool="c++test" testId="CPP://-5145106625922736632" locType="sr" config="1" hash="391591439" testCaseId="1506141348136230591" locStartln="209" locStartPos="0" locEndLn="209" locEndPos="1" locFile="/Example/tests/autogenerated/Example/TestSuite_example_cpp.cpp">
      <Thr lang="cpp">
        <ThrPart clName="Outcome" detMsg="Outcome: int _return=1000" prnMsg="Outcome: int _return=1000">
          <Trace clName="" metName="" fileName="/Example/tests/autogenerated/Example/TestSuite_example_cpp.cpp" ln="209" fhash="0" hash="391591439" />
        </ThrPart>
      </Thr>
    </ExecViol>
    <ExecViol actVal="" expectVal="" ln="223" auth="root" sym="/Example/Example/example.cpp" verifBy="" testCaseOrig="1" cat="6" lang="cpp" urgent="true" testName="TestSuite_example_cpp_4bbe92e3::test_foo_8" sev="3" tool="c++test" testId="CPP://-5145106625922736601" locType="sr" config="1" hash="391591439" testCaseId="1506141348136230497" locStartln="223" locStartPos="0" locEndLn="223" locEndPos="1" locFile="/Example/tests/autogenerated/Example/TestSuite_example_cpp.cpp">
      <Thr lang="cpp">
        <ThrPart clName="Outcome" detMsg="Outcome: int _return=1000" prnMsg="Outcome: int _return=1000">
          <Trace clName="" metName="" fileName="/Example/tests/autogenerated/Example/TestSuite_example_cpp.cpp" ln="223" fhash="0" hash="391591439" />
        </ThrPart>
      </Thr>
    </ExecViol>
    <ExecViol actVal="" expectVal="" ln="237" auth="root" sym="/Example/Example/example.cpp" verifBy="" testCaseOrig="1" cat="6" lang="cpp" urgent="true" testName="TestSuite_example_cpp_4bbe92e3::test_foo_9" sev="3" tool="c++test" testId="CPP://-5145106625922736570" locType="sr" config="1" hash="391591439" testCaseId="1506141348136229752" locStartln="237" locStartPos="0" locEndLn="237" locEndPos="1" locFile="/Example/tests/autogenerated/Example/TestSuite_example_cpp.cpp">
      <Thr lang="cpp">
        <ThrPart clName="Outcome" detMsg="Outcome: int _return=1000" prnMsg="Outcome: int _return=1000">
          <Trace clName="" metName="" fileName="/Example/tests/autogenerated/Example/TestSuite_example_cpp.cpp" ln="237" fhash="0" hash="391591439" />
        </ThrPart>
      </Thr>
    </ExecViol>
    <ExecViol actVal="" expectVal="" ln="253" auth="root" sym="/Example/Example/example.cpp" verifBy="" testCaseOrig="1" cat="6" lang="cpp" urgent="true" testName="TestSuite_example_cpp_4bbe92e3::test_main_1" sev="3" tool="c++test" testId="CPP://6522350529816137413" locType="sr" config="1" hash="391591439" testCaseId="-1125203426344547046" locStartln="253" locStartPos="0" locEndLn="253" locEndPos="1" locFile="/Example/tests/autogenerated/Example/TestSuite_example_cpp.cpp">
      <Thr lang="cpp">
        <ThrPart clName="Outcome" detMsg="Outcome: int _return=0" prnMsg="Outcome: int _return=0">
          <Trace clName="" metName="" fileName="/Example/tests/autogenerated/Example/TestSuite_example_cpp.cpp" ln="253" fhash="0" hash="391591439" />
        </ThrPart>
      </Thr>
    </ExecViol>
    <ExecViol actVal="" expectVal="" ln="254" auth="root" sym="/Example/Example/example.cpp" verifBy="" testCaseOrig="1" cat="6" lang="cpp" urgent="true" testName="TestSuite_example_cpp_4bbe92e3::test_main_1" sev="3" tool="c++test" testId="CPP://6522350529816137413" locType="sr" config="1" hash="391591439" testCaseId="-1125203426344547046" locStartln="254" locStartPos="0" locEndLn="254" locEndPos="1" locFile="/Example/tests/autogenerated/Example/TestSuite_example_cpp.cpp">
      <Thr lang="cpp">
        <ThrPart clName="Outcome" detMsg="Outcome: char ** _argv =NULL" prnMsg="Outcome: char ** _argv =NULL">
          <Trace clName="" metName="" fileName="/Example/tests/autogenerated/Example/TestSuite_example_cpp.cpp" ln="254" fhash="0" hash="391591439" />
        </ThrPart>
      </Thr>
    </ExecViol>
    <ExecViol actVal="" expectVal="" ln="271" auth="root" sym="/Example/Example/example.cpp" verifBy="" testCaseOrig="1" cat="6" lang="cpp" urgent="true" testName="TestSuite_example_cpp_4bbe92e3::test_main_10" sev="3" tool="c++test" testId="CPP://-721359122276461375" locType="sr" config="1" hash="391591439" testCaseId="-4539000225325918407" locStartln="271" locStartPos="0" locEndLn="271" locEndPos="1" locFile="/Example/tests/autogenerated/Example/TestSuite_example_cpp.cpp">
      <Thr lang="cpp">
        <ThrPart clName="Outcome" detMsg="Outcome: int _return=0" prnMsg="Outcome: int _return=0">
          <Trace clName="" metName="" fileName="/Example/tests/autogenerated/Example/TestSuite_example_cpp.cpp" ln="271" fhash="0" hash="391591439" />
        </ThrPart>
      </Thr>
    </ExecViol>
    <ExecViol actVal="" expectVal="" ln="272" auth="root" sym="/Example/Example/example.cpp" verifBy="" testCaseOrig="1" cat="6" lang="cpp" urgent="true" testName="TestSuite_example_cpp_4bbe92e3::test_main_10" sev="3" tool="c++test" testId="CPP://-721359122276461375" locType="sr" config="1" hash="391591439" testCaseId="-4539000225325918407" locStartln="272" locStartPos="0" locEndLn="272" locEndPos="1" locFile="/Example/tests/autogenerated/Example/TestSuite_example_cpp.cpp">
      <Thr lang="cpp">
        <ThrPart clName="Outcome" detMsg="Outcome: char ** _argv =NOT_NULL" prnMsg="Outcome: char ** _argv =NOT_NULL">
          <Trace clName="" metName="" fileName="/Example/tests/autogenerated/Example/TestSuite_example_cpp.cpp" ln="272" fhash="0" hash="391591439" />
        </ThrPart>
      </Thr>
    </ExecViol>
    <ExecViol actVal="" expectVal="" ln="288" auth="root" sym="/Example/Example/example.cpp" verifBy="" testCaseOrig="1" cat="6" lang="cpp" urgent="true" testName="TestSuite_example_cpp_4bbe92e3::test_main_2" sev="3" tool="c++test" testId="CPP://6522350529816137444" locType="sr" config="1" hash="391591439" testCaseId="-1125203426344546952" locStartln="288" locStartPos="0" locEndLn="288" locEndPos="1" locFile="/Example/tests/autogenerated/Example/TestSuite_example_cpp.cpp">
      <Thr lang="cpp">
        <ThrPart clName="Outcome" detMsg="Outcome: int _return=0" prnMsg="Outcome: int _return=0">
          <Trace clName="" metName="" fileName="/Example/tests/autogenerated/Example/TestSuite_example_cpp.cpp" ln="288" fhash="0" hash="391591439" />
        </ThrPart>
      </Thr>
    </ExecViol>
    <ExecViol actVal="" expectVal="" ln="289" auth="root" sym="/Example/Example/example.cpp" verifBy="" testCaseOrig="1" cat="6" lang="cpp" urgent="true" testName="TestSuite_example_cpp_4bbe92e3::test_main_2" sev="3" tool="c++test" testId="CPP://6522350529816137444" locType="sr" config="1" hash="391591439" testCaseId="-1125203426344546952" locStartln="289" locStartPos="0" locEndLn="289" locEndPos="1" locFile="/Example/tests/autogenerated/Example/TestSuite_example_cpp.cpp">
      <Thr lang="cpp">
        <ThrPart clName="Outcome" detMsg="Outcome: char ** _argv =NULL" prnMsg="Outcome: char ** _argv =NULL">
          <Trace clName="" metName="" fileName="/Example/tests/autogenerated/Example/TestSuite_example_cpp.cpp" ln="289" fhash="0" hash="391591439" />
        </ThrPart>
      </Thr>
    </ExecViol>
    <ExecViol actVal="" expectVal="" ln="305" auth="root" sym="/Example/Example/example.cpp" verifBy="" testCaseOrig="1" cat="6" lang="cpp" urgent="true" testName="TestSuite_example_cpp_4bbe92e3::test_main_3" sev="3" tool="c++test" testId="CPP://6522350529816137475" locType="sr" config="1" hash="391591439" testCaseId="-1125203426344546858" locStartln="305" locStartPos="0" locEndLn="305" locEndPos="1" locFile="/Example/tests/autogenerated/Example/TestSuite_example_cpp.cpp">
      <Thr lang="cpp">
        <ThrPart clName="Outcome" detMsg="Outcome: int _return=0" prnMsg="Outcome: int _return=0">
          <Trace clName="" metName="" fileName="/Example/tests/autogenerated/Example/TestSuite_example_cpp.cpp" ln="305" fhash="0" hash="391591439" />
        </ThrPart>
      </Thr>
    </ExecViol>
    <ExecViol actVal="" expectVal="" ln="306" auth="root" sym="/Example/Example/example.cpp" verifBy="" testCaseOrig="1" cat="6" lang="cpp" urgent="true" testName="TestSuite_example_cpp_4bbe92e3::test_main_3" sev="3" tool="c++test" testId="CPP://6522350529816137475" locType="sr" config="1" hash="391591439" testCaseId="-1125203426344546858" locStartln="306" locStartPos="0" locEndLn="306" locEndPos="1" locFile="/Example/tests/autogenerated/Example/TestSuite_example_cpp.cpp">
      <Thr lang="cpp">
        <ThrPart clName="Outcome" detMsg="Outcome: char ** _argv =NULL" prnMsg="Outcome: char ** _argv =NULL">
          <Trace clName="" metName="" fileName="/Example/tests/autogenerated/Example/TestSuite_example_cpp.cpp" ln="306" fhash="0" hash="391591439" />
        </ThrPart>
      </Thr>
    </ExecViol>
    <ExecViol actVal="" expectVal="" ln="324" auth="root" sym="/Example/Example/example.cpp" verifBy="" testCaseOrig="1" cat="6" lang="cpp" urgent="true" testName="TestSuite_example_cpp_4bbe92e3::test_main_4" sev="3" tool="c++test" testId="CPP://6522350529816137506" locType="sr" config="1" hash="391591439" testCaseId="-1125203426344546113" locStartln="324" locStartPos="0" locEndLn="324" locEndPos="1" locFile="/Example/tests/autogenerated/Example/TestSuite_example_cpp.cpp">
      <Thr lang="cpp">
        <ThrPart clName="Outcome" detMsg="Outcome: int _return=0" prnMsg="Outcome: int _return=0">
          <Trace clName="" metName="" fileName="/Example/tests/autogenerated/Example/TestSuite_example_cpp.cpp" ln="324" fhash="0" hash="391591439" />
        </ThrPart>
      </Thr>
    </ExecViol>
    <ExecViol actVal="" expectVal="" ln="325" auth="root" sym="/Example/Example/example.cpp" verifBy="" testCaseOrig="1" cat="6" lang="cpp" urgent="true" testName="TestSuite_example_cpp_4bbe92e3::test_main_4" sev="3" tool="c++test" testId="CPP://6522350529816137506" locType="sr" config="1" hash="391591439" testCaseId="-1125203426344546113" locStartln="325" locStartPos="0" locEndLn="325" locEndPos="1" locFile="/Example/tests/autogenerated/Example/TestSuite_example_cpp.cpp">
      <Thr lang="cpp">
        <ThrPart clName="Outcome" detMsg="Outcome: char ** _argv =NOT_NULL" prnMsg="Outcome: char ** _argv =NOT_NULL">
          <Trace clName="" metName="" fileName="/Example/tests/autogenerated/Example/TestSuite_example_cpp.cpp" ln="325" fhash="0" hash="391591439" />
        </ThrPart>
      </Thr>
    </ExecViol>
    <ExecViol actVal="" expectVal="" ln="343" auth="root" sym="/Example/Example/example.cpp" verifBy="" testCaseOrig="1" cat="6" lang="cpp" urgent="true" testName="TestSuite_example_cpp_4bbe92e3::test_main_5" sev="3" tool="c++test" testId="CPP://6522350529816137537" locType="sr" config="1" hash="391591439" testCaseId="-1125203426344546019" locStartln="343" locStartPos="0" locEndLn="343" locEndPos="1" locFile="/Example/tests/autogenerated/Example/TestSuite_example_cpp.cpp">
      <Thr lang="cpp">
        <ThrPart clName="Outcome" detMsg="Outcome: int _return=0" prnMsg="Outcome: int _return=0">
          <Trace clName="" metName="" fileName="/Example/tests/autogenerated/Example/TestSuite_example_cpp.cpp" ln="343" fhash="0" hash="391591439" />
        </ThrPart>
      </Thr>
    </ExecViol>
    <ExecViol actVal="" expectVal="" ln="344" auth="root" sym="/Example/Example/example.cpp" verifBy="" testCaseOrig="1" cat="6" lang="cpp" urgent="true" testName="TestSuite_example_cpp_4bbe92e3::test_main_5" sev="3" tool="c++test" testId="CPP://6522350529816137537" locType="sr" config="1" hash="391591439" testCaseId="-1125203426344546019" locStartln="344" locStartPos="0" locEndLn="344" locEndPos="1" locFile="/Example/tests/autogenerated/Example/TestSuite_example_cpp.cpp">
      <Thr lang="cpp">
        <ThrPart clName="Outcome" detMsg="Outcome: char ** _argv =NOT_NULL" prnMsg="Outcome: char ** _argv =NOT_NULL">
          <Trace clName="" metName="" fileName="/Example/tests/autogenerated/Example/TestSuite_example_cpp.cpp" ln="344" fhash="0" hash="391591439" />
        </ThrPart>
      </Thr>
    </ExecViol>
    <ExecViol actVal="" expectVal="" ln="362" auth="root" sym="/Example/Example/example.cpp" verifBy="" testCaseOrig="1" cat="6" lang="cpp" urgent="true" testName="TestSuite_example_cpp_4bbe92e3::test_main_6" sev="3" tool="c++test" testId="CPP://6522350529816137568" locType="sr" config="1" hash="391591439" testCaseId="-1125203426344545925" locStartln="362" locStartPos="0" locEndLn="362" locEndPos="1" locFile="/Example/tests/autogenerated/Example/TestSuite_example_cpp.cpp">
      <Thr lang="cpp">
        <ThrPart clName="Outcome" detMsg="Outcome: int _return=0" prnMsg="Outcome: int _return=0">
          <Trace clName="" metName="" fileName="/Example/tests/autogenerated/Example/TestSuite_example_cpp.cpp" ln="362" fhash="0" hash="391591439" />
        </ThrPart>
      </Thr>
    </ExecViol>
    <ExecViol actVal="" expectVal="" ln="363" auth="root" sym="/Example/Example/example.cpp" verifBy="" testCaseOrig="1" cat="6" lang="cpp" urgent="true" testName="TestSuite_example_cpp_4bbe92e3::test_main_6" sev="3" tool="c++test" testId="CPP://6522350529816137568" locType="sr" config="1" hash="391591439" testCaseId="-1125203426344545925" locStartln="363" locStartPos="0" locEndLn="363" locEndPos="1" locFile="/Example/tests/autogenerated/Example/TestSuite_example_cpp.cpp">
      <Thr lang="cpp">
        <ThrPart clName="Outcome" detMsg="Outcome: char ** _argv =NOT_NULL" prnMsg="Outcome: char ** _argv =NOT_NULL">
          <Trace clName="" metName="" fileName="/Example/tests/autogenerated/Example/TestSuite_example_cpp.cpp" ln="363" fhash="0" hash="391591439" />
        </ThrPart>
      </Thr>
    </ExecViol>
    <ExecViol actVal="" expectVal="" ln="381" auth="root" sym="/Example/Example/example.cpp" verifBy="" testCaseOrig="1" cat="6" lang="cpp" urgent="true" testName="TestSuite_example_cpp_4bbe92e3::test_main_7" sev="3" tool="c++test" testId="CPP://6522350529816137599" locType="sr" config="1" hash="391591439" testCaseId="-1125203426344545831" locStartln="381" locStartPos="0" locEndLn="381" locEndPos="1" locFile="/Example/tests/autogenerated/Example/TestSuite_example_cpp.cpp">
      <Thr lang="cpp">
        <ThrPart clName="Outcome" detMsg="Outcome: int _return=0" prnMsg="Outcome: int _return=0">
          <Trace clName="" metName="" fileName="/Example/tests/autogenerated/Example/TestSuite_example_cpp.cpp" ln="381" fhash="0" hash="391591439" />
        </ThrPart>
      </Thr>
    </ExecViol>
    <ExecViol actVal="" expectVal="" ln="382" auth="root" sym="/Example/Example/example.cpp" verifBy="" testCaseOrig="1" cat="6" lang="cpp" urgent="true" testName="TestSuite_example_cpp_4bbe92e3::test_main_7" sev="3" tool="c++test" testId="CPP://6522350529816137599" locType="sr" config="1" hash="391591439" testCaseId="-1125203426344545831" locStartln="382" locStartPos="0" locEndLn="382" locEndPos="1" locFile="/Example/tests/autogenerated/Example/TestSuite_example_cpp.cpp">
      <Thr lang="cpp">
        <ThrPart clName="Outcome" detMsg="Outcome: char ** _argv =NOT_NULL" prnMsg="Outcome: char ** _argv =NOT_NULL">
          <Trace clName="" metName="" fileName="/Example/tests/autogenerated/Example/TestSuite_example_cpp.cpp" ln="382" fhash="0" hash="391591439" />
        </ThrPart>
      </Thr>
    </ExecViol>
    <ExecViol actVal="" expectVal="" ln="400" auth="root" sym="/Example/Example/example.cpp" verifBy="" testCaseOrig="1" cat="6" lang="cpp" urgent="true" testName="TestSuite_example_cpp_4bbe92e3::test_main_8" sev="3" tool="c++test" testId="CPP://6522350529816137630" locType="sr" config="1" hash="391591439" testCaseId="-1125203426344545065" locStartln="400" locStartPos="0" locEndLn="400" locEndPos="1" locFile="/Example/tests/autogenerated/Example/TestSuite_example_cpp.cpp">
      <Thr lang="cpp">
        <ThrPart clName="Outcome" detMsg="Outcome: int _return=0" prnMsg="Outcome: int _return=0">
          <Trace clName="" metName="" fileName="/Example/tests/autogenerated/Example/TestSuite_example_cpp.cpp" ln="400" fhash="0" hash="391591439" />
        </ThrPart>
      </Thr>
    </ExecViol>
    <ExecViol actVal="" expectVal="" ln="401" auth="root" sym="/Example/Example/example.cpp" verifBy="" testCaseOrig="1" cat="6" lang="cpp" urgent="true" testName="TestSuite_example_cpp_4bbe92e3::test_main_8" sev="3" tool="c++test" testId="CPP://6522350529816137630" locType="sr" config="1" hash="391591439" testCaseId="-1125203426344545065" locStartln="401" locStartPos="0" locEndLn="401" locEndPos="1" locFile="/Example/tests/autogenerated/Example/TestSuite_example_cpp.cpp">
      <Thr lang="cpp">
        <ThrPart clName="Outcome" detMsg="Outcome: char ** _argv =NOT_NULL" prnMsg="Outcome: char ** _argv =NOT_NULL">
          <Trace clName="" metName="" fileName="/Example/tests/autogenerated/Example/TestSuite_example_cpp.cpp" ln="401" fhash="0" hash="391591439" />
        </ThrPart>
      </Thr>
    </ExecViol>
    <ExecViol actVal="" expectVal="" ln="419" auth="root" sym="/Example/Example/example.cpp" verifBy="" testCaseOrig="1" cat="6" lang="cpp" urgent="true" testName="TestSuite_example_cpp_4bbe92e3::test_main_9" sev="3" tool="c++test" testId="CPP://6522350529816137661" locType="sr" config="1" hash="391591439" testCaseId="-1125203426344544971" locStartln="419" locStartPos="0" locEndLn="419" locEndPos="1" locFile="/Example/tests/autogenerated/Example/TestSuite_example_cpp.cpp">
      <Thr lang="cpp">
        <ThrPart clName="Outcome" detMsg="Outcome: int _return=0" prnMsg="Outcome: int _return=0">
          <Trace clName="" metName="" fileName="/Example/tests/autogenerated/Example/TestSuite_example_cpp.cpp" ln="419" fhash="0" hash="391591439" />
        </ThrPart>
      </Thr>
    </ExecViol>
    <ExecViol actVal="" expectVal="" ln="420" auth="root" sym="/Example/Example/example.cpp" verifBy="" testCaseOrig="1" cat="6" lang="cpp" urgent="true" testName="TestSuite_example_cpp_4bbe92e3::test_main_9" sev="3" tool="c++test" testId="CPP://6522350529816137661" locType="sr" config="1" hash="391591439" testCaseId="-1125203426344544971" locStartln="420" locStartPos="0" locEndLn="420" locEndPos="1" locFile="/Example/tests/autogenerated/Example/TestSuite_example_cpp.cpp">
      <Thr lang="cpp">
        <ThrPart clName="Outcome" detMsg="Outcome: char ** _argv =NOT_NULL" prnMsg="Outcome: char ** _argv =NOT_NULL">
          <Trace clName="" metName="" fileName="/Example/tests/autogenerated/Example/TestSuite_example_cpp.cpp" ln="420" fhash="0" hash="391591439" />
        </ThrPart>
      </Thr>
    </ExecViol>
  </ExecViols>

      
      <Categories>
         <Category desc="" id="5" label="Fix Runtime Error Detection Violations" label0="Fix Runtime Error Detection" label1="Violations" name="Runtime Error Detection Violations">
            <SubCategory id="9" name="Runtime Violations" short="runtime violation" />
            <SubCategory id="17" name="Memory" short="Memory" />
         </Category>
         <Category desc="This represents the tasks arising from tests that have already been reviewed. This includes exceptions that have been marked as expected, assertion failures from previously reviewed tests, and any other kind of unexpected behavior that needs to be looked at (such as timeouts)." id="0" label="Fix Unit Test Problems" label0="Fix Unit Test" label1="Problems" name="Unit Test Problems">
            <SubCategory id="0" name="Runtime Exceptions" short="exception" />
            <SubCategory id="1" name="Assertion Failures" short="failure" />
            <SubCategory id="14" name="Execution Problems" short="execution problem" />
            <SubCategory id="15" name="Test Problems" short="test problem" />
         </Category>
         <Category desc="These are outcomes from automatically generated tests that did not result in exceptions or assertion failures. The user just has to review and ensure that the outcome is appropriate (and convert them to assertions if they are not already represented as assertions)." id="3" label="Review Unit Test Outcomes" label0="Review Unit Test" label1="Outcomes" name="Unit Test Outcomes">
            <SubCategory id="6" name="Unverified Outcomes" short="unverified outcome" />
         </Category>
      </Categories>
      <Summary>
         <Total>
            <CategoryErrors authCount="0;" authUrgCount="0;" cat="5" count="0">
               <SubCategoryErrors authCount="0;" authUrgCount="0;" count="0" subCat="9" />
               <SubCategoryErrors authCount="0;" authUrgCount="0;" count="0" subCat="17" />
            </CategoryErrors>
            <CategoryErrors authCount="0;" authUrgCount="0;" cat="0" count="0">
               <SubCategoryErrors authCount="0;" authUrgCount="0;" count="0" subCat="0" />
               <SubCategoryErrors authCount="0;" authUrgCount="0;" count="0" subCat="1" />
               <SubCategoryErrors authCount="0;" authUrgCount="0;" count="0" subCat="14" />
               <SubCategoryErrors authCount="0;" authUrgCount="0;" count="0" subCat="15" />
            </CategoryErrors>
            <CategoryErrors authCount="30;" authUrgCount="30;" cat="3" count="30">
               <SubCategoryErrors authCount="30;" authUrgCount="30;" count="30" subCat="6">
                  <TypeErrors authCount="30;" authUrgCount="30;" count="30" name="Outcome" />
               </SubCategoryErrors>
            </CategoryErrors>
         </Total>
         <Projects>
            <Project changed="0" fail="0" name="Example" pass="25" testCases="25">
               <ProjectErrors cat="5" count="0" />
               <ProjectErrors cat="0" count="0" />
               <ProjectErrors cat="3" count="30" />
            </Project>
         </Projects>
      </Summary>
      <Coverage>
         <Types>
            <CvgType cvgDecor="marker" dispCvg="executable lines" dispId="LC" dispName="Line Coverage" dispNoCvg="no executable lines" id="LC" />
         </Types>
         <CvgStats>
            <CvgInfo elem="Total" exp="1" num="13" total="13" val="100">
               <CvgInfo elem="Example" exp="1" num="13" total="13" val="100">
                  <CvgInfo elem="Example" exp="1" num="13" total="13" val="100">
                     <CvgInfo elem="example.cpp" loc="/Example/Example/example.cpp" num="13" total="13" val="100">
                        <CvgInfo elem="foo(int)" num="5" total="5" val="100" />
                        <CvgInfo elem="main" num="6" total="6" val="100" />
                        <CvgInfo elem="test(int)" num="2" total="2" val="100" />
                     </CvgInfo>
                  </CvgInfo>
               </CvgInfo>
            </CvgInfo>
         </CvgStats>
         
         
      </Coverage>
   </Exec>
   <AssocUrls />
</ResultsSession>