<com.atlassian.bitbucket.jenkins.internal.config.BitbucketPluginConfiguration plugin="atlassian-bitbucket-server-integration@2.1.0">
  <serverList>
    <atl-bbs-configuration>
      <adminCredentialsId>c54df46f-5400-4e88-906f-655c656375c7</adminCredentialsId>
      <credentialsId>44d78e89-0648-4f7b-938d-8daab5ec627e</credentialsId>
      <id>ac5b2bba-0b67-4095-ace5-2113de20c8ec</id>
      <baseUrl>https://stash.gordonknight.co.uk:8443</baseUrl>
      <serverName>Home BitBucket</serverName>
    </atl-bbs-configuration>
  </serverList>
</com.atlassian.bitbucket.jenkins.internal.config.BitbucketPluginConfiguration>