<com.sic.plugins.kpp.provider.KPPKeychainsProvider plugin="kpp-management-plugin@1.0.0">
  <defaultConfigXmlFileName>com.sic.plugins.kpp.provider.KPPKeychainsProvider.xml</defaultConfigXmlFileName>
  <keychains>
    <com.sic.plugins.kpp.model.KPPKeychain>
      <fileName>login.keychain</fileName>
      <description>Derek's own keychain</description>
      <password>{AQAAABAAAAAQDoR7ZMKZzLYLZzoU1c559al/Cbj3eBRecFMAwW3K5zk=}</password>
      <certificates>
        <com.sic.plugins.kpp.model.KPPCertificate>
          <codeSigningIdentityName>iPhone Developer: Derek Knight (7EZFN68R48)</codeSigningIdentityName>
        </com.sic.plugins.kpp.model.KPPCertificate>
        <com.sic.plugins.kpp.model.KPPCertificate>
          <codeSigningIdentityName>iPhone Distribution: Derek Knight (DX8B97QV93)</codeSigningIdentityName>
        </com.sic.plugins.kpp.model.KPPCertificate>
      </certificates>
    </com.sic.plugins.kpp.model.KPPKeychain>
  </keychains>
</com.sic.plugins.kpp.provider.KPPKeychainsProvider>