<com.cloudbees.jenkins.plugins.bitbucket.endpoints.BitbucketEndpointConfiguration plugin="cloudbees-bitbucket-branch-source@2.9.4">
  <endpoints>
    <com.cloudbees.jenkins.plugins.bitbucket.endpoints.BitbucketServerEndpoint>
      <manageHooks>true</manageHooks>
      <credentialsId>MOUNT_USER</credentialsId>
      <displayName>Home Bitbucket</displayName>
      <serverUrl>https://stash.gordonknight.co.uk:8443</serverUrl>
      <webhookImplementation>NATIVE</webhookImplementation>
      <serverVersion>VERSION_7</serverVersion>
      <callCanMerge>false</callCanMerge>
      <callChanges>false</callChanges>
    </com.cloudbees.jenkins.plugins.bitbucket.endpoints.BitbucketServerEndpoint>
  </endpoints>
</com.cloudbees.jenkins.plugins.bitbucket.endpoints.BitbucketEndpointConfiguration>