<com.sic.plugins.kpp.provider.KPPProvisioningProfilesProvider plugin="kpp-management-plugin@1.0.0">
  <defaultConfigXmlFileName>com.sic.plugins.kpp.provider.KPPProvisioningProfilesProvider.xml</defaultConfigXmlFileName>
  <provisioningProfiles>
    <com.sic.plugins.kpp.model.KPPProvisioningProfile>
      <fileName>Programmers_Notebook_OSX.mobileprovision</fileName>
    </com.sic.plugins.kpp.model.KPPProvisioningProfile>
    <com.sic.plugins.kpp.model.KPPProvisioningProfile>
      <fileName>Programmers_Notebook_Document_Kit_OSX.mobileprovision</fileName>
    </com.sic.plugins.kpp.model.KPPProvisioningProfile>
    <com.sic.plugins.kpp.model.KPPProvisioningProfile>
      <fileName>Derek_Knight_Development.mobileprovision</fileName>
    </com.sic.plugins.kpp.model.KPPProvisioningProfile>
    <com.sic.plugins.kpp.model.KPPProvisioningProfile>
      <fileName>Programmers_Notebook_Document_Kit_iOS.mobileprovision</fileName>
    </com.sic.plugins.kpp.model.KPPProvisioningProfile>
    <com.sic.plugins.kpp.model.KPPProvisioningProfile>
      <fileName>Programmers_Notebook_iOS.mobileprovision</fileName>
    </com.sic.plugins.kpp.model.KPPProvisioningProfile>
    <com.sic.plugins.kpp.model.KPPProvisioningProfile>
      <fileName>NetStatus_Development.mobileprovision</fileName>
    </com.sic.plugins.kpp.model.KPPProvisioningProfile>
    <com.sic.plugins.kpp.model.KPPProvisioningProfile>
      <fileName>Simduino_development.mobileprovision</fileName>
    </com.sic.plugins.kpp.model.KPPProvisioningProfile>
    <com.sic.plugins.kpp.model.KPPProvisioningProfile>
      <fileName>Weather_Development.mobileprovision</fileName>
    </com.sic.plugins.kpp.model.KPPProvisioningProfile>
  </provisioningProfiles>
  <provisioningProfilesPath/>
</com.sic.plugins.kpp.provider.KPPProvisioningProfilesProvider>