<hudson.plugins.ansicolor.AnsiColorBuildWrapper_-DescriptorImpl plugin="ansicolor@0.7.3">
  <colorMaps>
    <hudson.plugins.ansicolor.AnsiColorMap>
      <name>xterm</name>
      <normalMap class="enum-map" enum-type="hudson.plugins.ansicolor.AnsiColorMap$Color">
        <entry>
          <hudson.plugins.ansicolor.AnsiColorMap_-Color>BLACK</hudson.plugins.ansicolor.AnsiColorMap_-Color>
          <string>#000000</string>
        </entry>
        <entry>
          <hudson.plugins.ansicolor.AnsiColorMap_-Color>RED</hudson.plugins.ansicolor.AnsiColorMap_-Color>
          <string>#CD0000</string>
        </entry>
        <entry>
          <hudson.plugins.ansicolor.AnsiColorMap_-Color>GREEN</hudson.plugins.ansicolor.AnsiColorMap_-Color>
          <string>#00CD00</string>
        </entry>
        <entry>
          <hudson.plugins.ansicolor.AnsiColorMap_-Color>YELLOW</hudson.plugins.ansicolor.AnsiColorMap_-Color>
          <string>#CDCD00</string>
        </entry>
        <entry>
          <hudson.plugins.ansicolor.AnsiColorMap_-Color>BLUE</hudson.plugins.ansicolor.AnsiColorMap_-Color>
          <string>#1E90FF</string>
        </entry>
        <entry>
          <hudson.plugins.ansicolor.AnsiColorMap_-Color>MAGENTA</hudson.plugins.ansicolor.AnsiColorMap_-Color>
          <string>#CD00CD</string>
        </entry>
        <entry>
          <hudson.plugins.ansicolor.AnsiColorMap_-Color>CYAN</hudson.plugins.ansicolor.AnsiColorMap_-Color>
          <string>#00CDCD</string>
        </entry>
        <entry>
          <hudson.plugins.ansicolor.AnsiColorMap_-Color>WHITE</hudson.plugins.ansicolor.AnsiColorMap_-Color>
          <string>#E5E5E5</string>
        </entry>
      </normalMap>
      <brightMap class="enum-map" enum-type="hudson.plugins.ansicolor.AnsiColorMap$Color">
        <entry>
          <hudson.plugins.ansicolor.AnsiColorMap_-Color>BLACK</hudson.plugins.ansicolor.AnsiColorMap_-Color>
          <string>#4C4C4C</string>
        </entry>
        <entry>
          <hudson.plugins.ansicolor.AnsiColorMap_-Color>RED</hudson.plugins.ansicolor.AnsiColorMap_-Color>
          <string>#FF0000</string>
        </entry>
        <entry>
          <hudson.plugins.ansicolor.AnsiColorMap_-Color>GREEN</hudson.plugins.ansicolor.AnsiColorMap_-Color>
          <string>#00FF00</string>
        </entry>
        <entry>
          <hudson.plugins.ansicolor.AnsiColorMap_-Color>YELLOW</hudson.plugins.ansicolor.AnsiColorMap_-Color>
          <string>#FFFF00</string>
        </entry>
        <entry>
          <hudson.plugins.ansicolor.AnsiColorMap_-Color>BLUE</hudson.plugins.ansicolor.AnsiColorMap_-Color>
          <string>#4682B4</string>
        </entry>
        <entry>
          <hudson.plugins.ansicolor.AnsiColorMap_-Color>MAGENTA</hudson.plugins.ansicolor.AnsiColorMap_-Color>
          <string>#FF00FF</string>
        </entry>
        <entry>
          <hudson.plugins.ansicolor.AnsiColorMap_-Color>CYAN</hudson.plugins.ansicolor.AnsiColorMap_-Color>
          <string>#00FFFF</string>
        </entry>
        <entry>
          <hudson.plugins.ansicolor.AnsiColorMap_-Color>WHITE</hudson.plugins.ansicolor.AnsiColorMap_-Color>
          <string>#FFFFFF</string>
        </entry>
      </brightMap>
    </hudson.plugins.ansicolor.AnsiColorMap>
    <hudson.plugins.ansicolor.AnsiColorMap>
      <name>vga</name>
      <normalMap class="enum-map" enum-type="hudson.plugins.ansicolor.AnsiColorMap$Color">
        <entry>
          <hudson.plugins.ansicolor.AnsiColorMap_-Color>BLACK</hudson.plugins.ansicolor.AnsiColorMap_-Color>
          <string>#000000</string>
        </entry>
        <entry>
          <hudson.plugins.ansicolor.AnsiColorMap_-Color>RED</hudson.plugins.ansicolor.AnsiColorMap_-Color>
          <string>#AA0000</string>
        </entry>
        <entry>
          <hudson.plugins.ansicolor.AnsiColorMap_-Color>GREEN</hudson.plugins.ansicolor.AnsiColorMap_-Color>
          <string>#00AA00</string>
        </entry>
        <entry>
          <hudson.plugins.ansicolor.AnsiColorMap_-Color>YELLOW</hudson.plugins.ansicolor.AnsiColorMap_-Color>
          <string>#AA5500</string>
        </entry>
        <entry>
          <hudson.plugins.ansicolor.AnsiColorMap_-Color>BLUE</hudson.plugins.ansicolor.AnsiColorMap_-Color>
          <string>#0000AA</string>
        </entry>
        <entry>
          <hudson.plugins.ansicolor.AnsiColorMap_-Color>MAGENTA</hudson.plugins.ansicolor.AnsiColorMap_-Color>
          <string>#AA00AA</string>
        </entry>
        <entry>
          <hudson.plugins.ansicolor.AnsiColorMap_-Color>CYAN</hudson.plugins.ansicolor.AnsiColorMap_-Color>
          <string>#00AAAA</string>
        </entry>
        <entry>
          <hudson.plugins.ansicolor.AnsiColorMap_-Color>WHITE</hudson.plugins.ansicolor.AnsiColorMap_-Color>
          <string>#AAAAAA</string>
        </entry>
      </normalMap>
      <brightMap class="enum-map" enum-type="hudson.plugins.ansicolor.AnsiColorMap$Color">
        <entry>
          <hudson.plugins.ansicolor.AnsiColorMap_-Color>BLACK</hudson.plugins.ansicolor.AnsiColorMap_-Color>
          <string>#555555</string>
        </entry>
        <entry>
          <hudson.plugins.ansicolor.AnsiColorMap_-Color>RED</hudson.plugins.ansicolor.AnsiColorMap_-Color>
          <string>#FF5555</string>
        </entry>
        <entry>
          <hudson.plugins.ansicolor.AnsiColorMap_-Color>GREEN</hudson.plugins.ansicolor.AnsiColorMap_-Color>
          <string>#55FF55</string>
        </entry>
        <entry>
          <hudson.plugins.ansicolor.AnsiColorMap_-Color>YELLOW</hudson.plugins.ansicolor.AnsiColorMap_-Color>
          <string>#FFFF55</string>
        </entry>
        <entry>
          <hudson.plugins.ansicolor.AnsiColorMap_-Color>BLUE</hudson.plugins.ansicolor.AnsiColorMap_-Color>
          <string>#5555FF</string>
        </entry>
        <entry>
          <hudson.plugins.ansicolor.AnsiColorMap_-Color>MAGENTA</hudson.plugins.ansicolor.AnsiColorMap_-Color>
          <string>#FF55FF</string>
        </entry>
        <entry>
          <hudson.plugins.ansicolor.AnsiColorMap_-Color>CYAN</hudson.plugins.ansicolor.AnsiColorMap_-Color>
          <string>#55FFFF</string>
        </entry>
        <entry>
          <hudson.plugins.ansicolor.AnsiColorMap_-Color>WHITE</hudson.plugins.ansicolor.AnsiColorMap_-Color>
          <string>#FFFFFF</string>
        </entry>
      </brightMap>
      <defaultForeground>7</defaultForeground>
      <defaultBackground>0</defaultBackground>
    </hudson.plugins.ansicolor.AnsiColorMap>
    <hudson.plugins.ansicolor.AnsiColorMap>
      <name>css</name>
      <normalMap class="enum-map" enum-type="hudson.plugins.ansicolor.AnsiColorMap$Color">
        <entry>
          <hudson.plugins.ansicolor.AnsiColorMap_-Color>BLACK</hudson.plugins.ansicolor.AnsiColorMap_-Color>
          <string>black</string>
        </entry>
        <entry>
          <hudson.plugins.ansicolor.AnsiColorMap_-Color>RED</hudson.plugins.ansicolor.AnsiColorMap_-Color>
          <string>red</string>
        </entry>
        <entry>
          <hudson.plugins.ansicolor.AnsiColorMap_-Color>GREEN</hudson.plugins.ansicolor.AnsiColorMap_-Color>
          <string>green</string>
        </entry>
        <entry>
          <hudson.plugins.ansicolor.AnsiColorMap_-Color>YELLOW</hudson.plugins.ansicolor.AnsiColorMap_-Color>
          <string>yellow</string>
        </entry>
        <entry>
          <hudson.plugins.ansicolor.AnsiColorMap_-Color>BLUE</hudson.plugins.ansicolor.AnsiColorMap_-Color>
          <string>blue</string>
        </entry>
        <entry>
          <hudson.plugins.ansicolor.AnsiColorMap_-Color>MAGENTA</hudson.plugins.ansicolor.AnsiColorMap_-Color>
          <string>magenta</string>
        </entry>
        <entry>
          <hudson.plugins.ansicolor.AnsiColorMap_-Color>CYAN</hudson.plugins.ansicolor.AnsiColorMap_-Color>
          <string>cyan</string>
        </entry>
        <entry>
          <hudson.plugins.ansicolor.AnsiColorMap_-Color>WHITE</hudson.plugins.ansicolor.AnsiColorMap_-Color>
          <string>white</string>
        </entry>
      </normalMap>
      <brightMap class="enum-map" enum-type="hudson.plugins.ansicolor.AnsiColorMap$Color">
        <entry>
          <hudson.plugins.ansicolor.AnsiColorMap_-Color>BLACK</hudson.plugins.ansicolor.AnsiColorMap_-Color>
          <string>black</string>
        </entry>
        <entry>
          <hudson.plugins.ansicolor.AnsiColorMap_-Color>RED</hudson.plugins.ansicolor.AnsiColorMap_-Color>
          <string>red</string>
        </entry>
        <entry>
          <hudson.plugins.ansicolor.AnsiColorMap_-Color>GREEN</hudson.plugins.ansicolor.AnsiColorMap_-Color>
          <string>green</string>
        </entry>
        <entry>
          <hudson.plugins.ansicolor.AnsiColorMap_-Color>YELLOW</hudson.plugins.ansicolor.AnsiColorMap_-Color>
          <string>yellow</string>
        </entry>
        <entry>
          <hudson.plugins.ansicolor.AnsiColorMap_-Color>BLUE</hudson.plugins.ansicolor.AnsiColorMap_-Color>
          <string>blue</string>
        </entry>
        <entry>
          <hudson.plugins.ansicolor.AnsiColorMap_-Color>MAGENTA</hudson.plugins.ansicolor.AnsiColorMap_-Color>
          <string>magenta</string>
        </entry>
        <entry>
          <hudson.plugins.ansicolor.AnsiColorMap_-Color>CYAN</hudson.plugins.ansicolor.AnsiColorMap_-Color>
          <string>cyan</string>
        </entry>
        <entry>
          <hudson.plugins.ansicolor.AnsiColorMap_-Color>WHITE</hudson.plugins.ansicolor.AnsiColorMap_-Color>
          <string>white</string>
        </entry>
      </brightMap>
    </hudson.plugins.ansicolor.AnsiColorMap>
    <hudson.plugins.ansicolor.AnsiColorMap>
      <name>gnome-terminal</name>
      <normalMap class="enum-map" enum-type="hudson.plugins.ansicolor.AnsiColorMap$Color">
        <entry>
          <hudson.plugins.ansicolor.AnsiColorMap_-Color>BLACK</hudson.plugins.ansicolor.AnsiColorMap_-Color>
          <string>#2E3436</string>
        </entry>
        <entry>
          <hudson.plugins.ansicolor.AnsiColorMap_-Color>RED</hudson.plugins.ansicolor.AnsiColorMap_-Color>
          <string>#CC0000</string>
        </entry>
        <entry>
          <hudson.plugins.ansicolor.AnsiColorMap_-Color>GREEN</hudson.plugins.ansicolor.AnsiColorMap_-Color>
          <string>#4E9A06</string>
        </entry>
        <entry>
          <hudson.plugins.ansicolor.AnsiColorMap_-Color>YELLOW</hudson.plugins.ansicolor.AnsiColorMap_-Color>
          <string>#C4A000</string>
        </entry>
        <entry>
          <hudson.plugins.ansicolor.AnsiColorMap_-Color>BLUE</hudson.plugins.ansicolor.AnsiColorMap_-Color>
          <string>#3465A4</string>
        </entry>
        <entry>
          <hudson.plugins.ansicolor.AnsiColorMap_-Color>MAGENTA</hudson.plugins.ansicolor.AnsiColorMap_-Color>
          <string>#75507B</string>
        </entry>
        <entry>
          <hudson.plugins.ansicolor.AnsiColorMap_-Color>CYAN</hudson.plugins.ansicolor.AnsiColorMap_-Color>
          <string>#06989A</string>
        </entry>
        <entry>
          <hudson.plugins.ansicolor.AnsiColorMap_-Color>WHITE</hudson.plugins.ansicolor.AnsiColorMap_-Color>
          <string>#D3D7CF</string>
        </entry>
      </normalMap>
      <brightMap class="enum-map" enum-type="hudson.plugins.ansicolor.AnsiColorMap$Color">
        <entry>
          <hudson.plugins.ansicolor.AnsiColorMap_-Color>BLACK</hudson.plugins.ansicolor.AnsiColorMap_-Color>
          <string>#2E3436</string>
        </entry>
        <entry>
          <hudson.plugins.ansicolor.AnsiColorMap_-Color>RED</hudson.plugins.ansicolor.AnsiColorMap_-Color>
          <string>#CC0000</string>
        </entry>
        <entry>
          <hudson.plugins.ansicolor.AnsiColorMap_-Color>GREEN</hudson.plugins.ansicolor.AnsiColorMap_-Color>
          <string>#4E9A06</string>
        </entry>
        <entry>
          <hudson.plugins.ansicolor.AnsiColorMap_-Color>YELLOW</hudson.plugins.ansicolor.AnsiColorMap_-Color>
          <string>#C4A000</string>
        </entry>
        <entry>
          <hudson.plugins.ansicolor.AnsiColorMap_-Color>BLUE</hudson.plugins.ansicolor.AnsiColorMap_-Color>
          <string>#3465A4</string>
        </entry>
        <entry>
          <hudson.plugins.ansicolor.AnsiColorMap_-Color>MAGENTA</hudson.plugins.ansicolor.AnsiColorMap_-Color>
          <string>#75507B</string>
        </entry>
        <entry>
          <hudson.plugins.ansicolor.AnsiColorMap_-Color>CYAN</hudson.plugins.ansicolor.AnsiColorMap_-Color>
          <string>#06989A</string>
        </entry>
        <entry>
          <hudson.plugins.ansicolor.AnsiColorMap_-Color>WHITE</hudson.plugins.ansicolor.AnsiColorMap_-Color>
          <string>#D3D7CF</string>
        </entry>
      </brightMap>
      <defaultForeground>7</defaultForeground>
      <defaultBackground>0</defaultBackground>
    </hudson.plugins.ansicolor.AnsiColorMap>
  </colorMaps>
</hudson.plugins.ansicolor.AnsiColorBuildWrapper_-DescriptorImpl>