<hudson.plugins.git.GitSCM_-DescriptorImpl plugin="git@4.4.5">
  <globalConfigName>Jenkins</globalConfigName>
  <globalConfigEmail>Jenkins@GordonKnight.co.uk</globalConfigEmail>
  <createAccountBasedOnEmail>false</createAccountBasedOnEmail>
  <useExistingAccountWithSameEmail>false</useExistingAccountWithSameEmail>
  <showEntireCommitSummaryInChanges>false</showEntireCommitSummaryInChanges>
  <hideCredentials>false</hideCredentials>
  <allowSecondFetch>false</allowSecondFetch>
  <disableGitToolChooser>false</disableGitToolChooser>
</hudson.plugins.git.GitSCM_-DescriptorImpl>