<io.jenkins.plugins.gitlabserverconfig.servers.GitLabServers plugin="gitlab-branch-source@1.5.1">
  <servers>
    <io.jenkins.plugins.gitlabserverconfig.servers.GitLabServer>
      <name>Home Gitlab</name>
      <serverUrl>https://gitlab.gordonknight.co.uk:6443</serverUrl>
      <manageWebHooks>true</manageWebHooks>
      <manageSystemHooks>true</manageSystemHooks>
      <credentialsId>HOME_GITLAB_USER</credentialsId>
      <hooksRootUrl/>
    </io.jenkins.plugins.gitlabserverconfig.servers.GitLabServer>
  </servers>
</io.jenkins.plugins.gitlabserverconfig.servers.GitLabServers>