<jenkins.plugins.publish__over__ftp.BapFtpPublisherPlugin_-Descriptor plugin="publish-over-ftp@1.15">
  <hostConfigurations>
    <jenkins.plugins.publish__over__ftp.BapFtpHostConfiguration>
      <name>Carbon App Store</name>
      <hostname>Carbon</hostname>
      <username>jenkins</username>
      <secretPassword>#secret#</secretPassword>
      <remoteRootDir>/webapps/appstore</remoteRootDir>
      <port>21</port>
      <timeout>300000</timeout>
      <useActiveData>true</useActiveData>
      <disableMakeNestedDirs>false</disableMakeNestedDirs>
      <disableRemoteVerification>false</disableRemoteVerification>
      <useFtpOverTls>false</useFtpOverTls>
      <useImplicitTls>false</useImplicitTls>
    </jenkins.plugins.publish__over__ftp.BapFtpHostConfiguration>
    <jenkins.plugins.publish__over__ftp.BapFtpHostConfiguration>
      <name>Carbon App Store Files</name>
      <hostname>Carbon</hostname>
      <username>jenkins</username>
      <secretPassword>#secret#</secretPassword>
      <remoteRootDir>/webapps/appstore/files</remoteRootDir>
      <port>21</port>
      <timeout>300000</timeout>
      <useActiveData>true</useActiveData>
      <disableMakeNestedDirs>false</disableMakeNestedDirs>
      <disableRemoteVerification>false</disableRemoteVerification>
      <useFtpOverTls>false</useFtpOverTls>
      <useImplicitTls>false</useImplicitTls>
    </jenkins.plugins.publish__over__ftp.BapFtpHostConfiguration>
  </hostConfigurations>
  <defaults class="jenkins.plugins.publish_over_ftp.options.FtpOverrideDefaults">
    <overrideInstanceConfig>
      <continueOnError>false</continueOnError>
      <failOnError>false</failOnError>
      <alwaysPublishFromMaster>false</alwaysPublishFromMaster>
    </overrideInstanceConfig>
    <overrideParamPublish>
      <parameterName/>
    </overrideParamPublish>
    <overridePublisher>
      <configName/>
      <useWorkspaceInPromotion>false</useWorkspaceInPromotion>
      <usePromotionTimestamp>false</usePromotionTimestamp>
      <verbose>false</verbose>
    </overridePublisher>
    <overridePublisherLabel>
      <label/>
    </overridePublisherLabel>
    <overrideRetry>
      <retries>0</retries>
      <retryDelay>10000</retryDelay>
    </overrideRetry>
    <overrideTransfer>
      <asciiMode>false</asciiMode>
      <sourceFiles/>
      <removePrefix/>
      <remoteDirectory/>
      <excludes/>
      <remoteDirectorySDF>false</remoteDirectorySDF>
      <flatten>false</flatten>
      <cleanRemote>false</cleanRemote>
      <noDefaultExcludes>false</noDefaultExcludes>
      <makeEmptyDirs>false</makeEmptyDirs>
      <patternSeparator>[, ]+</patternSeparator>
    </overrideTransfer>
  </defaults>
</jenkins.plugins.publish__over__ftp.BapFtpPublisherPlugin_-Descriptor>