<com.atlassian.bitbucket.jenkins.internal.applink.oauth.serviceprovider.consumer.PersistentServiceProviderConsumerStore plugin="atlassian-bitbucket-server-integration@2.1.0">
  <entityMap class="hudson.util.CopyOnWriteMap$Hash">
    <entry>
      <string>bitbucket-home</string>
      <com.atlassian.bitbucket.jenkins.internal.applink.oauth.serviceprovider.consumer.Consumer>
        <key>bitbucket-home</key>
        <name>Home Bitbucket</name>
        <description/>
        <callback-url>https://stash.gordonknight.co.uk:8443</callback-url>
        <signature-method>HMAC_SHA1</signature-method>
        <secret>bitbucket-home</secret>
      </com.atlassian.bitbucket.jenkins.internal.applink.oauth.serviceprovider.consumer.Consumer>
    </entry>
  </entityMap>
  <configFileName>oauth-consumers.xml</configFileName>
</com.atlassian.bitbucket.jenkins.internal.applink.oauth.serviceprovider.consumer.PersistentServiceProviderConsumerStore>