<org.jenkinsci.plugins.snsnotify.AmazonSNSNotifier_-DescriptorImpl plugin="snsnotify@1.13">
  <awsAccessKey>AKIAIGR2EAQCLKE5XVJA</awsAccessKey>
  <awsSecretKey>#secret#</awsSecretKey>
  <defaultTopicArn>arn:aws:sns:ap-southeast-2:191938605129:Jenkins</defaultTopicArn>
  <defaultMessageTemplate>${JOB_NAME} ${BUILD_PHASE}</defaultMessageTemplate>
  <defaultSendNotificationOnStart>true</defaultSendNotificationOnStart>
  <defaultLocalCredential>false</defaultLocalCredential>
  <defaultNotifyOnConsecutiveSuccesses>true</defaultNotifyOnConsecutiveSuccesses>
</org.jenkinsci.plugins.snsnotify.AmazonSNSNotifier_-DescriptorImpl>