<org.jenkinsci.plugins.ghprb.GhprbTrigger_-DescriptorImpl plugin="ghprb@1.42.1">
  <configVersion>1</configVersion>
  <whitelistPhrase>.*add\W+to\W+whitelist.*</whitelistPhrase>
  <okToTestPhrase>.*ok\W+to\W+test.*</okToTestPhrase>
  <retestPhrase>.*test\W+this\W+please.*</retestPhrase>
  <skipBuildPhrase>.*\[skip\W+ci\].*</skipBuildPhrase>
  <blackListCommitAuthor/>
  <cron>H/5 * * * *</cron>
  <useComments>false</useComments>
  <useDetailedComments>false</useDetailedComments>
  <manageWebhooks>true</manageWebhooks>
  <unstableAs>FAILURE</unstableAs>
  <autoCloseFailedPullRequests>false</autoCloseFailedPullRequests>
  <displayBuildErrorsOnDownstreamBuilds>false</displayBuildErrorsOnDownstreamBuilds>
  <blackListLabels/>
  <whiteListLabels/>
  <githubAuth>
    <org.jenkinsci.plugins.ghprb.GhprbGitHubAuth>
      <serverAPIUrl>https://api.github.com</serverAPIUrl>
      <credentialsId>41da9f21-2019-4b82-88d6-441e1fee0917</credentialsId>
      <id>0c3c0af0-432f-4b62-9890-0989cff44f88</id>
      <description>Anonymous connection</description>
      <secret>#secret#</secret>
    </org.jenkinsci.plugins.ghprb.GhprbGitHubAuth>
  </githubAuth>
  <adminlist/>
  <requestForTestingPhrase>Can one of the admins verify this patch?</requestForTestingPhrase>
  <extensions>
    <org.jenkinsci.plugins.ghprb.extensions.status.GhprbSimpleStatus>
      <commitStatusContext/>
      <triggeredStatus/>
      <startedStatus/>
      <statusUrl/>
      <addTestResults>false</addTestResults>
    </org.jenkinsci.plugins.ghprb.extensions.status.GhprbSimpleStatus>
  </extensions>
</org.jenkinsci.plugins.ghprb.GhprbTrigger_-DescriptorImpl>