<org.jenkinsci.plugins.stashNotifier.StashNotifier_-DescriptorImpl plugin="stashNotifier@1.20">
  <considerUnstableAsSuccess>false</considerUnstableAsSuccess>
  <credentialsId>2e2a1677-88a8-40c5-b23d-1248431d4a00</credentialsId>
  <disableInprogressNotification>false</disableInprogressNotification>
  <ignoreUnverifiedSsl>true</ignoreUnverifiedSsl>
  <includeBuildNumberInKey>true</includeBuildNumberInKey>
  <prependParentProjectKey>false</prependParentProjectKey>
  <stashRootUrl>https://stash.gordonknight.co.uk:8443</stashRootUrl>
</org.jenkinsci.plugins.stashNotifier.StashNotifier_-DescriptorImpl>