<?xml version="1.0"?>

<!DOCTYPE suppressions PUBLIC
    "-//Puppy Crawl//DTD Suppressions 1.1//EN"
    "http://www.puppycrawl.com/dtds/suppressions_1_1.dtd">

<suppressions>
  
	<suppress checks="[a-zA-Z0-9]*" files="[\\/]kn[\\/]salog[\\/]interfaces[\\/][a-zA-Z0-9_]*[\\/]xml[\\/]"/>
	<suppress checks="[a-zA-Z0-9]*" files="[\\/]kn[\\/]salog[\\/]interfaces[\\/][a-zA-Z0-9_]*[\\/]ws[\\/]"/>
	<suppress checks="[a-zA-Z0-9]*" files="[\\/]generated-sources[\\/]"/> 
	
    <suppress checks="[a-zA-Z0-9]*" files=".*Test\.java"/>
	<suppress checks="[a-zA-Z0-9]*" files=".*Mock*\.java"/>
    
	<suppress checks="Javadoc*" files="Service.java"/>    
    <suppress checks="Javadoc*" files="Facade.java"/>
	<suppress checks="Javadoc*" files="Dts.java"/>
	<suppress checks="Javadoc*" files="Dto.java"/>
	<suppress checks="Javadoc*" files="entity"/>
	<suppress checks="Javadoc*" files="datatypes"/>
	<suppress checks="Javadoc*" files="jnlp"/>
</suppressions>
        
                   
