<?xml version="1.0" encoding="UTF-8"?><!DOCTYPE module PUBLIC "-//Puppy Crawl//DTD Check Configuration 1.2//EN" "http://www.puppycrawl.com/dtds/configuration_1_2.dtd"><!-- Generated by Sonar -->
<module name="Checker">
    <module name="SuppressionCommentFilter" />
    <module name="SuppressionFilter">
        <property name="file" value="${suppressionsFile}" />
    </module>
    <module name="TreeWalker">
        <property name="cacheFile" value="target/cachefile" />
        <module name="MissingOverride">
            <property name="severity" value="warning" />
        </module>
        <module name="JavadocMethod">
            <property name="scope" value="public" />
            <property name="logLoadErrors" value="true" />
            <property name="suppressLoadErrors" value="true" />
            <property name="severity" value="warning" />
        </module>
        <module name="JavadocType">
            <property name="scope" value="package" />
            <property name="severity" value="warning" />
        </module>
        <module name="FileContentsHolder" />
        <module name="CyclomaticComplexity">
            <property name="severity" value="warning" />
            <property name="max" value="10" />
        </module>
        <module name="HiddenField">
            <property name="severity" value="warning" />
            <property name="tokens" value="VARIABLE_DEF" />
            <property name="ignoreConstructorParameter" value="true" />
            <property name="ignoreSetter" value="true" />
            <property name="ignoreAbstractMethods" value="true" />
        </module>        
        <module name="StringLiteralEquality">
            <property name="severity" value="warning" />
        </module>
        <module name="LocalVariableName">
            <property name="severity" value="warning" />
            <property name="format" value="^[a-z][a-zA-Z0-9]*$" />
        </module>
        <module name="MemberName">
            <property name="severity" value="warning" />
            <property name="format" value="^[a-z][a-zA-Z0-9]*$" />
            <property name="applyToPublic" value="true" />
            <property name="applyToProtected" value="true" />
            <property name="applyToPackage" value="true" />
            <property name="applyToPrivate" value="true" />
        </module>
        <module name="EqualsHashCode">
            <property name="severity" value="error" />
        </module>
        <module name="PackageName">
            <property name="severity" value="warning" />
            <property name="format" value="^[a-z]+(\.[a-zA-Z_][a-zA-Z0-9_]*)*$" />
        </module>
        <module name="EmptyStatement">
            <property name="severity" value="info" />
        </module>
        <module name="ConstantName">
            <property name="severity" value="info" />
            <property name="format" value="^[A-Z][A-Z0-9]*((_[A-Z0-9]+)|__[A-Z0-9]+)*$" />
            <property name="applyToPublic" value="true" />
            <property name="applyToProtected" value="true" />
            <property name="applyToPackage" value="true" />
            <property name="applyToPrivate" value="true" />
        </module>
        <module name="IllegalThrows">
            <property name="severity" value="warning" />
        </module>
        <module name="UnusedImports">
            <property name="severity" value="info" />           
            <property name="processJavadoc" value="true"/>           
        </module>
        <module name="AnonInnerLength">
            <property name="severity" value="warning" />
        </module>
        <module name="StaticVariableName">
            <property name="severity" value="warning" />
            <property name="format" value="^[a-z][a-zA-Z0-9]*$" />
            <property name="applyToPublic" value="true" />
            <property name="applyToProtected" value="true" />
            <property name="applyToPackage" value="true" />
            <property name="applyToPrivate" value="true" />
        </module>
        <module name="ParameterName">
            <property name="severity" value="warning" />
            <property name="format" value="^[a-z][a-zA-Z0-9]*$" />
        </module>
        <module name="MethodName">
            <property name="severity" value="warning" />
            <property name="format" value="^[a-z][a-zA-Z0-9]*$" />
            <property name="allowClassName" value="false" />
        </module>
        <module name="FinalClass">
            <property name="severity" value="warning" />
        </module>
        <module name="SimplifyBooleanReturn">
            <property name="severity" value="warning" />
        </module>
        <module name="SimplifyBooleanExpression">
            <property name="severity" value="warning" />
        </module>
        <module name="BooleanExpressionComplexity">
            <property name="severity" value="warning" />
        </module>
        <module name="DefaultComesLast">
            <property name="severity" value="warning" />
        </module>
        <module name="InnerAssignment">
            <property name="severity" value="warning" />
        </module>
        <module name="LocalFinalVariableName">
            <property name="severity" value="warning" />
            <property name="format" value="^[a-z][a-zA-Z0-9]*$" />
        </module>
    </module>
</module>