<FindBugsFilter>
     <Match>
       <Or>
         <Package name="~com\.kn\.salog\.interfaces\.[a-zA-Z0-9_]*\.xml.*" />
         <Package name="~com\.kn\.salog\.interfaces\.[a-zA-Z0-9_]*\.ws.*" />
       </Or>
     </Match>

     <!-- All bugs in test classes, except for JUnit-specific bugs -->
     <Match>
      <Class name="~.*\.*Test" />
      <Not>
          <Bug code="IJU" />
      </Not>
     </Match>
	 <Match>
      <Class name="~.*\.*Mock*" />      
     </Match>

</FindBugsFilter>