<?xml version='1.0' encoding='UTF-8'?>
<changelog>
	<entry>
		<changenumber><changeInfo>197376</changeInfo>
		<clientId>pnguyen_IPI</clientId>
		<msg>DTSK-622: Add prerequisite for Webview2 Evergreen installer
</msg>
		<changeUser>peter.nguyen4</changeUser>
		<changeTime>2022-07-21 14:09:57</changeTime>
		<shelved>false</shelved>
		<files>
		<file endRevision="#1" action="ADD" depot="%2F%2Fdepot%2FIPI%2Ftrunk%2FSource%2FBuildTools%2FInstaller%2FPrerequisites%2FWebview2Evergreen.prq" />
		</files>
		<jobs>
		</jobs>
		</changenumber>
	</entry>
	<entry>
		<changenumber><changeInfo>197375</changeInfo>
		<clientId>bld2_IPI-Trunk</clientId>
		<msg>VITA-16100 Setting version to 3.3.0.55</msg>
		<changeUser>svc.rms.builds</changeUser>
		<changeTime>2022-07-21 13:03:04</changeTime>
		<shelved>false</shelved>
		<files>
		<file endRevision="#3695" action="EDIT" depot="%2F%2Fdepot%2FIPI%2Ftrunk%2FSource%2FInformatics%2FDeviceProtocols%2FBISBinary%2FProperties%2FAssemblyInfo.cs" />
		<file endRevision="#3695" action="EDIT" depot="%2F%2Fdepot%2FIPI%2Ftrunk%2FSource%2FInformatics%2FDeviceProtocols%2FCapnostream%2FProperties%2FAssemblyInfo.cs" />
		<file endRevision="#3696" action="EDIT" depot="%2F%2Fdepot%2FIPI%2Ftrunk%2FSource%2FInformatics%2FDeviceProtocols%2FDataCaptorHL7%2FProperties%2FAssemblyInfo.cs" />
		<file endRevision="#3696" action="EDIT" depot="%2F%2Fdepot%2FIPI%2Ftrunk%2FSource%2FInformatics%2FDeviceProtocols%2FDataCaptorUnitConversions%2FProperties%2FAssemblyInfo.cs" />
		<file endRevision="#3696" action="EDIT" depot="%2F%2Fdepot%2FIPI%2Ftrunk%2FSource%2FInformatics%2FDeviceProtocols%2FHL7Management%2FProperties%2FAssemblyInfo.cs" />
		<file endRevision="#3695" action="EDIT" depot="%2F%2Fdepot%2FIPI%2Ftrunk%2FSource%2FInformatics%2FDeviceProtocols%2FInvos5100C%2FProperties%2FAssemblyInfo.cs" />
		<file endRevision="#3695" action="EDIT" depot="%2F%2Fdepot%2FIPI%2Ftrunk%2FSource%2FInformatics%2FDeviceProtocols%2FInvosCSP%2FProperties%2FAssemblyInfo.cs" />
		<file endRevision="#3695" action="EDIT" depot="%2F%2Fdepot%2FIPI%2Ftrunk%2FSource%2FInformatics%2FDeviceProtocols%2FMortuusPulsus%2FProperties%2FAssemblyInfo.cs" />
		<file endRevision="#3696" action="EDIT" depot="%2F%2Fdepot%2FIPI%2Ftrunk%2FSource%2FInformatics%2FDeviceProtocols%2FNellcorAscii%2FProperties%2FAssemblyInfo.cs" />
		<file endRevision="#3696" action="EDIT" depot="%2F%2Fdepot%2FIPI%2Ftrunk%2FSource%2FInformatics%2FDeviceProtocols%2FNellcorOridion%2FProperties%2FAssemblyInfo.cs" />
		<file endRevision="#3695" action="EDIT" depot="%2F%2Fdepot%2FIPI%2Ftrunk%2FSource%2FInformatics%2FDeviceProtocols%2FNewportHT70%2FProperties%2FAssemblyInfo.cs" />
		<file endRevision="#3696" action="EDIT" depot="%2F%2Fdepot%2FIPI%2Ftrunk%2FSource%2FInformatics%2FDeviceProtocols%2FPB840%2FProperties%2FAssemblyInfo.cs" />
		<file endRevision="#41" action="EDIT" depot="%2F%2Fdepot%2FIPI%2Ftrunk%2FSource%2FInformatics%2FDeviceProtocols%2FRespArrayHL7%2FProperties%2FAssemblyInfo.cs" />
		<file endRevision="#3697" action="EDIT" depot="%2F%2Fdepot%2FIPI%2Ftrunk%2FSource%2FInformatics%2FDeviceProtocols%2FSHIP%2FProperties%2FAssemblyInfo.cs" />
		<file endRevision="#1610" action="EDIT" depot="%2F%2Fdepot%2FIPI%2Ftrunk%2FSource%2FInformatics%2FDeviceProtocols%2FWelchAllynCVSM%2FProperties%2FAssemblyInfo.cs" />
		<file endRevision="#4646" action="EDIT" depot="%2F%2Fdepot%2FIPI%2Ftrunk%2FSource%2FInformatics%2FInformaticsPlatform%2FBusiness%2FProperties%2FAssemblyInfo.cs" />
		<file endRevision="#4379" action="EDIT" depot="%2F%2Fdepot%2FIPI%2Ftrunk%2FSource%2FInformatics%2FInformaticsPlatform%2FCalculationEngines%2FNCalcCalculationEngine%2FProperties%2FAssemblyInfo.cs" />
		<file endRevision="#4652" action="EDIT" depot="%2F%2Fdepot%2FIPI%2Ftrunk%2FSource%2FInformatics%2FInformaticsPlatform%2FCommonBeans%2FProperties%2FAssemblyInfo.cs" />
		<file endRevision="#4645" action="EDIT" depot="%2F%2Fdepot%2FIPI%2Ftrunk%2FSource%2FInformatics%2FInformaticsPlatform%2FCore%2FProperties%2FAssemblyInfo.cs" />
		<file endRevision="#4644" action="EDIT" depot="%2F%2Fdepot%2FIPI%2Ftrunk%2FSource%2FInformatics%2FInformaticsPlatform%2FCoreEvents%2FProperties%2FAssemblyInfo.cs" />
		<file endRevision="#4652" action="EDIT" depot="%2F%2Fdepot%2FIPI%2Ftrunk%2FSource%2FInformatics%2FInformaticsPlatform%2FDataAccessLayer%2FProperties%2FAssemblyInfo.cs" />
		<file endRevision="#4645" action="EDIT" depot="%2F%2Fdepot%2FIPI%2Ftrunk%2FSource%2FInformatics%2FInformaticsPlatform%2FDataCollection%2FDataCollectionService%2FProperties%2FAssemblyInfo.cs" />
		<file endRevision="#4645" action="EDIT" depot="%2F%2Fdepot%2FIPI%2Ftrunk%2FSource%2FInformatics%2FInformaticsPlatform%2FDataConversions%2FProperties%2FAssemblyInfo.cs" />
		<file endRevision="#4645" action="EDIT" depot="%2F%2Fdepot%2FIPI%2Ftrunk%2FSource%2FInformatics%2FInformaticsPlatform%2FDataPublisher%2FProperties%2FAssemblyInfo.cs" />
		<file endRevision="#4645" action="EDIT" depot="%2F%2Fdepot%2FIPI%2Ftrunk%2FSource%2FInformatics%2FInformaticsPlatform%2FDeviceManagement%2FProperties%2FAssemblyInfo.cs" />
		<file endRevision="#4645" action="EDIT" depot="%2F%2Fdepot%2FIPI%2Ftrunk%2FSource%2FInformatics%2FInformaticsPlatform%2FDeviceSessionManagement%2FProperties%2FAssemblyInfo.cs" />
		<file endRevision="#1700" action="EDIT" depot="%2F%2Fdepot%2FIPI%2Ftrunk%2FSource%2FInformatics%2FInformaticsPlatform%2FDomainModels%2FProperties%2FAssemblyInfo.cs" />
		<file endRevision="#3711" action="EDIT" depot="%2F%2Fdepot%2FIPI%2Ftrunk%2FSource%2FInformatics%2FInformaticsPlatform%2FDPAImporter%2FProperties%2FAssemblyInfo.cs" />
		<file endRevision="#4403" action="EDIT" depot="%2F%2Fdepot%2FIPI%2Ftrunk%2FSource%2FInformatics%2FInformaticsPlatform%2FEntityAccessLayer%2FProperties%2FAssemblyInfo.cs" />
		<file endRevision="#4644" action="EDIT" depot="%2F%2Fdepot%2FIPI%2Ftrunk%2FSource%2FInformatics%2FInformaticsPlatform%2FExternalInterfaces%2FProperties%2FAssemblyInfo.cs" />
		<file endRevision="#4645" action="EDIT" depot="%2F%2Fdepot%2FIPI%2Ftrunk%2FSource%2FInformatics%2FInformaticsPlatform%2FExternalSystems%2FAdapter%2FProperties%2FAssemblyInfo.cs" />
		<file endRevision="#4645" action="EDIT" depot="%2F%2Fdepot%2FIPI%2Ftrunk%2FSource%2FInformatics%2FInformaticsPlatform%2FExternalSystems%2FAdapterService%2FProperties%2FAssemblyInfo.cs" />
		<file endRevision="#4644" action="EDIT" depot="%2F%2Fdepot%2FIPI%2Ftrunk%2FSource%2FInformatics%2FInformaticsPlatform%2FExternalSystems%2FGateway%2FProperties%2FAssemblyInfo.cs" />
		<file endRevision="#4644" action="EDIT" depot="%2F%2Fdepot%2FIPI%2Ftrunk%2FSource%2FInformatics%2FInformaticsPlatform%2FExternalSystems%2FMessaging%2FProperties%2FAssemblyInfo.cs" />
		<file endRevision="#4644" action="EDIT" depot="%2F%2Fdepot%2FIPI%2Ftrunk%2FSource%2FInformatics%2FInformaticsPlatform%2FExternalSystems%2FPlugins%2FADTHandlerPlugin%2FProperties%2FAssemblyInfo.cs" />
		<file endRevision="#4646" action="EDIT" depot="%2F%2Fdepot%2FIPI%2Ftrunk%2FSource%2FInformatics%2FInformaticsPlatform%2FExternalSystems%2FPlugins%2FDataServiceInputPlugin%2FProperties%2FAssemblyInfo.cs" />
		<file endRevision="#4640" action="EDIT" depot="%2F%2Fdepot%2FIPI%2Ftrunk%2FSource%2FInformatics%2FInformaticsPlatform%2FExternalSystems%2FPlugins%2FEmailPlugin%2FProperties%2FAssemblyInfo.cs" />
		<file endRevision="#2012" action="EDIT" depot="%2F%2Fdepot%2FIPI%2Ftrunk%2FSource%2FInformatics%2FInformaticsPlatform%2FExternalSystems%2FPlugins%2FFCMNotificationPlugin%2FProperties%2FAssemblyInfo.cs" />
		<file endRevision="#4645" action="EDIT" depot="%2F%2Fdepot%2FIPI%2Ftrunk%2FSource%2FInformatics%2FInformaticsPlatform%2FExternalSystems%2FPlugins%2FFileSystemInputPlugin%2FProperties%2FAssemblyInfo.cs" />
		<file endRevision="#4645" action="EDIT" depot="%2F%2Fdepot%2FIPI%2Ftrunk%2FSource%2FInformatics%2FInformaticsPlatform%2FExternalSystems%2FPlugins%2FFileSystemOutputPlugin%2FProperties%2FAssemblyInfo.cs" />
		<file endRevision="#3767" action="EDIT" depot="%2F%2Fdepot%2FIPI%2Ftrunk%2FSource%2FInformatics%2FInformaticsPlatform%2FExternalSystems%2FPlugins%2FHL7OutputPluginWithLogging%2FProperties%2FAssemblyInfo.cs" />
		<file endRevision="#4645" action="EDIT" depot="%2F%2Fdepot%2FIPI%2Ftrunk%2FSource%2FInformatics%2FInformaticsPlatform%2FExternalSystems%2FPlugins%2FHL7PostProcessingPlugin%2FProperties%2FAssemblyInfo.cs" />
		<file endRevision="#4644" action="EDIT" depot="%2F%2Fdepot%2FIPI%2Ftrunk%2FSource%2FInformatics%2FInformaticsPlatform%2FExternalSystems%2FPlugins%2FHL7ToXMLParserPlugin%2FProperties%2FAssemblyInfo.cs" />
		<file endRevision="#4645" action="EDIT" depot="%2F%2Fdepot%2FIPI%2Ftrunk%2FSource%2FInformatics%2FInformaticsPlatform%2FExternalSystems%2FPlugins%2FHL7TranslationPlugin%2FProperties%2FAssemblyInfo.cs" />
		<file endRevision="#4645" action="EDIT" depot="%2F%2Fdepot%2FIPI%2Ftrunk%2FSource%2FInformatics%2FInformaticsPlatform%2FExternalSystems%2FPlugins%2FIPIODataInputPlugin%2FProperties%2FAssemblyInfo.cs" />
		<file endRevision="#4644" action="EDIT" depot="%2F%2Fdepot%2FIPI%2Ftrunk%2FSource%2FInformatics%2FInformaticsPlatform%2FExternalSystems%2FPlugins%2FPatientInformationOutputPlugin%2FProperties%2FAssemblyInfo.cs" />
		<file endRevision="#4640" action="EDIT" depot="%2F%2Fdepot%2FIPI%2Ftrunk%2FSource%2FInformatics%2FInformaticsPlatform%2FExternalSystems%2FPlugins%2FSMSPlugin%2FProperties%2FAssemblyInfo.cs" />
		<file endRevision="#1810" action="EDIT" depot="%2F%2Fdepot%2FIPI%2Ftrunk%2FSource%2FInformatics%2FInformaticsPlatform%2FExternalSystems%2FPlugins%2FTAPEthernetOutputPlugin%2FProperties%2FAssemblyInfo.cs" />
		<file endRevision="#3767" action="EDIT" depot="%2F%2Fdepot%2FIPI%2Ftrunk%2FSource%2FInformatics%2FInformaticsPlatform%2FExternalSystems%2FPlugins%2FTAPOutputPlugin%2FProperties%2FAssemblyInfo.cs" />
		<file endRevision="#3767" action="EDIT" depot="%2F%2Fdepot%2FIPI%2Ftrunk%2FSource%2FInformatics%2FInformaticsPlatform%2FExternalSystems%2FPlugins%2FTAPPostProcessingPlugin%2FProperties%2FAssemblyInfo.cs" />
		</files>
		<jobs>
		</jobs>
		</changenumber>
	</entry>
</changelog>
