<?xml version='1.0' encoding='UTF-8'?>
<org.jenkinsci.plugins.workflow.support.storage.SimpleXStreamFlowNodeStorage_-Tag plugin="workflow-support@1.10-beta-1">
  <node class="org.jenkinsci.plugins.workflow.cps.nodes.StepStartNode" plugin="workflow-cps@1.10-beta-1">
    <parents class="com.google.common.collect.ImmutableList">
      <org.jenkinsci.plugins.workflow.graph.FlowStartNode>2</org.jenkinsci.plugins.workflow.graph.FlowStartNode>
    </parents>
    <id>3</id>
    <descriptorId>org.jenkinsci.plugins.workflow.support.steps.ExecutorStep</descriptorId>
  </node>
  <actions>
    <org.jenkinsci.plugins.workflow.support.actions.LogActionImpl>
      <charset>windows-1252</charset>
    </org.jenkinsci.plugins.workflow.support.actions.LogActionImpl>
    <org.jenkinsci.plugins.workflow.support.actions.WorkspaceActionImpl>
      <node></node>
      <path>C:\workarea\wars\CLEAN_JE\jobs\consumer\workspace</path>
      <labels class="sorted-set"/>
    </org.jenkinsci.plugins.workflow.support.actions.WorkspaceActionImpl>
    <org.jenkinsci.plugins.workflow.actions.TimingAction plugin="workflow-api@1.10-beta-1">
      <startTime>1440430375942</startTime>
    </org.jenkinsci.plugins.workflow.actions.TimingAction>
  </actions>
</org.jenkinsci.plugins.workflow.support.storage.SimpleXStreamFlowNodeStorage_-Tag>