<?xml version='1.0' encoding='UTF-8'?>
<org.jenkinsci.plugins.workflow.support.storage.SimpleXStreamFlowNodeStorage_-Tag plugin="workflow-support@1.9">
  <node class="org.jenkinsci.plugins.workflow.cps.nodes.StepAtomNode" plugin="workflow-cps@1.9">
    <parents class="com.google.common.collect.ImmutableList">
      <org.jenkinsci.plugins.workflow.cps.nodes.StepAtomNode>6</org.jenkinsci.plugins.workflow.cps.nodes.StepAtomNode>
    </parents>
    <id>7</id>
    <descriptorId>org.jenkinsci.plugins.workflow.steps.EchoStep</descriptorId>
  </node>
  <actions>
    <org.jenkinsci.plugins.workflow.support.actions.LogActionImpl>
      <charset>windows-1252</charset>
    </org.jenkinsci.plugins.workflow.support.actions.LogActionImpl>
    <org.jenkinsci.plugins.workflow.actions.TimingAction plugin="workflow-api@1.9">
      <startTime>1440430170626</startTime>
    </org.jenkinsci.plugins.workflow.actions.TimingAction>
  </actions>
</org.jenkinsci.plugins.workflow.support.storage.SimpleXStreamFlowNodeStorage_-Tag>