<?xml version="1.0"?>
<Results version="1.0">
<ReportNode type="testrun">
<ReportNode type="Iteration">
<ReportNode type="Action">
<ReportNode type="Step">
<Data>
    <Name>LoadFunctionLibrary</Name>
    <Description>LoadFunctionLibrary function passed</Description>
    <StartTime>2022-09-08 09:06:48</StartTime>
    <Result>Passed</Result>
    <Extension>
      <IconKey>ddd635332d8f42a284af1a4ceb9db51f</IconKey>
      <IsPlainTextNodeName>True</IsPlainTextNodeName>
    </Extension>
    <DeviceInfo />
  </Data>
</ReportNode>
<ReportNode type="User">
<Data>
    <Name>FW_DRIVER_LIB</Name>
    <Description>Successfully Imported the Framework Driver Script Library ~~&gt; \\ellwp0167dm4\Dub2kfil002\LCI\INPS\Automation\JARVIS\JARVIS V2.1\FW_DRIVER_LIB.vbs</Description>
    <StartTime>2022-09-08 09:06:48</StartTime>
    <Result>Information</Result>
    <Extension>
      <IconKey>11446c6b7d95480ca19cb61133e43a83</IconKey>
      <IsPlainTextNodeName>True</IsPlainTextNodeName>
      <IsPlainTextStepInfo>True</IsPlainTextStepInfo>
    </Extension>
  </Data>
</ReportNode>
<ReportNode type="Step">
<Data>
    <Name>LoadFunctionLibrary</Name>
    <Description>LoadFunctionLibrary function passed</Description>
    <StartTime>2022-09-08 09:06:48</StartTime>
    <Result>Passed</Result>
    <Extension>
      <IconKey>ddd635332d8f42a284af1a4ceb9db51f</IconKey>
      <IsPlainTextNodeName>True</IsPlainTextNodeName>
    </Extension>
    <DeviceInfo />
  </Data>
</ReportNode>
<ReportNode type="User">
<Data>
    <Name>FW_COMMON_LIB</Name>
    <Description>Successfully Imported the Common Keywords &amp; Functions Library ~~&gt; \\ellwp0167dm4\Dub2kfil002\LCI\INPS\Automation\JARVIS\JARVIS V2.1\FW_COMMON_LIB.vbs</Description>
    <StartTime>2022-09-08 09:06:48</StartTime>
    <Result>Information</Result>
    <Extension>
      <IconKey>11446c6b7d95480ca19cb61133e43a83</IconKey>
      <IsPlainTextNodeName>True</IsPlainTextNodeName>
      <IsPlainTextStepInfo>True</IsPlainTextStepInfo>
    </Extension>
  </Data>
</ReportNode>
<ReportNode type="Step">
<Data>
    <Name>LoadFunctionLibrary</Name>
    <Description>LoadFunctionLibrary function passed</Description>
    <StartTime>2022-09-08 09:06:49</StartTime>
    <Result>Passed</Result>
    <Extension>
      <IconKey>ddd635332d8f42a284af1a4ceb9db51f</IconKey>
      <IsPlainTextNodeName>True</IsPlainTextNodeName>
    </Extension>
    <DeviceInfo />
  </Data>
</ReportNode>
<ReportNode type="User">
<Data>
    <Name>WEB_KEYWORDS_LIB</Name>
    <Description>Successfully Imported the Web Keywords Library ~~&gt; \\ellwp0167dm4\Dub2kfil002\LCI\INPS\Automation\JARVIS\JARVIS V2.1\WEB_KEYWORDS_LIB.vbs</Description>
    <StartTime>2022-09-08 09:06:49</StartTime>
    <Result>Information</Result>
    <Extension>
      <IconKey>11446c6b7d95480ca19cb61133e43a83</IconKey>
      <IsPlainTextNodeName>True</IsPlainTextNodeName>
      <IsPlainTextStepInfo>True</IsPlainTextStepInfo>
    </Extension>
  </Data>
</ReportNode>
<ReportNode type="Step">
<Data>
    <Name>LoadFunctionLibrary</Name>
    <Description>LoadFunctionLibrary function passed</Description>
    <StartTime>2022-09-08 09:06:49</StartTime>
    <Result>Passed</Result>
    <Extension>
      <IconKey>ddd635332d8f42a284af1a4ceb9db51f</IconKey>
      <IsPlainTextNodeName>True</IsPlainTextNodeName>
    </Extension>
    <DeviceInfo />
  </Data>
</ReportNode>
<ReportNode type="User">
<Data>
    <Name>FSO_FUNCTIONS_LIB</Name>
    <Description>Successfully Imported the FSO Functions Library ~~&gt; \\ellwp0167dm4\Dub2kfil002\LCI\INPS\Automation\JARVIS\JARVIS V2.1\FSO_FUNCTIONS_LIB.vbs</Description>
    <StartTime>2022-09-08 09:06:49</StartTime>
    <Result>Information</Result>
    <Extension>
      <IconKey>11446c6b7d95480ca19cb61133e43a83</IconKey>
      <IsPlainTextNodeName>True</IsPlainTextNodeName>
      <IsPlainTextStepInfo>True</IsPlainTextStepInfo>
    </Extension>
  </Data>
</ReportNode>
<ReportNode type="Step">
<Data>
    <Name>LoadFunctionLibrary</Name>
    <Description>LoadFunctionLibrary function passed</Description>
    <StartTime>2022-09-08 09:06:49</StartTime>
    <Result>Passed</Result>
    <Extension>
      <IconKey>ddd635332d8f42a284af1a4ceb9db51f</IconKey>
      <IsPlainTextNodeName>True</IsPlainTextNodeName>
    </Extension>
    <DeviceInfo />
  </Data>
</ReportNode>
<ReportNode type="User">
<Data>
    <Name>REGEXP_FUNCTIONS_LIB</Name>
    <Description>Successfully Imported the REGEXP Functions Library ~~&gt; \\ellwp0167dm4\Dub2kfil002\LCI\INPS\Automation\JARVIS\JARVIS V2.1\REGEXP_FUNCTIONS_LIB.vbs</Description>
    <StartTime>2022-09-08 09:06:49</StartTime>
    <Result>Information</Result>
    <Extension>
      <IconKey>11446c6b7d95480ca19cb61133e43a83</IconKey>
      <IsPlainTextNodeName>True</IsPlainTextNodeName>
      <IsPlainTextStepInfo>True</IsPlainTextStepInfo>
    </Extension>
  </Data>
</ReportNode>
<ReportNode type="Step">
<Data>
    <Name>LoadFunctionLibrary</Name>
    <Description>LoadFunctionLibrary function passed</Description>
    <StartTime>2022-09-08 09:06:49</StartTime>
    <Result>Passed</Result>
    <Extension>
      <IconKey>ddd635332d8f42a284af1a4ceb9db51f</IconKey>
      <IsPlainTextNodeName>True</IsPlainTextNodeName>
    </Extension>
    <DeviceInfo />
  </Data>
</ReportNode>
<ReportNode type="User">
<Data>
    <Name>JSON_FUNCTIONS_LIB</Name>
    <Description>Successfully Imported the JSON Functions Library ~~&gt; \\ellwp0167dm4\Dub2kfil002\LCI\INPS\Automation\JARVIS\JARVIS V2.1\JSON_Functions_Lib.vbs</Description>
    <StartTime>2022-09-08 09:06:49</StartTime>
    <Result>Information</Result>
    <Extension>
      <IconKey>11446c6b7d95480ca19cb61133e43a83</IconKey>
      <IsPlainTextNodeName>True</IsPlainTextNodeName>
      <IsPlainTextStepInfo>True</IsPlainTextStepInfo>
    </Extension>
  </Data>
</ReportNode>
<ReportNode type="Step">
<Data>
    <Name>LoadFunctionLibrary</Name>
    <Description>LoadFunctionLibrary function passed</Description>
    <StartTime>2022-09-08 09:06:49</StartTime>
    <Result>Passed</Result>
    <Extension>
      <IconKey>ddd635332d8f42a284af1a4ceb9db51f</IconKey>
      <IsPlainTextNodeName>True</IsPlainTextNodeName>
    </Extension>
    <DeviceInfo />
  </Data>
</ReportNode>
<ReportNode type="User">
<Data>
    <Name>TESTRUNNER</Name>
    <Description>Running JARVIS - Version 2.1</Description>
    <StartTime>2022-09-08 09:06:49</StartTime>
    <Result>Information</Result>
    <Extension>
      <IconKey>11446c6b7d95480ca19cb61133e43a83</IconKey>
      <IsPlainTextNodeName>True</IsPlainTextNodeName>
      <IsPlainTextStepInfo>True</IsPlainTextStepInfo>
    </Extension>
  </Data>
</ReportNode>
<ReportNode type="User">
<Data>
    <Name>openExcel</Name>
    <Description>Opening DATA file ~~&gt; C:\Automation\APPLICATIONS\WFMT\DATA\WFMT_Data.xlsx</Description>
    <StartTime>2022-09-08 09:06:49</StartTime>
    <Result>Information</Result>
    <Extension>
      <IconKey>11446c6b7d95480ca19cb61133e43a83</IconKey>
      <IsPlainTextNodeName>True</IsPlainTextNodeName>
      <IsPlainTextStepInfo>True</IsPlainTextStepInfo>
    </Extension>
  </Data>
</ReportNode>
<ReportNode type="User">
<Data>
    <Name>IsProcessRunning</Name>
    <Description>HpToolsLauncher.exe is running</Description>
    <StartTime>2022-09-08 09:06:54</StartTime>
    <Result>Information</Result>
    <Extension>
      <IconKey>11446c6b7d95480ca19cb61133e43a83</IconKey>
      <IsPlainTextNodeName>True</IsPlainTextNodeName>
      <IsPlainTextStepInfo>True</IsPlainTextStepInfo>
    </Extension>
  </Data>
</ReportNode>
<ReportNode type="User">
<Data>
    <Name>TESTRUNNER</Name>
    <Description>Supplied test parameters from Jenkins are ~~&gt; MAL=WFMT
EXEC_TAG=Sanity
TEST_ENV=TEST1
TEST_BROWSER=GChrome
JENKINS_JOB_NAME=WFMT/WFMT_Sanity_Testing_Script_V2
JENKINS_BUILD_NUMBER=458
TESTTOOL=JARVIS
JIRA_IND=Y
JIRA_TP_ID=
JIRA_TEST_ENV=
APP_BUILD_NUMBER=1.1.1
FIX_VERSION=</Description>
    <StartTime>2022-09-08 09:06:54</StartTime>
    <Result>Information</Result>
    <Extension>
      <IconKey>11446c6b7d95480ca19cb61133e43a83</IconKey>
      <IsPlainTextNodeName>True</IsPlainTextNodeName>
      <IsPlainTextStepInfo>True</IsPlainTextStepInfo>
    </Extension>
  </Data>
</ReportNode>
<ReportNode type="User">
<Data>
    <Name>TESTRUNNER</Name>
    <Description>Reading Test Case Name/s based on EXEC_TAG ~~&gt; Sanity from DATA file ~~&gt; C:\Automation\APPLICATIONS\WFMT\DATA\WFMT_Data.xlsx</Description>
    <StartTime>2022-09-08 09:06:54</StartTime>
    <Result>Information</Result>
    <Extension>
      <IconKey>11446c6b7d95480ca19cb61133e43a83</IconKey>
      <IsPlainTextNodeName>True</IsPlainTextNodeName>
      <IsPlainTextStepInfo>True</IsPlainTextStepInfo>
    </Extension>
  </Data>
</ReportNode>
<ReportNode type="User">
<Data>
    <Name>READDATA</Name>
    <Description>Number of Test Case/s with EXEC_TAG as Sanity is/are ~~&gt; 1</Description>
    <StartTime>2022-09-08 09:06:55</StartTime>
    <Result>Information</Result>
    <Extension>
      <IconKey>11446c6b7d95480ca19cb61133e43a83</IconKey>
      <IsPlainTextNodeName>True</IsPlainTextNodeName>
      <IsPlainTextStepInfo>True</IsPlainTextStepInfo>
    </Extension>
  </Data>
</ReportNode>
<ReportNode type="User">
<Data>
    <Name>READDATA</Name>
    <Description>Successfully read Object Descriptions.</Description>
    <StartTime>2022-09-08 09:07:35</StartTime>
    <Result>Information</Result>
    <Extension>
      <IconKey>11446c6b7d95480ca19cb61133e43a83</IconKey>
      <IsPlainTextNodeName>True</IsPlainTextNodeName>
      <IsPlainTextStepInfo>True</IsPlainTextStepInfo>
    </Extension>
  </Data>
</ReportNode>
<ReportNode type="User">
<Data>
    <Name>LOADLIBRARIES</Name>
    <Description>Importing Library for Application ~~&gt; WFMT</Description>
    <StartTime>2022-09-08 09:07:35</StartTime>
    <Result>Information</Result>
    <Extension>
      <IconKey>11446c6b7d95480ca19cb61133e43a83</IconKey>
      <IsPlainTextNodeName>True</IsPlainTextNodeName>
      <IsPlainTextStepInfo>True</IsPlainTextStepInfo>
    </Extension>
  </Data>
</ReportNode>
<ReportNode type="Step">
<Data>
    <Name>LoadFunctionLibrary</Name>
    <Description>LoadFunctionLibrary function passed</Description>
    <StartTime>2022-09-08 09:07:35</StartTime>
    <Result>Passed</Result>
    <Extension>
      <IconKey>ddd635332d8f42a284af1a4ceb9db51f</IconKey>
      <IsPlainTextNodeName>True</IsPlainTextNodeName>
    </Extension>
    <DeviceInfo />
  </Data>
</ReportNode>
<ReportNode type="User">
<Data>
    <Name>LOADLIBRARIES</Name>
    <Description>Successfully Imported the Library ~~&gt; C:\Automation\APPLICATIONS\WFMT\LIBRARY\WFMT_Functions_Lib.vbs</Description>
    <StartTime>2022-09-08 09:07:35</StartTime>
    <Result>Information</Result>
    <Extension>
      <IconKey>11446c6b7d95480ca19cb61133e43a83</IconKey>
      <IsPlainTextNodeName>True</IsPlainTextNodeName>
      <IsPlainTextStepInfo>True</IsPlainTextStepInfo>
    </Extension>
  </Data>
</ReportNode>
<ReportNode type="Step">
<Data>
    <Name>LoadFunctionLibrary</Name>
    <Description>LoadFunctionLibrary function passed</Description>
    <StartTime>2022-09-08 09:07:35</StartTime>
    <Result>Passed</Result>
    <Extension>
      <IconKey>ddd635332d8f42a284af1a4ceb9db51f</IconKey>
      <IsPlainTextNodeName>True</IsPlainTextNodeName>
    </Extension>
    <DeviceInfo />
  </Data>
</ReportNode>
<ReportNode type="User">
<Data>
    <Name>LOADLIBRARIES</Name>
    <Description>Successfully Imported the Library ~~&gt; C:\Automation\APPLICATIONS\WFMT\LIBRARY\WFMT_Constants.vbs</Description>
    <StartTime>2022-09-08 09:07:35</StartTime>
    <Result>Information</Result>
    <Extension>
      <IconKey>11446c6b7d95480ca19cb61133e43a83</IconKey>
      <IsPlainTextNodeName>True</IsPlainTextNodeName>
      <IsPlainTextStepInfo>True</IsPlainTextStepInfo>
    </Extension>
  </Data>
</ReportNode>
<ReportNode type="User">
<Data>
    <Name>TESTRUNNER</Name>
    <Description>Imported Libraries for Application ~~&gt; WFMT</Description>
    <StartTime>2022-09-08 09:07:35</StartTime>
    <Result>Information</Result>
    <Extension>
      <IconKey>11446c6b7d95480ca19cb61133e43a83</IconKey>
      <IsPlainTextNodeName>True</IsPlainTextNodeName>
      <IsPlainTextStepInfo>True</IsPlainTextStepInfo>
    </Extension>
  </Data>
</ReportNode>
<ReportNode type="User">
<Data>
    <Name>Test Case 1</Name>
    <Description>Running Test Case ~~&gt; WFMT_Sanity_Testing_Script1 from UFT for WFMT application.</Description>
    <StartTime>2022-09-08 09:07:35</StartTime>
    <Result>Information</Result>
    <Extension>
      <IconKey>11446c6b7d95480ca19cb61133e43a83</IconKey>
      <IsPlainTextNodeName>True</IsPlainTextNodeName>
      <IsPlainTextStepInfo>True</IsPlainTextStepInfo>
    </Extension>
  </Data>
</ReportNode>
<ReportNode type="User">
<Data>
    <Name>TESTRUNNER</Name>
    <Description>Successfully read Test Data for the Test Case ~~&gt; WFMT_Sanity_Testing_Script1</Description>
    <StartTime>2022-09-08 09:07:42</StartTime>
    <Result>Information</Result>
    <Extension>
      <IconKey>11446c6b7d95480ca19cb61133e43a83</IconKey>
      <IsPlainTextNodeName>True</IsPlainTextNodeName>
      <IsPlainTextStepInfo>True</IsPlainTextStepInfo>
    </Extension>
  </Data>
</ReportNode>
<ReportNode type="User">
<Data>
    <Name>READDATA</Name>
    <Description>Successfully read the Template Test Case ~~&gt; TEMP_Login</Description>
    <StartTime>2022-09-08 09:07:42</StartTime>
    <Result>Information</Result>
    <Extension>
      <IconKey>11446c6b7d95480ca19cb61133e43a83</IconKey>
      <IsPlainTextNodeName>True</IsPlainTextNodeName>
      <IsPlainTextStepInfo>True</IsPlainTextStepInfo>
    </Extension>
  </Data>
</ReportNode>
<ReportNode type="User">
<Data>
    <Name>READDATA</Name>
    <Description>Successfully read the Template Test Case ~~&gt; TEMP_LogOut</Description>
    <StartTime>2022-09-08 09:07:43</StartTime>
    <Result>Information</Result>
    <Extension>
      <IconKey>11446c6b7d95480ca19cb61133e43a83</IconKey>
      <IsPlainTextNodeName>True</IsPlainTextNodeName>
      <IsPlainTextStepInfo>True</IsPlainTextStepInfo>
    </Extension>
  </Data>
</ReportNode>
<ReportNode type="User">
<Data>
    <Name>TESTRUNNER</Name>
    <Description>Successfully read Test Steps for Test Case ~~&gt; WFMT_Sanity_Testing_Script1</Description>
    <StartTime>2022-09-08 09:07:43</StartTime>
    <Result>Information</Result>
    <Extension>
      <IconKey>11446c6b7d95480ca19cb61133e43a83</IconKey>
      <IsPlainTextNodeName>True</IsPlainTextNodeName>
      <IsPlainTextStepInfo>True</IsPlainTextStepInfo>
    </Extension>
  </Data>
</ReportNode>
<ReportNode type="User">
<Data>
    <Name>closeExcel</Name>
    <Description>Closing DATA file ~~&gt; C:\Automation\APPLICATIONS\WFMT\DATA\WFMT_Data.xlsx</Description>
    <StartTime>2022-09-08 09:07:43</StartTime>
    <Result>Information</Result>
    <Extension>
      <IconKey>11446c6b7d95480ca19cb61133e43a83</IconKey>
      <IsPlainTextNodeName>True</IsPlainTextNodeName>
      <IsPlainTextStepInfo>True</IsPlainTextStepInfo>
    </Extension>
  </Data>
</ReportNode>
<ReportNode type="User">
<Data>
    <Name>Step 1</Name>
    <Description>Running Function ~~&gt; OPEN(TEST_ENV, WFMT_Login)</Description>
    <StartTime>2022-09-08 09:07:44</StartTime>
    <Result>Information</Result>
    <Extension>
      <IconKey>11446c6b7d95480ca19cb61133e43a83</IconKey>
      <IsPlainTextNodeName>True</IsPlainTextNodeName>
      <IsPlainTextStepInfo>True</IsPlainTextStepInfo>
    </Extension>
  </Data>
</ReportNode>
<ReportNode type="User">
<Data>
    <Name>closeAllBrowser</Name>
    <Description>Successfully closed all the open browsers.</Description>
    <StartTime>2022-09-08 09:07:47</StartTime>
    <Result>Information</Result>
    <Extension>
      <IconKey>11446c6b7d95480ca19cb61133e43a83</IconKey>
      <IsPlainTextNodeName>True</IsPlainTextNodeName>
      <IsPlainTextStepInfo>True</IsPlainTextStepInfo>
    </Extension>
  </Data>
</ReportNode>
<ReportNode type="Step">
<Data>
    <Name>SystemUtil.Run "chrome.exe",3</Name>
    <StartTime>2022-09-08 09:07:48</StartTime>
    <Result>Done</Result>
    <Extension>
      <IconKey>cfb80d2342364ec5a038f1f5b9ca1d1e</IconKey>
      <IsPlainTextNodeName>True</IsPlainTextNodeName>
    </Extension>
    <DeviceInfo />
  </Data>
</ReportNode>
<ReportNode type="Step">
<Data>
    <Name>[ WFMT ].Exist</Name>
    <Description>"Object exists"</Description>
    <StartTime>2022-09-08 10:07:57</StartTime>
    <Result>Done</Result>
    <Extension>
      <TestObject>
        <Repository>Local</Repository>
        <Path>
          <Object>
            <Type>Browser</Type>
            <Name><![CDATA[[ WFMT ]]]></Name>
          </Object>
        </Path>
        <Operation>Exist</Operation>
        <OperationData><![CDATA["Object exists"]]></OperationData>
      </TestObject>
      <IconKey>25b2e4de65a14883818b515310cdc0b1</IconKey>
      <IsPlainTextNodeName>True</IsPlainTextNodeName>
    </Extension>
    <DeviceInfo />
  </Data>
</ReportNode>
<ReportNode type="User">
<Data>
    <Name>Step 1</Name>
    <Description>WFMT -&gt; page NOT EXISTS. Page displayed is  -&gt; WFMT</Description>
    <StartTime>2022-09-08 10:08:18</StartTime>
    <Result>Information</Result>
    <Extension>
      <StepCustomImagePath>Resources\User\08837661-ed46-4845-9a4a-8207ae13acf0.png</StepCustomImagePath>
      <IconKey>11446c6b7d95480ca19cb61133e43a83</IconKey>
      <IsPlainTextNodeName>True</IsPlainTextNodeName>
      <IsPlainTextStepInfo>True</IsPlainTextStepInfo>
    </Extension>
  </Data>
</ReportNode>
<ReportNode type="User">
<Data>
    <Name>Step 1</Name>
    <Description>Opened GChrome Browser with Application Test URL -&gt; https://wfmt-test1.test.intranet/MDWHub/login. Page Opened is -&gt; WFMT. Page Expected is -&gt; WFMT</Description>
    <StartTime>2022-09-08 10:08:38</StartTime>
    <Result>Failed</Result>
    <Extension>
      <StepCustomImagePath>Resources\User\25a40fca-5f60-4a72-ad06-d0659b5a8047.png</StepCustomImagePath>
      <IconKey>11446c6b7d95480ca19cb61133e43a83</IconKey>
      <IsPlainTextNodeName>True</IsPlainTextNodeName>
      <IsPlainTextStepInfo>True</IsPlainTextStepInfo>
    </Extension>
  </Data>
</ReportNode>
<ReportNode type="User">
<Data>
    <Name>Step 1</Name>
    <Description>Failed on Executing Function ~~&gt; OPEN(TEST_ENV, WFMT_Login)</Description>
    <StartTime>2022-09-08 10:08:38</StartTime>
    <Result>Failed</Result>
    <Extension>
      <IconKey>11446c6b7d95480ca19cb61133e43a83</IconKey>
      <IsPlainTextNodeName>True</IsPlainTextNodeName>
      <IsPlainTextStepInfo>True</IsPlainTextStepInfo>
    </Extension>
  </Data>
</ReportNode>
<ReportNode type="User">
<Data>
    <Name>TESTRUNNER</Name>
    <Description>Successfully Executed the Test Steps</Description>
    <StartTime>2022-09-08 10:08:38</StartTime>
    <Result>Information</Result>
    <Extension>
      <IconKey>11446c6b7d95480ca19cb61133e43a83</IconKey>
      <IsPlainTextNodeName>True</IsPlainTextNodeName>
      <IsPlainTextStepInfo>True</IsPlainTextStepInfo>
    </Extension>
  </Data>
</ReportNode>
<ReportNode type="Step">
<Data>
    <Name>HTML_Step_Result</Name>
    <Description>Created HTML Step Result in ~~&gt; &lt;a href='file:///C:\automation\APPLICATIONS\WFMT\RESULTS\Step_Results\WFMT_Sanity_Testing_Script1_8-9-2022 10 8 38.html'&gt;HTML Step Result&lt;/a&gt;</Description>
    <StartTime>2022-09-08 10:08:38</StartTime>
    <Result>Information</Result>
    <Extension>
      <IsPlainTextNodeName>True</IsPlainTextNodeName>
    </Extension>
    <DeviceInfo />
  </Data>
</ReportNode>
<ReportNode type="Step">
<Data>
    <Name>HTML_Results_Summary</Name>
    <Description>Created HTML Results Summary in ~~&gt; &lt;a href='file:///C:\automation\APPLICATIONS\WFMT\RESULTS\WFMT_Result Summary.html'&gt;HTML Results Summary&lt;/a&gt;</Description>
    <StartTime>2022-09-08 10:08:39</StartTime>
    <Result>Information</Result>
    <Extension>
      <IsPlainTextNodeName>True</IsPlainTextNodeName>
    </Extension>
    <DeviceInfo />
  </Data>
</ReportNode>
<ReportNode type="Step">
<Data>
    <Name>SPLUNK Result JSON</Name>
    <Description>Created JSON file ~~&gt; &lt;a href='file:///C:\automation\APPLICATIONS\WFMT\RESULTS\Step_Results\result.json'&gt;result&lt;/a&gt;</Description>
    <StartTime>2022-09-08 10:08:39</StartTime>
    <Result>Information</Result>
    <Extension>
      <IsPlainTextNodeName>True</IsPlainTextNodeName>
    </Extension>
    <DeviceInfo />
  </Data>
</ReportNode>
<ReportNode type="Step">
<Data>
    <Name>JIRA Info JSON</Name>
    <Description>Created JIRA Info JSON file ~~&gt; &lt;a href='file:///C:\automation\APPLICATIONS\WFMT\RESULTS\JIRA_Results\JIRA_Info_JSON.json'&gt;JIRA_Info_JSON&lt;/a&gt;</Description>
    <StartTime>2022-09-08 10:08:39</StartTime>
    <Result>Information</Result>
    <Extension>
      <IsPlainTextNodeName>True</IsPlainTextNodeName>
    </Extension>
    <DeviceInfo />
  </Data>
</ReportNode>
<ReportNode type="Step">
<Data>
    <Name>JIRA Tests JSON</Name>
    <Description>Created JIRA Tests JSON file ~~&gt; &lt;a href='file:///C:\automation\APPLICATIONS\WFMT\RESULTS\JIRA_Results\JIRA_Tests_JSON.json'&gt;JIRA_Tests_JSON&lt;/a&gt;</Description>
    <StartTime>2022-09-08 10:08:39</StartTime>
    <Result>Information</Result>
    <Extension>
      <IsPlainTextNodeName>True</IsPlainTextNodeName>
    </Extension>
    <DeviceInfo />
  </Data>
</ReportNode>
<ReportNode type="User">
<Data>
    <Name>TESTRUNNER</Name>
    <Description>Successfully Ran the Test Case !Test Case :   WFMT_SANITY_TESTING_SCRIPT1</Description>
    <StartTime>2022-09-08 10:08:39</StartTime>
    <Result>Information</Result>
    <Extension>
      <IconKey>11446c6b7d95480ca19cb61133e43a83</IconKey>
      <IsPlainTextNodeName>True</IsPlainTextNodeName>
      <IsPlainTextStepInfo>True</IsPlainTextStepInfo>
    </Extension>
  </Data>
</ReportNode>
<Data>
    <Name>Action1</Name>
    <Description />
    <StartTime>2022-09-08 09:06:47</StartTime>
    <Duration>3712</Duration>
    <Result>Failed</Result>
    <InputParameters />
    <Extension>
      <IconKey>1f481d5f03384bce9e66300749a86d8a</IconKey>
      <IsPlainTextNodeName>True</IsPlainTextNodeName>
    </Extension>
  </Data>
</ReportNode>
<ReportNode type="Action">
<Data>
    <Name>Action2</Name>
    <Description />
    <StartTime>2022-09-08 10:08:39</StartTime>
    <Result>Done</Result>
    <InputParameters>
      <Parameter name="InterfaceName" value="" type="System.String" />
    </InputParameters>
    <Extension>
      <IconKey>1f481d5f03384bce9e66300749a86d8a</IconKey>
      <IsPlainTextNodeName>True</IsPlainTextNodeName>
    </Extension>
  </Data>
</ReportNode>
<Data>
    <Name>Action0</Name>
    <Description />
    <StartTime>2022-09-08 09:06:47</StartTime>
    <Duration>3712</Duration>
    <Result>Failed</Result>
    <Extension>
      <IconKey>a5e03f02a6ef4fbbb4a0bae6339539f3</IconKey>
      <IsPlainTextNodeName>True</IsPlainTextNodeName>
    </Extension>
    <Index>1</Index>
    <TestedApplications />
  </Data>
</ReportNode>
<Data>
    <Name>StartUp_Script</Name>
    <ToolName>Micro Focus UFT One</ToolName>
    <ToolVersion>2021</ToolVersion>
    <ToolVersionStringLiteral>2021</ToolVersionStringLiteral>
    <Description />
    <StartTime>2022-09-08 09:06:46</StartTime>
    <Duration>3713</Duration>
    <Result>Failed</Result>
    <InputParameters>
      <Parameter name="JenkinsTestArgs" value="MAL=WFMT;EXEC_TAG=Sanity;TEST_ENV=TEST1;TEST_BROWSER=GChrome;JENKINS_JOB_NAME=WFMT/WFMT_Sanity_Testing_Script_V2;JENKINS_BUILD_NUMBER=458;TESTTOOL=JARVIS;JIRA_IND=Y;JIRA_TP_ID=;JIRA_TEST_ENV=;APP_BUILD_NUMBER=1.1.1;FIX_VERSION=" type="System.String" />
    </InputParameters>
    <Extension>
      <IconKey>3e7bff542ef84edcb5ec433c57dec01e</IconKey>
      <IsPlainTextNodeName>True</IsPlainTextNodeName>
    </Extension>
    <Environment>
      <Timezone>-05:00:00</Timezone>
      <Locale>English (United States)</Locale>
      <User>CTL\ossprov</User>
      <CpuInfo>Intel(R) Xeon(R) Gold 6258R CPU @ 2.70GHz</CpuInfo>
      <NumberOfCores>4</NumberOfCores>
      <TotalMemory>8191</TotalMemory>
      <HostName>ctl.intranet\XVMXDODCTST037</HostName>
      <OSInfo>Windows 10 21H2 (x64)</OSInfo>
    </Environment>
    <TestedApplications />
    <Links>
      <Link type="DataTable" reference="Default.xlsx" displayname="Default Data Table" />
    </Links>
  </Data>
</ReportNode>
<GeneralInfo>
    <ResultName>StartUp_Script</ResultName>
    <RunStartTime>2022-09-08 09:06:46</RunStartTime>
    <Timezone>-05:00:00</Timezone>
    <OrchestrationToolName>Micro Focus UFT One</OrchestrationToolName>
    <OrchestrationToolVersion>2021</OrchestrationToolVersion>
    <OrchestrationToolVersionStringLiteral>2021</OrchestrationToolVersionStringLiteral>
  </GeneralInfo>
</Results>