<?xml version="1.0" encoding="UTF-8"?>

<mule xmlns:file="http://www.mulesoft.org/schema/mule/file" xmlns:http="http://www.mulesoft.org/schema/mule/http" xmlns="http://www.mulesoft.org/schema/mule/core" xmlns:doc="http://www.mulesoft.org/schema/mule/documentation"
	xmlns:spring="http://www.springframework.org/schema/beans" 
	xmlns:xsi="http://www.w3.org/2001/XMLSchema-instance"
	xsi:schemaLocation="http://www.springframework.org/schema/beans http://www.springframework.org/schema/beans/spring-beans-current.xsd
http://www.mulesoft.org/schema/mule/core http://www.mulesoft.org/schema/mule/core/current/mule.xsd
http://www.mulesoft.org/schema/mule/http http://www.mulesoft.org/schema/mule/http/current/mule-http.xsd
http://www.mulesoft.org/schema/mule/file http://www.mulesoft.org/schema/mule/file/current/mule-file.xsd">
    <spring:beans>
        <spring:import resource="classpath:common.xml"/>
        <spring:import resource="classpath:parent.xml"/>
    </spring:beans>
    <flow name="childFlow">
        <http:listener config-ref="HTTP_Listener_Configuration" path="/test" doc:name="HTTP"/>
        <byte-array-to-string-transformer doc:name="Byte Array to String"/>
        <logger message="#[payload], ${msg}" level="INFO" doc:name="Logger"/>
    </flow>
</mule>
