<?xml version="1.0" encoding="UTF-8"?><InteractionHistory Id="http://issues.hudson-ci.org-135762" Version="1"><InteractionEvent Delta="null" EndDate="2010-03-16 10:37:23.129 CET" Interest="129.18399" Kind="propagation" Navigation="org.eclipse.mylyn.core.model.edges.containment" OriginId="org.eclipse.mylyn.core.model.interest.propagation" StartDate="2010-03-15 20:25:15.280 CET" StructureHandle="" StructureKind="java" NumEvents="103" CreationCount="53"/><InteractionEvent Delta="null" EndDate="2010-02-17 19:54:33.580 CET" Interest="0.01700002" Kind="propagation" Navigation="org.eclipse.mylyn.core.model.edges.containment" OriginId="org.eclipse.mylyn.core.model.interest.propagation" StartDate="2010-02-17 19:54:33.580 CET" StructureHandle="=nunit/src\/main\/java&amp;lt;hudson.plugins.nunit{NUnitPublisher.java" StructureKind="java"/><InteractionEvent Delta="null" EndDate="2010-02-17 19:54:32.822 CET" Interest="1.0" Kind="selection" Navigation="null" OriginId="org.eclipse.jdt.ui.CompilationUnitEditor" StartDate="2010-02-17 19:54:32.822 CET" StructureHandle="=nunit/src\/main\/java&amp;lt;hudson.plugins.nunit{NUnitPublisher.java" StructureKind="java"/><InteractionEvent Delta="null" EndDate="2010-03-16 10:44:16.746 CET" Interest="47.0" Kind="propagation" Navigation="null" OriginId="org.eclipse.jdt.ui.PackageExplorer" StartDate="2010-02-17 19:55:37.116 CET" StructureHandle="/nunit/src/test/java/hudson/plugins/nunit/NUnitReportTransformerTest.java" StructureKind="resource" NumEvents="47" CreationCount="5"/><InteractionEvent Delta="null" EndDate="2010-03-15 20:50:23.914 CET" Interest="3.4650002" Kind="propagation" Navigation="org.eclipse.mylyn.core.model.edges.containment" OriginId="org.eclipse.mylyn.core.model.interest.propagation" StartDate="2010-03-15 20:35:58.26 CET" StructureHandle="=nunit/src\/test\/java&amp;lt;hudson.plugins.nunit{NUnitIntegrationTest.java#" StructureKind="java" NumEvents="2" CreationCount="1"/><InteractionEvent Delta="null" EndDate="2010-03-16 10:43:51.541 CET" Interest="1.0" Kind="propagation" Navigation="org.eclipse.mylyn.core.model.edges.containment" OriginId="org.eclipse.mylyn.core.model.interest.propagation" StartDate="2010-03-16 10:43:51.541 CET" StructureHandle="=nunit/src\/test\/resources&amp;lt;hudson.plugins.nunit.NUnitIntegrationTest" StructureKind="java"/><InteractionEvent Delta="null" EndDate="2010-03-16 10:44:16.746 CET" Interest="20.088999" Kind="propagation" Navigation="org.eclipse.mylyn.core.model.edges.containment" OriginId="org.eclipse.mylyn.core.model.interest.propagation" StartDate="2010-02-17 19:57:18.292 CET" StructureHandle="=nunit/src\/test\/java&amp;lt;hudson.plugins.nunit{NUnitReportTransformerTest.java[NUnitReportTransformerTest" StructureKind="java" NumEvents="26" CreationCount="2"/><InteractionEvent Delta="null" EndDate="2010-03-16 10:41:35.722 CET" Interest="3.0" Kind="selection" Navigation="null" OriginId="org.eclipse.jdt.ui.CompilationUnitEditor" StartDate="2010-02-17 19:57:04.864 CET" StructureHandle="=nunit/src\/test\/java&amp;lt;hudson.plugins.nunit{NUnitReportTransformerTest.java[NUnitReportTransformerTest" StructureKind="java" NumEvents="3" CreationCount="2"/><InteractionEvent Delta="null" EndDate="2010-03-15 20:34:25.34 CET" Interest="4.0" Kind="edit" Navigation="null" OriginId="org.eclipse.jdt.ui.CompilationUnitEditor" StartDate="2010-02-17 19:57:06.414 CET" StructureHandle="=nunit/src\/test\/java&amp;lt;hudson.plugins.nunit{NUnitReportTransformerTest.java[NUnitReportTransformerTest" StructureKind="java" NumEvents="4" CreationCount="15"/><InteractionEvent Delta="null" EndDate="2010-03-16 10:44:16.747 CET" Interest="142.06801" Kind="propagation" Navigation="org.eclipse.mylyn.core.model.edges.containment" OriginId="org.eclipse.mylyn.core.model.interest.propagation" StartDate="2010-02-17 19:54:32.824 CET" StructureHandle="/nunit/src" StructureKind="resource" NumEvents="146" CreationCount="1"/><InteractionEvent Delta="null" EndDate="2010-02-17 19:54:33.580 CET" Interest="2.0" Kind="propagation" Navigation="null" OriginId="org.eclipse.jdt.ui.CompilationUnitEditor" StartDate="2010-02-17 19:54:32.823 CET" StructureHandle="/nunit/src/main/java/hudson/plugins/nunit/NUnitPublisher.java" StructureKind="resource" NumEvents="2" CreationCount="1"/><InteractionEvent Delta="null" EndDate="2010-03-16 10:44:16.746 CET" Interest="13.0" Kind="selection" Navigation="null" OriginId="org.eclipse.jdt.ui.PackageExplorer" StartDate="2010-02-17 19:57:12.139 CET" StructureHandle="=nunit/src\/test\/java&amp;lt;hudson.plugins.nunit{NUnitReportTransformerTest.java[NUnitReportTransformerTest~testFilenameDoesNotContainInvalidChars" StructureKind="java" NumEvents="13" CreationCount="19"/><InteractionEvent Delta="null" EndDate="2010-03-16 10:44:15.57 CET" Interest="18.0" Kind="edit" Navigation="null" OriginId="org.eclipse.jdt.ui.CompilationUnitEditor" StartDate="2010-02-17 19:57:14.562 CET" StructureHandle="=nunit/src\/test\/java&amp;lt;hudson.plugins.nunit{NUnitReportTransformerTest.java[NUnitReportTransformerTest~testFilenameDoesNotContainInvalidChars" StructureKind="java" NumEvents="18" CreationCount="19"/><InteractionEvent Delta="null" EndDate="2010-03-15 20:50:23.913 CET" Interest="1.0" Kind="selection" Navigation="null" OriginId="org.eclipse.jdt.ui.CompilationUnitEditor" StartDate="2010-03-15 20:50:23.913 CET" StructureHandle="=nunit/src\/test\/java&amp;lt;hudson.plugins.nunit{NUnitIntegrationTest.java#org.jvnet.hudson.test.recipes.LocalData" StructureKind="java"/><InteractionEvent Delta="null" EndDate="2010-03-16 10:41:42.349 CET" Interest="14.507999" Kind="propagation" Navigation="org.eclipse.mylyn.core.model.edges.containment" OriginId="org.eclipse.mylyn.core.model.interest.propagation" StartDate="2010-02-17 19:55:54.901 CET" StructureHandle="=nunit/src\/test\/resources&amp;lt;hudson.plugins.nunit" StructureKind="java" NumEvents="19" CreationCount="6"/><InteractionEvent Delta="null" EndDate="2010-03-16 10:41:42.349 CET" Interest="26.0" Kind="propagation" Navigation="null" OriginId="org.eclipse.wst.xml.ui.internal.tabletree.XMLMultiPageEditorPart" StartDate="2010-02-17 19:55:54.901 CET" StructureHandle="/nunit/src/test/resources/hudson/plugins/nunit" StructureKind="resource" NumEvents="26" CreationCount="6"/><InteractionEvent Delta="null" EndDate="2010-03-16 10:44:16.747 CET" Interest="142.0" Kind="propagation" Navigation="org.eclipse.mylyn.core.model.edges.containment" OriginId="org.eclipse.mylyn.core.model.interest.propagation" StartDate="2010-02-17 19:55:37.116 CET" StructureHandle="/nunit/src/test/java/hudson" StructureKind="resource" NumEvents="142" CreationCount="5"/><InteractionEvent Delta="null" EndDate="2010-02-17 19:58:00.464 CET" Interest="1.0" Kind="propagation" Navigation="null" OriginId="org.eclipse.mylyn.resources.ui.interest.updater" StartDate="2010-02-17 19:58:00.464 CET" StructureHandle="/nunit/src/test/resources/hudson/plugins/nunit/issue-5673.xml" StructureKind="resource"/><InteractionEvent Delta="null" EndDate="2010-03-16 10:41:42.268 CET" Interest="4.0" Kind="selection" Navigation="null" OriginId="org.eclipse.wst.xml.ui.internal.tabletree.XMLMultiPageEditorPart" StartDate="2010-02-17 19:58:45.216 CET" StructureHandle="/nunit/src/test/resources/hudson/plugins/nunit/issue-5673.xml" StructureKind="resource" NumEvents="4" CreationCount="30"/><InteractionEvent Delta="null" EndDate="2010-03-16 10:41:42.349 CET" Interest="13.0" Kind="edit" Navigation="null" OriginId="org.eclipse.wst.xml.ui.internal.tabletree.XMLMultiPageEditorPart" StartDate="2010-02-17 19:58:45.288 CET" StructureHandle="/nunit/src/test/resources/hudson/plugins/nunit/issue-5673.xml" StructureKind="resource" NumEvents="13" CreationCount="30"/><InteractionEvent Delta="null" EndDate="2010-02-17 19:54:51.109 CET" Interest="0.01700002" Kind="propagation" Navigation="org.eclipse.mylyn.core.model.edges.containment" OriginId="org.eclipse.mylyn.core.model.interest.propagation" StartDate="2010-02-17 19:54:51.109 CET" StructureHandle="=nunit/src\/main\/java&amp;lt;hudson.plugins.nunit{NUnitReportTransformer.java" StructureKind="java"/><InteractionEvent Delta="null" EndDate="2010-03-16 10:44:06.487 CET" Interest="1.0570002" Kind="manipulation" Navigation="null" OriginId="org.eclipse.mylyn.core.model.interest.decay.correction" StartDate="2010-03-16 10:44:06.487 CET" StructureHandle="=nunit/src\/main\/java&amp;lt;hudson.plugins.nunit{NUnitReportTransformer.java" StructureKind="java"/><InteractionEvent Delta="null" EndDate="2010-03-16 10:44:06.487 CET" Interest="2.0" Kind="selection" Navigation="null" OriginId="org.eclipse.mylyn.resources.ui.interest.updater" StartDate="2010-02-17 19:54:50.428 CET" StructureHandle="=nunit/src\/main\/java&amp;lt;hudson.plugins.nunit{NUnitReportTransformer.java" StructureKind="java" NumEvents="2" CreationCount="45"/><InteractionEvent Delta="null" EndDate="2010-03-16 10:44:06.488 CET" Interest="5.0" Kind="propagation" Navigation="org.eclipse.mylyn.core.model.edges.containment" OriginId="org.eclipse.mylyn.core.model.interest.propagation" StartDate="2010-02-17 19:54:32.823 CET" StructureHandle="/nunit/src/main/java" StructureKind="resource" NumEvents="5" CreationCount="1"/><InteractionEvent Delta="null" EndDate="2010-03-16 10:44:06.488 CET" Interest="3.8220005" Kind="propagation" Navigation="org.eclipse.mylyn.core.model.edges.containment" OriginId="org.eclipse.mylyn.core.model.interest.propagation" StartDate="2010-02-17 19:54:32.825 CET" StructureHandle="=nunit/src\/main\/java" StructureKind="java" NumEvents="5" CreationCount="1"/><InteractionEvent Delta="null" EndDate="2010-03-16 10:43:51.541 CET" Interest="1.0" Kind="propagation" Navigation="null" OriginId="org.eclipse.mylyn.resources.ui.interest.updater" StartDate="2010-03-16 10:43:51.541 CET" StructureHandle="/nunit/src/test/resources/hudson/plugins/nunit/NUnitIntegrationTest" StructureKind="resource"/><InteractionEvent Delta="null" EndDate="2010-03-15 20:35:58.25 CET" Interest="1.0" Kind="selection" Navigation="null" OriginId="org.eclipse.jdt.ui.CompilationUnitEditor" StartDate="2010-03-15 20:35:58.25 CET" StructureHandle="=nunit/src\/test\/java&amp;lt;hudson.plugins.nunit{NUnitIntegrationTest.java#org.jvnet.hudson.test.HudsonTestCase" StructureKind="java"/><InteractionEvent Delta="null" EndDate="2010-03-16 10:44:06.488 CET" Interest="5.0" Kind="propagation" Navigation="null" OriginId="org.eclipse.mylyn.resources.ui.interest.updater" StartDate="2010-02-17 19:54:32.823 CET" StructureHandle="/nunit/src/main/java/hudson/plugins/nunit" StructureKind="resource" NumEvents="5" CreationCount="1"/><InteractionEvent Delta="null" EndDate="2010-03-15 21:05:10.437 CET" Interest="4.0" Kind="selection" Navigation="null" OriginId="org.eclipse.jdt.ui.CompilationUnitEditor" StartDate="2010-03-15 20:36:53.183 CET" StructureHandle="=nunit/src\/test\/java&amp;lt;hudson.plugins.nunit{NUnitIntegrationTest.java[NUnitIntegrationTest~testIssue5673" StructureKind="java" NumEvents="4" CreationCount="80"/><InteractionEvent Delta="null" EndDate="2010-03-15 21:05:11.519 CET" Interest="61.0" Kind="edit" Navigation="null" OriginId="org.eclipse.jdt.ui.CompilationUnitEditor" StartDate="2010-03-15 20:37:03.163 CET" StructureHandle="=nunit/src\/test\/java&amp;lt;hudson.plugins.nunit{NUnitIntegrationTest.java[NUnitIntegrationTest~testIssue5673" StructureKind="java" NumEvents="61" CreationCount="80"/><InteractionEvent Delta="null" EndDate="2010-03-16 10:44:16.785 CET" Interest="143.06801" Kind="propagation" Navigation="org.eclipse.mylyn.core.model.edges.containment" OriginId="org.eclipse.mylyn.core.model.interest.propagation" StartDate="2010-02-17 19:54:32.824 CET" StructureHandle="/" StructureKind="resource" NumEvents="146" CreationCount="1"/><InteractionEvent Delta="null" EndDate="2010-02-17 19:56:56.399 CET" Interest="3.0" Kind="selection" Navigation="null" OriginId="org.eclipse.wst.xml.ui.internal.tabletree.XMLMultiPageEditorPart" StartDate="2010-02-17 19:55:54.899 CET" StructureHandle="/nunit/src/test/resources/hudson/plugins/nunit/NUnit.xml" StructureKind="resource" NumEvents="3" CreationCount="6"/><InteractionEvent Delta="null" EndDate="2010-02-17 19:56:57.29 CET" Interest="5.0" Kind="edit" Navigation="null" OriginId="org.eclipse.wst.xml.ui.internal.tabletree.XMLMultiPageEditorPart" StartDate="2010-02-17 19:55:55.52 CET" StructureHandle="/nunit/src/test/resources/hudson/plugins/nunit/NUnit.xml" StructureKind="resource" NumEvents="5" CreationCount="6"/><InteractionEvent Delta="null" EndDate="2010-03-16 10:44:16.747 CET" Interest="142.0" Kind="propagation" Navigation="org.eclipse.mylyn.core.model.edges.containment" OriginId="org.eclipse.mylyn.core.model.interest.propagation" StartDate="2010-02-17 19:55:37.116 CET" StructureHandle="/nunit/src/test" StructureKind="resource" NumEvents="143" CreationCount="5"/><InteractionEvent Delta="null" EndDate="2010-02-17 19:54:51.109 CET" Interest="1.0" Kind="propagation" Navigation="org.eclipse.mylyn.core.model.edges.containment" OriginId="org.eclipse.mylyn.core.model.interest.propagation" StartDate="2010-02-17 19:54:51.109 CET" StructureHandle="=nunit/src\/main\/java&amp;lt;hudson.plugins.nunit{NUnitReportTransformer.java[NUnitReportTransformer" StructureKind="java"/><InteractionEvent Delta="null" EndDate="2010-03-16 10:43:51.541 CET" Interest="27.0" Kind="propagation" Navigation="null" OriginId="org.eclipse.mylyn.resources.ui.interest.updater" StartDate="2010-02-17 19:55:54.901 CET" StructureHandle="/nunit/src/test/resources" StructureKind="resource" NumEvents="27" CreationCount="6"/><InteractionEvent Delta="null" EndDate="2010-03-16 10:44:16.747 CET" Interest="142.0" Kind="propagation" Navigation="null" OriginId="org.eclipse.jdt.ui.PackageExplorer" StartDate="2010-02-17 19:55:37.116 CET" StructureHandle="/nunit/src/test/java/hudson/plugins/nunit" StructureKind="resource" NumEvents="142" CreationCount="5"/><InteractionEvent Delta="null" EndDate="2010-03-16 10:41:42.349 CET" Interest="26.0" Kind="propagation" Navigation="org.eclipse.mylyn.core.model.edges.containment" OriginId="org.eclipse.mylyn.core.model.interest.propagation" StartDate="2010-02-17 19:55:54.901 CET" StructureHandle="/nunit/src/test/resources/hudson/plugins" StructureKind="resource" NumEvents="26" CreationCount="6"/><InteractionEvent Delta="null" EndDate="2010-03-16 10:41:42.349 CET" Interest="26.0" Kind="propagation" Navigation="org.eclipse.mylyn.core.model.edges.containment" OriginId="org.eclipse.mylyn.core.model.interest.propagation" StartDate="2010-02-17 19:55:54.901 CET" StructureHandle="/nunit/src/test/resources/hudson" StructureKind="resource" NumEvents="26" CreationCount="6"/><InteractionEvent Delta="null" EndDate="2010-03-16 10:44:16.747 CET" Interest="142.0" Kind="propagation" Navigation="org.eclipse.mylyn.core.model.edges.containment" OriginId="org.eclipse.mylyn.core.model.interest.propagation" StartDate="2010-02-17 19:55:37.116 CET" StructureHandle="/nunit/src/test/java/hudson/plugins" StructureKind="resource" NumEvents="142" CreationCount="5"/><InteractionEvent Delta="null" EndDate="2010-03-16 10:37:21.779 CET" Interest="48.862003" Kind="propagation" Navigation="org.eclipse.mylyn.core.model.edges.containment" OriginId="org.eclipse.mylyn.core.model.interest.propagation" StartDate="2010-02-17 19:55:37.117 CET" StructureHandle="=nunit/src\/test\/java" StructureKind="java" NumEvents="70" CreationCount="5"/><InteractionEvent Delta="null" EndDate="2010-02-17 19:54:33.579 CET" Interest="1.0" Kind="propagation" Navigation="org.eclipse.mylyn.core.model.edges.containment" OriginId="org.eclipse.mylyn.core.model.interest.propagation" StartDate="2010-02-17 19:54:33.579 CET" StructureHandle="=nunit/src\/main\/java&amp;lt;hudson.plugins.nunit{NUnitPublisher.java[NUnitPublisher" StructureKind="java"/><InteractionEvent Delta="null" EndDate="2010-03-16 10:44:06.488 CET" Interest="5.0" Kind="propagation" Navigation="org.eclipse.mylyn.core.model.edges.containment" OriginId="org.eclipse.mylyn.core.model.interest.propagation" StartDate="2010-02-17 19:54:32.823 CET" StructureHandle="/nunit/src/main/java/hudson/plugins" StructureKind="resource" NumEvents="5" CreationCount="1"/><InteractionEvent Delta="null" EndDate="2010-03-16 10:37:23.129 CET" Interest="105.0" Kind="propagation" Navigation="null" OriginId="org.eclipse.jdt.ui.CompilationUnitEditor" StartDate="2010-03-15 20:25:15.280 CET" StructureHandle="/nunit" StructureKind="resource" NumEvents="105" CreationCount="53"/><InteractionEvent Delta="null" EndDate="2010-03-16 10:44:06.487 CET" Interest="3.0" Kind="propagation" Navigation="null" OriginId="org.eclipse.mylyn.resources.ui.interest.updater" StartDate="2010-02-17 19:54:50.429 CET" StructureHandle="/nunit/src/main/java/hudson/plugins/nunit/NUnitReportTransformer.java" StructureKind="resource" NumEvents="3" CreationCount="3"/><InteractionEvent Delta="null" EndDate="2010-03-16 10:44:06.487 CET" Interest="0.80500007" Kind="manipulation" Navigation="null" OriginId="org.eclipse.mylyn.core.model.interest.decay.correction" StartDate="2010-03-16 10:44:06.487 CET" StructureHandle="/nunit/src/main/java/hudson/plugins/nunit/NUnitReportTransformer.java" StructureKind="resource"/><InteractionEvent Delta="null" EndDate="2010-03-16 10:37:21.777 CET" Interest="95.0" Kind="propagation" Navigation="null" OriginId="org.eclipse.jdt.ui.CompilationUnitEditor" StartDate="2010-03-15 20:35:53.184 CET" StructureHandle="/nunit/src/test/java/hudson/plugins/nunit/NUnitIntegrationTest.java" StructureKind="resource" NumEvents="95" CreationCount="60"/><InteractionEvent Delta="null" EndDate="2010-03-16 10:44:06.488 CET" Interest="5.0" Kind="propagation" Navigation="org.eclipse.mylyn.core.model.edges.containment" OriginId="org.eclipse.mylyn.core.model.interest.propagation" StartDate="2010-02-17 19:54:32.824 CET" StructureHandle="/nunit/src/main" StructureKind="resource" NumEvents="5" CreationCount="1"/><InteractionEvent Delta="null" EndDate="2010-03-16 10:37:21.778 CET" Interest="48.862003" Kind="propagation" Navigation="org.eclipse.mylyn.core.model.edges.containment" OriginId="org.eclipse.mylyn.core.model.interest.propagation" StartDate="2010-02-17 19:55:37.117 CET" StructureHandle="=nunit/src\/test\/java&amp;lt;hudson.plugins.nunit" StructureKind="java" NumEvents="70" CreationCount="5"/><InteractionEvent Delta="null" EndDate="2010-02-17 19:54:33.579 CET" Interest="1.0" Kind="selection" Navigation="null" OriginId="org.eclipse.jdt.ui.CompilationUnitEditor" StartDate="2010-02-17 19:54:33.579 CET" StructureHandle="=nunit/src\/main\/java&amp;lt;hudson.plugins.nunit{NUnitPublisher.java[NUnitPublisher~perform~QAbstractBuild\&amp;lt;**&amp;gt;;~QLauncher;~QBuildListener;" StructureKind="java"/><InteractionEvent Delta="null" EndDate="2010-03-16 10:41:42.350 CET" Interest="14.507999" Kind="propagation" Navigation="org.eclipse.mylyn.core.model.edges.containment" OriginId="org.eclipse.mylyn.core.model.interest.propagation" StartDate="2010-02-17 19:55:54.902 CET" StructureHandle="=nunit/src\/test\/resources" StructureKind="java" NumEvents="19" CreationCount="6"/><InteractionEvent Delta="null" EndDate="2010-02-17 19:54:51.108 CET" Interest="1.0" Kind="selection" Navigation="null" OriginId="org.eclipse.jdt.ui.CompilationUnitEditor" StartDate="2010-02-17 19:54:51.108 CET" StructureHandle="=nunit/src\/main\/java&amp;lt;hudson.plugins.nunit{NUnitReportTransformer.java[NUnitReportTransformer~splitJUnitFile~QFile;~QFile;" StructureKind="java"/><InteractionEvent Delta="null" EndDate="2010-03-16 10:44:16.747 CET" Interest="142.0" Kind="propagation" Navigation="org.eclipse.mylyn.core.model.edges.containment" OriginId="org.eclipse.mylyn.core.model.interest.propagation" StartDate="2010-02-17 19:55:37.116 CET" StructureHandle="/nunit/src/test/java" StructureKind="resource" NumEvents="142" CreationCount="5"/><InteractionEvent Delta="null" EndDate="2010-03-15 21:05:11.519 CET" Interest="32.789" Kind="propagation" Navigation="org.eclipse.mylyn.core.model.edges.containment" OriginId="org.eclipse.mylyn.core.model.interest.propagation" StartDate="2010-03-15 20:42:25.748 CET" StructureHandle="=nunit/src\/test\/java&amp;lt;hudson.plugins.nunit{NUnitIntegrationTest.java[NUnitIntegrationTest" StructureKind="java" NumEvents="47" CreationCount="63"/><InteractionEvent Delta="null" EndDate="2010-03-15 21:05:08.435 CET" Interest="3.0" Kind="selection" Navigation="null" OriginId="org.eclipse.jdt.ui.CompilationUnitEditor" StartDate="2010-03-15 20:35:59.579 CET" StructureHandle="=nunit/src\/test\/java&amp;lt;hudson.plugins.nunit{NUnitIntegrationTest.java[NUnitIntegrationTest" StructureKind="java" NumEvents="3" CreationCount="63"/><InteractionEvent Delta="null" EndDate="2010-03-15 20:36:45.280 CET" Interest="16.0" Kind="edit" Navigation="null" OriginId="org.eclipse.jdt.ui.CompilationUnitEditor" StartDate="2010-03-15 20:36:03.36 CET" StructureHandle="=nunit/src\/test\/java&amp;lt;hudson.plugins.nunit{NUnitIntegrationTest.java[NUnitIntegrationTest" StructureKind="java" NumEvents="16" CreationCount="63"/><InteractionEvent Delta="null" EndDate="2010-03-16 10:44:06.488 CET" Interest="3.8220005" Kind="propagation" Navigation="org.eclipse.mylyn.core.model.edges.containment" OriginId="org.eclipse.mylyn.core.model.interest.propagation" StartDate="2010-02-17 19:54:32.824 CET" StructureHandle="=nunit/src\/main\/java&amp;lt;hudson.plugins.nunit" StructureKind="java" NumEvents="5" CreationCount="1"/><InteractionEvent Delta="null" EndDate="2010-03-16 10:44:06.488 CET" Interest="5.0" Kind="propagation" Navigation="org.eclipse.mylyn.core.model.edges.containment" OriginId="org.eclipse.mylyn.core.model.interest.propagation" StartDate="2010-02-17 19:54:32.823 CET" StructureHandle="/nunit/src/main/java/hudson" StructureKind="resource" NumEvents="5" CreationCount="1"/><InteractionEvent Delta="null" EndDate="2010-03-15 20:50:17.721 CET" Interest="43.340004" Kind="propagation" Navigation="org.eclipse.mylyn.core.model.edges.containment" OriginId="org.eclipse.mylyn.core.model.interest.propagation" StartDate="2010-03-15 20:35:53.183 CET" StructureHandle="=nunit/src\/test\/java&amp;lt;hudson.plugins.nunit{NUnitIntegrationTest.java" StructureKind="java" NumEvents="64" CreationCount="60"/><InteractionEvent Delta="null" EndDate="2010-03-15 20:50:21.847 CET" Interest="3.0" Kind="selection" Navigation="null" OriginId="org.eclipse.jdt.ui.CompilationUnitEditor" StartDate="2010-03-15 20:35:53.989 CET" StructureHandle="=nunit/src\/test\/java&amp;lt;hudson.plugins.nunit{NUnitIntegrationTest.java" StructureKind="java" NumEvents="3" CreationCount="60"/><InteractionEvent Delta="null" EndDate="2010-03-16 10:37:21.776 CET" Interest="2.0" Kind="edit" Navigation="null" OriginId="org.eclipse.jdt.ui.CompilationUnitEditor" StartDate="2010-03-15 20:50:28.26 CET" StructureHandle="=nunit/src\/test\/java&amp;lt;hudson.plugins.nunit{NUnitIntegrationTest.java" StructureKind="java" NumEvents="2" CreationCount="71"/><InteractionEvent Delta="null" EndDate="2010-03-16 10:44:16.746 CET" Interest="20.137999" Kind="propagation" Navigation="org.eclipse.mylyn.core.model.edges.containment" OriginId="org.eclipse.mylyn.core.model.interest.propagation" StartDate="2010-02-17 19:57:08.363 CET" StructureHandle="=nunit/src\/test\/java&amp;lt;hudson.plugins.nunit{NUnitReportTransformerTest.java" StructureKind="java" NumEvents="28" CreationCount="5"/><InteractionEvent Delta="null" EndDate="2010-03-16 10:41:44.799 CET" Interest="5.0" Kind="selection" Navigation="null" OriginId="org.eclipse.jdt.ui.CompilationUnitEditor" StartDate="2010-02-17 19:55:37.116 CET" StructureHandle="=nunit/src\/test\/java&amp;lt;hudson.plugins.nunit{NUnitReportTransformerTest.java" StructureKind="java" NumEvents="5" CreationCount="5"/><InteractionEvent Delta="null" EndDate="2010-03-16 10:37:23.128 CET" Interest="1.0" Kind="edit" Navigation="null" OriginId="org.eclipse.jdt.ui.CompilationUnitEditor" StartDate="2010-03-16 10:37:23.128 CET" StructureHandle="=nunit/src\/test\/java&amp;lt;hudson.plugins.nunit{NUnitReportTransformerTest.java" StructureKind="java"/><InteractionEvent Delta="null" EndDate="2010-03-16 10:43:51.540 CET" Interest="1.0" Kind="selection" Navigation="null" OriginId="org.eclipse.mylyn.resources.ui.interest.updater" StartDate="2010-03-16 10:43:51.540 CET" StructureHandle="/nunit/src/test/resources/hudson/plugins/nunit/NUnitIntegrationTest/testIssue5673.zip" StructureKind="resource"/><InteractionEvent Delta="null" EndDate="2010-03-16 10:44:16.747 CET" Interest="137.626" Kind="propagation" Navigation="org.eclipse.mylyn.core.model.edges.containment" OriginId="org.eclipse.mylyn.core.model.interest.propagation" StartDate="2010-02-17 19:54:32.824 CET" StructureHandle="=nunit" StructureKind="resource" NumEvents="142" CreationCount="27"/><InteractionEvent Delta="null" EndDate="2010-03-16 10:44:16.785 CET" Interest="5.0" Kind="selection" Navigation="null" OriginId="org.eclipse.jdt.ui.PackageExplorer" StartDate="2010-02-17 19:57:59.569 CET" StructureHandle="=nunit" StructureKind="java" NumEvents="5" CreationCount="27"/></InteractionHistory>