{
  "version" : "3.0.0",
  "gauges" : {
    "jenkins.executor.count.value" : {
      "value" : 2
    },
    "jenkins.executor.free.value" : {
      "value" : 2
    },
    "jenkins.executor.in-use.value" : {
      "value" : 0
    },
    "jenkins.health-check.count" : {
      "value" : 4
    },
    "jenkins.health-check.inverse-score" : {
      "value" : 0.0
    },
    "jenkins.health-check.score" : {
      "value" : 1.0
    },
    "jenkins.job.averageDepth" : {
      "value" : 1.0
    },
    "jenkins.job.count.value" : {
      "value" : 1
    },
    "jenkins.node.count.value" : {
      "value" : 1
    },
    "jenkins.node.offline.value" : {
      "value" : 0
    },
    "jenkins.node.online.value" : {
      "value" : 1
    },
    "jenkins.plugins.active" : {
      "value" : 29
    },
    "jenkins.plugins.failed" : {
      "value" : 0
    },
    "jenkins.plugins.inactive" : {
      "value" : 0
    },
    "jenkins.plugins.withUpdate" : {
      "value" : 0
    },
    "jenkins.project.count.value" : {
      "value" : 1
    },
    "jenkins.project.disabled.count.value" : {
      "value" : 0
    },
    "jenkins.project.enabled.count.value" : {
      "value" : 1
    },
    "jenkins.queue.blocked.value" : {
      "value" : 0
    },
    "jenkins.queue.buildable.value" : {
      "value" : 0
    },
    "jenkins.queue.pending.value" : {
      "value" : 0
    },
    "jenkins.queue.size.value" : {
      "value" : 0
    },
    "jenkins.queue.stuck.value" : {
      "value" : 0
    },
    "jenkins.versions.core" : {
      "value" : "2.32.1"
    },
    "jenkins.versions.plugin.antisamy-markup-formatter" : {
      "value" : "1.5"
    },
    "jenkins.versions.plugin.bouncycastle-api" : {
      "value" : "2.16.0"
    },
    "jenkins.versions.plugin.config-file-provider" : {
      "value" : "2.15.1"
    },
    "jenkins.versions.plugin.credentials" : {
      "value" : "2.1.10"
    },
    "jenkins.versions.plugin.display-url-api" : {
      "value" : "0.5"
    },
    "jenkins.versions.plugin.git" : {
      "value" : "3.0.1"
    },
    "jenkins.versions.plugin.git-client" : {
      "value" : "2.2.0"
    },
    "jenkins.versions.plugin.github" : {
      "value" : "1.25.0"
    },
    "jenkins.versions.plugin.github-api" : {
      "value" : "1.82"
    },
    "jenkins.versions.plugin.icon-shim" : {
      "value" : "2.0.3"
    },
    "jenkins.versions.plugin.jackson2-api" : {
      "value" : "2.7.3"
    },
    "jenkins.versions.plugin.javadoc" : {
      "value" : "1.4"
    },
    "jenkins.versions.plugin.junit" : {
      "value" : "1.19"
    },
    "jenkins.versions.plugin.mailer" : {
      "value" : "1.18"
    },
    "jenkins.versions.plugin.matrix-auth" : {
      "value" : "1.4"
    },
    "jenkins.versions.plugin.matrix-project" : {
      "value" : "1.7.1"
    },
    "jenkins.versions.plugin.maven-plugin" : {
      "value" : "2.14"
    },
    "jenkins.versions.plugin.metrics" : {
      "value" : "3.1.2.9"
    },
    "jenkins.versions.plugin.plain-credentials" : {
      "value" : "1.3"
    },
    "jenkins.versions.plugin.saferestart" : {
      "value" : "0.3"
    },
    "jenkins.versions.plugin.scm-api" : {
      "value" : "1.3"
    },
    "jenkins.versions.plugin.script-security" : {
      "value" : "1.25"
    },
    "jenkins.versions.plugin.ssh-credentials" : {
      "value" : "1.12"
    },
    "jenkins.versions.plugin.structs" : {
      "value" : "1.5"
    },
    "jenkins.versions.plugin.support-core" : {
      "value" : "2.38"
    },
    "jenkins.versions.plugin.token-macro" : {
      "value" : "2.0"
    },
    "jenkins.versions.plugin.windows-slaves" : {
      "value" : "1.2"
    },
    "jenkins.versions.plugin.workflow-scm-step" : {
      "value" : "2.3"
    },
    "jenkins.versions.plugin.workflow-step-api" : {
      "value" : "2.6"
    },
    "system.cpu.load" : {
      "value" : 0.19
    },
    "vm.blocked.count" : {
      "value" : 0
    },
    "vm.class.loaded" : {
      "value" : 10280
    },
    "vm.class.unloaded" : {
      "value" : 0
    },
    "vm.count" : {
      "value" : 40
    },
    "vm.cpu.load" : {
      "value" : 0.11134075605040336
    },
    "vm.daemon.count" : {
      "value" : 33
    },
    "vm.deadlock.count" : {
      "value" : 0
    },
    "vm.deadlocks" : {
      "value" : [ ]
    },
    "vm.file.descriptor.ratio" : {
      "value" : 0.0058746337890625
    },
    "vm.gc.PS-MarkSweep.count" : {
      "value" : 3
    },
    "vm.gc.PS-MarkSweep.time" : {
      "value" : 236
    },
    "vm.gc.PS-Scavenge.count" : {
      "value" : 32
    },
    "vm.gc.PS-Scavenge.time" : {
      "value" : 250
    },
    "vm.memory.heap.committed" : {
      "value" : 411041792
    },
    "vm.memory.heap.init" : {
      "value" : 65011712
    },
    "vm.memory.heap.max" : {
      "value" : 917504000
    },
    "vm.memory.heap.usage" : {
      "value" : 0.2017121843610491
    },
    "vm.memory.heap.used" : {
      "value" : 185071736
    },
    "vm.memory.non-heap.committed" : {
      "value" : 93085696
    },
    "vm.memory.non-heap.init" : {
      "value" : 2555904
    },
    "vm.memory.non-heap.max" : {
      "value" : -1
    },
    "vm.memory.non-heap.usage" : {
      "value" : -8.9186768E7
    },
    "vm.memory.non-heap.used" : {
      "value" : 89186768
    },
    "vm.memory.pools.Code-Cache.committed" : {
      "value" : 21168128
    },
    "vm.memory.pools.Code-Cache.init" : {
      "value" : 2555904
    },
    "vm.memory.pools.Code-Cache.max" : {
      "value" : 251658240
    },
    "vm.memory.pools.Code-Cache.usage" : {
      "value" : 0.08354390462239583
    },
    "vm.memory.pools.Code-Cache.used" : {
      "value" : 21024512
    },
    "vm.memory.pools.Compressed-Class-Space.committed" : {
      "value" : 7782400
    },
    "vm.memory.pools.Compressed-Class-Space.init" : {
      "value" : 0
    },
    "vm.memory.pools.Compressed-Class-Space.max" : {
      "value" : 1073741824
    },
    "vm.memory.pools.Compressed-Class-Space.usage" : {
      "value" : 0.006496705114841461
    },
    "vm.memory.pools.Compressed-Class-Space.used" : {
      "value" : 6975784
    },
    "vm.memory.pools.Metaspace.committed" : {
      "value" : 64135168
    },
    "vm.memory.pools.Metaspace.init" : {
      "value" : 0
    },
    "vm.memory.pools.Metaspace.max" : {
      "value" : -1
    },
    "vm.memory.pools.Metaspace.usage" : {
      "value" : 0.9540237268888109
    },
    "vm.memory.pools.Metaspace.used" : {
      "value" : 61187048
    },
    "vm.memory.pools.PS-Eden-Space.committed" : {
      "value" : 321912832
    },
    "vm.memory.pools.PS-Eden-Space.init" : {
      "value" : 16252928
    },
    "vm.memory.pools.PS-Eden-Space.max" : {
      "value" : 323485696
    },
    "vm.memory.pools.PS-Eden-Space.usage" : {
      "value" : 0.3985727269993416
    },
    "vm.memory.pools.PS-Eden-Space.used" : {
      "value" : 128932576
    },
    "vm.memory.pools.PS-Old-Gen.committed" : {
      "value" : 79691776
    },
    "vm.memory.pools.PS-Old-Gen.init" : {
      "value" : 43515904
    },
    "vm.memory.pools.PS-Old-Gen.max" : {
      "value" : 687865856
    },
    "vm.memory.pools.PS-Old-Gen.usage" : {
      "value" : 0.07064449496385528
    },
    "vm.memory.pools.PS-Old-Gen.used" : {
      "value" : 48593936
    },
    "vm.memory.pools.PS-Survivor-Space.committed" : {
      "value" : 9437184
    },
    "vm.memory.pools.PS-Survivor-Space.init" : {
      "value" : 2621440
    },
    "vm.memory.pools.PS-Survivor-Space.max" : {
      "value" : 9437184
    },
    "vm.memory.pools.PS-Survivor-Space.usage" : {
      "value" : 0.7995207044813368
    },
    "vm.memory.pools.PS-Survivor-Space.used" : {
      "value" : 7545224
    },
    "vm.memory.total.committed" : {
      "value" : 504127488
    },
    "vm.memory.total.init" : {
      "value" : 67567616
    },
    "vm.memory.total.max" : {
      "value" : 917503999
    },
    "vm.memory.total.used" : {
      "value" : 274281648
    },
    "vm.new.count" : {
      "value" : 0
    },
    "vm.runnable.count" : {
      "value" : 9
    },
    "vm.terminated.count" : {
      "value" : 0
    },
    "vm.timed_waiting.count" : {
      "value" : 18
    },
    "vm.uptime.milliseconds" : {
      "value" : 56301
    },
    "vm.waiting.count" : {
      "value" : 13
    }
  },
  "counters" : {
    "http.activeRequests" : {
      "count" : 1
    }
  },
  "histograms" : {
    "jenkins.executor.count.history" : {
      "count" : 4,
      "max" : 2,
      "mean" : 2.0,
      "min" : 2,
      "p50" : 2.0,
      "p75" : 2.0,
      "p95" : 2.0,
      "p98" : 2.0,
      "p99" : 2.0,
      "p999" : 2.0,
      "values" : [ 2, 2, 2, 2 ],
      "stddev" : 0.0
    },
    "jenkins.executor.free.history" : {
      "count" : 4,
      "max" : 2,
      "mean" : 2.0,
      "min" : 2,
      "p50" : 2.0,
      "p75" : 2.0,
      "p95" : 2.0,
      "p98" : 2.0,
      "p99" : 2.0,
      "p999" : 2.0,
      "values" : [ 2, 2, 2, 2 ],
      "stddev" : 0.0
    },
    "jenkins.executor.in-use.history" : {
      "count" : 4,
      "max" : 0,
      "mean" : 0.0,
      "min" : 0,
      "p50" : 0.0,
      "p75" : 0.0,
      "p95" : 0.0,
      "p98" : 0.0,
      "p99" : 0.0,
      "p999" : 0.0,
      "values" : [ 0, 0, 0, 0 ],
      "stddev" : 0.0
    },
    "jenkins.job.count.history" : {
      "count" : 4,
      "max" : 1,
      "mean" : 0.9999999999999999,
      "min" : 1,
      "p50" : 1.0,
      "p75" : 1.0,
      "p95" : 1.0,
      "p98" : 1.0,
      "p99" : 1.0,
      "p999" : 1.0,
      "values" : [ 1, 1, 1, 1 ],
      "stddev" : 1.1102230246251564E-16
    },
    "jenkins.node.count.history" : {
      "count" : 4,
      "max" : 1,
      "mean" : 1.0,
      "min" : 1,
      "p50" : 1.0,
      "p75" : 1.0,
      "p95" : 1.0,
      "p98" : 1.0,
      "p99" : 1.0,
      "p999" : 1.0,
      "values" : [ 1, 1, 1, 1 ],
      "stddev" : 0.0
    },
    "jenkins.node.offline.history" : {
      "count" : 4,
      "max" : 0,
      "mean" : 0.0,
      "min" : 0,
      "p50" : 0.0,
      "p75" : 0.0,
      "p95" : 0.0,
      "p98" : 0.0,
      "p99" : 0.0,
      "p999" : 0.0,
      "values" : [ 0, 0, 0, 0 ],
      "stddev" : 0.0
    },
    "jenkins.node.online.history" : {
      "count" : 4,
      "max" : 1,
      "mean" : 1.0,
      "min" : 1,
      "p50" : 1.0,
      "p75" : 1.0,
      "p95" : 1.0,
      "p98" : 1.0,
      "p99" : 1.0,
      "p999" : 1.0,
      "values" : [ 1, 1, 1, 1 ],
      "stddev" : 0.0
    },
    "jenkins.project.count.history" : {
      "count" : 4,
      "max" : 1,
      "mean" : 1.0,
      "min" : 1,
      "p50" : 1.0,
      "p75" : 1.0,
      "p95" : 1.0,
      "p98" : 1.0,
      "p99" : 1.0,
      "p999" : 1.0,
      "values" : [ 1, 1, 1, 1 ],
      "stddev" : 0.0
    },
    "jenkins.project.disabled.count.history" : {
      "count" : 4,
      "max" : 0,
      "mean" : 0.0,
      "min" : 0,
      "p50" : 0.0,
      "p75" : 0.0,
      "p95" : 0.0,
      "p98" : 0.0,
      "p99" : 0.0,
      "p999" : 0.0,
      "values" : [ 0, 0, 0, 0 ],
      "stddev" : 0.0
    },
    "jenkins.project.enabled.count.history" : {
      "count" : 4,
      "max" : 1,
      "mean" : 1.0,
      "min" : 1,
      "p50" : 1.0,
      "p75" : 1.0,
      "p95" : 1.0,
      "p98" : 1.0,
      "p99" : 1.0,
      "p999" : 1.0,
      "values" : [ 1, 1, 1, 1 ],
      "stddev" : 0.0
    },
    "jenkins.queue.blocked.history" : {
      "count" : 4,
      "max" : 0,
      "mean" : 0.0,
      "min" : 0,
      "p50" : 0.0,
      "p75" : 0.0,
      "p95" : 0.0,
      "p98" : 0.0,
      "p99" : 0.0,
      "p999" : 0.0,
      "values" : [ 0, 0, 0, 0 ],
      "stddev" : 0.0
    },
    "jenkins.queue.buildable.history" : {
      "count" : 4,
      "max" : 0,
      "mean" : 0.0,
      "min" : 0,
      "p50" : 0.0,
      "p75" : 0.0,
      "p95" : 0.0,
      "p98" : 0.0,
      "p99" : 0.0,
      "p999" : 0.0,
      "values" : [ 0, 0, 0, 0 ],
      "stddev" : 0.0
    },
    "jenkins.queue.pending.history" : {
      "count" : 4,
      "max" : 0,
      "mean" : 0.0,
      "min" : 0,
      "p50" : 0.0,
      "p75" : 0.0,
      "p95" : 0.0,
      "p98" : 0.0,
      "p99" : 0.0,
      "p999" : 0.0,
      "values" : [ 0, 0, 0, 0 ],
      "stddev" : 0.0
    },
    "jenkins.queue.size.history" : {
      "count" : 4,
      "max" : 0,
      "mean" : 0.0,
      "min" : 0,
      "p50" : 0.0,
      "p75" : 0.0,
      "p95" : 0.0,
      "p98" : 0.0,
      "p99" : 0.0,
      "p999" : 0.0,
      "values" : [ 0, 0, 0, 0 ],
      "stddev" : 0.0
    },
    "jenkins.queue.stuck.history" : {
      "count" : 4,
      "max" : 0,
      "mean" : 0.0,
      "min" : 0,
      "p50" : 0.0,
      "p75" : 0.0,
      "p95" : 0.0,
      "p98" : 0.0,
      "p99" : 0.0,
      "p999" : 0.0,
      "values" : [ 0, 0, 0, 0 ],
      "stddev" : 0.0
    },
    "system.cpu.load.x100.history" : {
      "count" : 4,
      "max" : 40,
      "mean" : 26.583742826660043,
      "min" : 19,
      "p50" : 24.0,
      "p75" : 31.0,
      "p95" : 40.0,
      "p98" : 40.0,
      "p99" : 40.0,
      "p999" : 40.0,
      "values" : [ 19, 24, 31, 40 ],
      "stddev" : 7.528299787295778
    },
    "system.cpu.load.x100.window.15m" : {
      "count" : 4,
      "max" : 40,
      "mean" : 28.5,
      "min" : 19,
      "p50" : 27.5,
      "p75" : 37.75,
      "p95" : 40.0,
      "p98" : 40.0,
      "p99" : 40.0,
      "p999" : 40.0,
      "values" : [ 19, 24, 31, 40 ],
      "stddev" : 9.1104335791443
    },
    "system.cpu.load.x100.window.1h" : {
      "count" : 4,
      "max" : 40,
      "mean" : 28.5,
      "min" : 19,
      "p50" : 27.5,
      "p75" : 37.75,
      "p95" : 40.0,
      "p98" : 40.0,
      "p99" : 40.0,
      "p999" : 40.0,
      "values" : [ 19, 24, 31, 40 ],
      "stddev" : 9.1104335791443
    },
    "system.cpu.load.x100.window.5m" : {
      "count" : 4,
      "max" : 40,
      "mean" : 28.5,
      "min" : 19,
      "p50" : 27.5,
      "p75" : 37.75,
      "p95" : 40.0,
      "p98" : 40.0,
      "p99" : 40.0,
      "p999" : 40.0,
      "values" : [ 19, 24, 31, 40 ],
      "stddev" : 9.1104335791443
    },
    "vm.cpu.load.x100.history" : {
      "count" : 4,
      "max" : 1878,
      "mean" : 334.9454541687916,
      "min" : 4,
      "p50" : 11.0,
      "p75" : 21.0,
      "p95" : 1878.0,
      "p98" : 1878.0,
      "p99" : 1878.0,
      "p999" : 1878.0,
      "values" : [ 4, 11, 21, 1878 ],
      "stddev" : 705.4578722930588
    },
    "vm.cpu.load.x100.window.15m" : {
      "count" : 4,
      "max" : 1878,
      "mean" : 478.5,
      "min" : 4,
      "p50" : 16.0,
      "p75" : 1413.75,
      "p95" : 1878.0,
      "p98" : 1878.0,
      "p99" : 1878.0,
      "p999" : 1878.0,
      "values" : [ 4, 11, 21, 1878 ],
      "stddev" : 933.0260803786069
    },
    "vm.cpu.load.x100.window.1h" : {
      "count" : 4,
      "max" : 1878,
      "mean" : 478.5,
      "min" : 4,
      "p50" : 16.0,
      "p75" : 1413.75,
      "p95" : 1878.0,
      "p98" : 1878.0,
      "p99" : 1878.0,
      "p999" : 1878.0,
      "values" : [ 4, 11, 21, 1878 ],
      "stddev" : 933.0260803786069
    },
    "vm.cpu.load.x100.window.5m" : {
      "count" : 4,
      "max" : 1878,
      "mean" : 478.5,
      "min" : 4,
      "p50" : 16.0,
      "p75" : 1413.75,
      "p95" : 1878.0,
      "p98" : 1878.0,
      "p99" : 1878.0,
      "p999" : 1878.0,
      "values" : [ 4, 11, 21, 1878 ],
      "stddev" : 933.0260803786069
    },
    "vm.file.descriptor.ratio.x100.history" : {
      "count" : 4,
      "max" : 1,
      "mean" : 1.0,
      "min" : 1,
      "p50" : 1.0,
      "p75" : 1.0,
      "p95" : 1.0,
      "p98" : 1.0,
      "p99" : 1.0,
      "p999" : 1.0,
      "values" : [ 1, 1, 1, 1 ],
      "stddev" : 0.0
    },
    "vm.file.descriptor.ratio.x100.window.15m" : {
      "count" : 4,
      "max" : 1,
      "mean" : 1.0,
      "min" : 1,
      "p50" : 1.0,
      "p75" : 1.0,
      "p95" : 1.0,
      "p98" : 1.0,
      "p99" : 1.0,
      "p999" : 1.0,
      "values" : [ 1, 1, 1, 1 ],
      "stddev" : 0.0
    },
    "vm.file.descriptor.ratio.x100.window.1h" : {
      "count" : 4,
      "max" : 1,
      "mean" : 1.0,
      "min" : 1,
      "p50" : 1.0,
      "p75" : 1.0,
      "p95" : 1.0,
      "p98" : 1.0,
      "p99" : 1.0,
      "p999" : 1.0,
      "values" : [ 1, 1, 1, 1 ],
      "stddev" : 0.0
    },
    "vm.file.descriptor.ratio.x100.window.5m" : {
      "count" : 4,
      "max" : 1,
      "mean" : 1.0,
      "min" : 1,
      "p50" : 1.0,
      "p75" : 1.0,
      "p95" : 1.0,
      "p98" : 1.0,
      "p99" : 1.0,
      "p999" : 1.0,
      "values" : [ 1, 1, 1, 1 ],
      "stddev" : 0.0
    },
    "vm.memory.heap.committed.history" : {
      "count" : 4,
      "max" : 411566080,
      "mean" : 4.059891530506335E8,
      "min" : 381157376,
      "p50" : 4.11041792E8,
      "p75" : 4.11041792E8,
      "p95" : 4.1156608E8,
      "p98" : 4.1156608E8,
      "p99" : 4.1156608E8,
      "p999" : 4.1156608E8,
      "values" : [ 381157376, 411041792, 411041792, 411566080 ],
      "stddev" : 1.1354183645967918E7
    },
    "vm.memory.heap.committed.window.15m" : {
      "count" : 4,
      "max" : 411566080,
      "mean" : 4.0370176E8,
      "min" : 381157376,
      "p50" : 4.11041792E8,
      "p75" : 4.11435008E8,
      "p95" : 4.1156608E8,
      "p98" : 4.1156608E8,
      "p99" : 4.1156608E8,
      "p999" : 4.1156608E8,
      "values" : [ 381157376, 411041792, 411041792, 411566080 ],
      "stddev" : 1.5031621320002975E7
    },
    "vm.memory.heap.committed.window.1h" : {
      "count" : 4,
      "max" : 411566080,
      "mean" : 4.0370176E8,
      "min" : 381157376,
      "p50" : 4.11041792E8,
      "p75" : 4.11435008E8,
      "p95" : 4.1156608E8,
      "p98" : 4.1156608E8,
      "p99" : 4.1156608E8,
      "p999" : 4.1156608E8,
      "values" : [ 381157376, 411041792, 411041792, 411566080 ],
      "stddev" : 1.5031621320002975E7
    },
    "vm.memory.heap.committed.window.5m" : {
      "count" : 4,
      "max" : 411566080,
      "mean" : 4.0370176E8,
      "min" : 381157376,
      "p50" : 4.11041792E8,
      "p75" : 4.11435008E8,
      "p95" : 4.1156608E8,
      "p98" : 4.1156608E8,
      "p99" : 4.1156608E8,
      "p999" : 4.1156608E8,
      "values" : [ 381157376, 411041792, 411041792, 411566080 ],
      "stddev" : 1.5031621320002975E7
    },
    "vm.memory.heap.usage.x100.history" : {
      "count" : 4,
      "max" : 40,
      "mean" : 24.207936960634548,
      "min" : 17,
      "p50" : 20.0,
      "p75" : 24.0,
      "p95" : 40.0,
      "p98" : 40.0,
      "p99" : 40.0,
      "p999" : 40.0,
      "values" : [ 17, 20, 24, 40 ],
      "stddev" : 8.607858889712869
    },
    "vm.memory.heap.usage.x100.window.15m" : {
      "count" : 4,
      "max" : 40,
      "mean" : 25.25,
      "min" : 17,
      "p50" : 22.0,
      "p75" : 36.0,
      "p95" : 40.0,
      "p98" : 40.0,
      "p99" : 40.0,
      "p999" : 40.0,
      "values" : [ 17, 20, 24, 40 ],
      "stddev" : 10.242883708539635
    },
    "vm.memory.heap.usage.x100.window.1h" : {
      "count" : 4,
      "max" : 40,
      "mean" : 25.25,
      "min" : 17,
      "p50" : 22.0,
      "p75" : 36.0,
      "p95" : 40.0,
      "p98" : 40.0,
      "p99" : 40.0,
      "p999" : 40.0,
      "values" : [ 17, 20, 24, 40 ],
      "stddev" : 10.242883708539635
    },
    "vm.memory.heap.usage.x100.window.5m" : {
      "count" : 4,
      "max" : 40,
      "mean" : 25.25,
      "min" : 17,
      "p50" : 22.0,
      "p75" : 36.0,
      "p95" : 40.0,
      "p98" : 40.0,
      "p99" : 40.0,
      "p999" : 40.0,
      "values" : [ 17, 20, 24, 40 ],
      "stddev" : 10.242883708539635
    },
    "vm.memory.heap.used.history" : {
      "count" : 4,
      "max" : 369990304,
      "mean" : 2.2134280844369164E8,
      "min" : 152859848,
      "p50" : 1.8286992E8,
      "p75" : 2.18152856E8,
      "p95" : 3.69990304E8,
      "p98" : 3.69990304E8,
      "p99" : 3.69990304E8,
      "p999" : 3.69990304E8,
      "values" : [ 152859848, 182869920, 218152856, 369990304 ],
      "stddev" : 8.09901090803099E7
    },
    "vm.memory.heap.used.window.15m" : {
      "count" : 4,
      "max" : 369990304,
      "mean" : 2.30968232E8,
      "min" : 152859848,
      "p50" : 2.00511388E8,
      "p75" : 3.32030942E8,
      "p95" : 3.69990304E8,
      "p98" : 3.69990304E8,
      "p99" : 3.69990304E8,
      "p999" : 3.69990304E8,
      "values" : [ 152859848, 182869920, 218152856, 369990304 ],
      "stddev" : 9.644642318153527E7
    },
    "vm.memory.heap.used.window.1h" : {
      "count" : 4,
      "max" : 369990304,
      "mean" : 2.30968232E8,
      "min" : 152859848,
      "p50" : 2.00511388E8,
      "p75" : 3.32030942E8,
      "p95" : 3.69990304E8,
      "p98" : 3.69990304E8,
      "p99" : 3.69990304E8,
      "p999" : 3.69990304E8,
      "values" : [ 152859848, 182869920, 218152856, 369990304 ],
      "stddev" : 9.644642318153527E7
    },
    "vm.memory.heap.used.window.5m" : {
      "count" : 4,
      "max" : 369990304,
      "mean" : 2.30968232E8,
      "min" : 152859848,
      "p50" : 2.00511388E8,
      "p75" : 3.32030942E8,
      "p95" : 3.69990304E8,
      "p98" : 3.69990304E8,
      "p99" : 3.69990304E8,
      "p999" : 3.69990304E8,
      "values" : [ 152859848, 182869920, 218152856, 369990304 ],
      "stddev" : 9.644642318153527E7
    },
    "vm.memory.non-heap.committed.history" : {
      "count" : 4,
      "max" : 92430336,
      "mean" : 8.952875061560676E7,
      "min" : 82665472,
      "p50" : 9.1512832E7,
      "p75" : 9.2430336E7,
      "p95" : 9.2430336E7,
      "p98" : 9.2430336E7,
      "p99" : 9.2430336E7,
      "p999" : 9.2430336E7,
      "values" : [ 82665472, 87973888, 91512832, 92430336 ],
      "stddev" : 3548546.022953862
    },
    "vm.memory.non-heap.committed.window.15m" : {
      "count" : 4,
      "max" : 92430336,
      "mean" : 8.8645632E7,
      "min" : 82665472,
      "p50" : 8.974336E7,
      "p75" : 9.220096E7,
      "p95" : 9.2430336E7,
      "p98" : 9.2430336E7,
      "p99" : 9.2430336E7,
      "p999" : 9.2430336E7,
      "values" : [ 82665472, 87973888, 91512832, 92430336 ],
      "stddev" : 4425621.381408943
    },
    "vm.memory.non-heap.committed.window.1h" : {
      "count" : 4,
      "max" : 92430336,
      "mean" : 8.8645632E7,
      "min" : 82665472,
      "p50" : 8.974336E7,
      "p75" : 9.220096E7,
      "p95" : 9.2430336E7,
      "p98" : 9.2430336E7,
      "p99" : 9.2430336E7,
      "p999" : 9.2430336E7,
      "values" : [ 82665472, 87973888, 91512832, 92430336 ],
      "stddev" : 4425621.381408943
    },
    "vm.memory.non-heap.committed.window.5m" : {
      "count" : 4,
      "max" : 92430336,
      "mean" : 8.8645632E7,
      "min" : 82665472,
      "p50" : 8.974336E7,
      "p75" : 9.220096E7,
      "p95" : 9.2430336E7,
      "p98" : 9.2430336E7,
      "p99" : 9.2430336E7,
      "p999" : 9.2430336E7,
      "values" : [ 82665472, 87973888, 91512832, 92430336 ],
      "stddev" : 4425621.381408943
    },
    "vm.memory.non-heap.usage.x100.history" : {
      "count" : 4,
      "max" : -7862474400,
      "mean" : -8.576587639690033E9,
      "min" : -8871940000,
      "p50" : -8.7813856E9,
      "p75" : -8.4271408E9,
      "p95" : -7.8624744E9,
      "p98" : -7.8624744E9,
      "p99" : -7.8624744E9,
      "p999" : -7.8624744E9,
      "values" : [ -8871940000, -8781385600, -8427140800, -7862474400 ],
      "stddev" : 3.6603390296322507E8
    },
    "vm.memory.non-heap.usage.x100.window.15m" : {
      "count" : 4,
      "max" : -7862474400,
      "mean" : -8.4857352E9,
      "min" : -8871940000,
      "p50" : -8.6042632E9,
      "p75" : -8.003641E9,
      "p95" : -7.8624744E9,
      "p98" : -7.8624744E9,
      "p99" : -7.8624744E9,
      "p999" : -7.8624744E9,
      "values" : [ -8871940000, -8781385600, -8427140800, -7862474400 ],
      "stddev" : 4.576937240452397E8
    },
    "vm.memory.non-heap.usage.x100.window.1h" : {
      "count" : 4,
      "max" : -7862474400,
      "mean" : -8.4857352E9,
      "min" : -8871940000,
      "p50" : -8.6042632E9,
      "p75" : -8.003641E9,
      "p95" : -7.8624744E9,
      "p98" : -7.8624744E9,
      "p99" : -7.8624744E9,
      "p999" : -7.8624744E9,
      "values" : [ -8871940000, -8781385600, -8427140800, -7862474400 ],
      "stddev" : 4.576937240452397E8
    },
    "vm.memory.non-heap.usage.x100.window.5m" : {
      "count" : 4,
      "max" : -7862474400,
      "mean" : -8.4857352E9,
      "min" : -8871940000,
      "p50" : -8.6042632E9,
      "p75" : -8.003641E9,
      "p95" : -7.8624744E9,
      "p98" : -7.8624744E9,
      "p99" : -7.8624744E9,
      "p999" : -7.8624744E9,
      "values" : [ -8871940000, -8781385600, -8427140800, -7862474400 ],
      "stddev" : 4.576937240452397E8
    },
    "vm.memory.non-heap.used.history" : {
      "count" : 4,
      "max" : 88719400,
      "mean" : 8.576588746062973E7,
      "min" : 78624808,
      "p50" : 8.7813856E7,
      "p75" : 8.87194E7,
      "p95" : 8.87194E7,
      "p98" : 8.87194E7,
      "p99" : 8.87194E7,
      "p999" : 8.87194E7,
      "values" : [ 78624808, 84271408, 87813856, 88719400 ],
      "stddev" : 3660317.4448839966
    },
    "vm.memory.non-heap.used.window.15m" : {
      "count" : 4,
      "max" : 88719400,
      "mean" : 8.4857368E7,
      "min" : 78624808,
      "p50" : 8.6042632E7,
      "p75" : 8.8493014E7,
      "p95" : 8.87194E7,
      "p98" : 8.87194E7,
      "p99" : 8.87194E7,
      "p999" : 8.87194E7,
      "values" : [ 78624808, 84271408, 87813856, 88719400 ],
      "stddev" : 4576908.189974538
    },
    "vm.memory.non-heap.used.window.1h" : {
      "count" : 4,
      "max" : 88719400,
      "mean" : 8.4857368E7,
      "min" : 78624808,
      "p50" : 8.6042632E7,
      "p75" : 8.8493014E7,
      "p95" : 8.87194E7,
      "p98" : 8.87194E7,
      "p99" : 8.87194E7,
      "p999" : 8.87194E7,
      "values" : [ 78624808, 84271408, 87813856, 88719400 ],
      "stddev" : 4576908.189974538
    },
    "vm.memory.non-heap.used.window.5m" : {
      "count" : 4,
      "max" : 88719400,
      "mean" : 8.4857368E7,
      "min" : 78624808,
      "p50" : 8.6042632E7,
      "p75" : 8.8493014E7,
      "p95" : 8.87194E7,
      "p98" : 8.87194E7,
      "p99" : 8.87194E7,
      "p999" : 8.87194E7,
      "values" : [ 78624808, 84271408, 87813856, 88719400 ],
      "stddev" : 4576908.189974538
    },
    "vm.memory.pools.Code-Cache.committed.history" : {
      "count" : 4,
      "max" : 20774912,
      "mean" : 1.90667313154716E7,
      "min" : 15204352,
      "p50" : 2.0119552E7,
      "p75" : 2.0774912E7,
      "p95" : 2.0774912E7,
      "p98" : 2.0774912E7,
      "p99" : 2.0774912E7,
      "p999" : 2.0774912E7,
      "values" : [ 15204352, 18153472, 20119552, 20774912 ],
      "stddev" : 2012621.8494653453
    },
    "vm.memory.pools.Code-Cache.committed.window.15m" : {
      "count" : 4,
      "max" : 20774912,
      "mean" : 1.8563072E7,
      "min" : 15204352,
      "p50" : 1.9136512E7,
      "p75" : 2.0611072E7,
      "p95" : 2.0774912E7,
      "p98" : 2.0774912E7,
      "p99" : 2.0774912E7,
      "p999" : 2.0774912E7,
      "values" : [ 15204352, 18153472, 20119552, 20774912 ],
      "stddev" : 2500909.0596820987
    },
    "vm.memory.pools.Code-Cache.committed.window.1h" : {
      "count" : 4,
      "max" : 20774912,
      "mean" : 1.8563072E7,
      "min" : 15204352,
      "p50" : 1.9136512E7,
      "p75" : 2.0611072E7,
      "p95" : 2.0774912E7,
      "p98" : 2.0774912E7,
      "p99" : 2.0774912E7,
      "p999" : 2.0774912E7,
      "values" : [ 15204352, 18153472, 20119552, 20774912 ],
      "stddev" : 2500909.0596820987
    },
    "vm.memory.pools.Code-Cache.committed.window.5m" : {
      "count" : 4,
      "max" : 20774912,
      "mean" : 1.8563072E7,
      "min" : 15204352,
      "p50" : 1.9136512E7,
      "p75" : 2.0611072E7,
      "p95" : 2.0774912E7,
      "p98" : 2.0774912E7,
      "p99" : 2.0774912E7,
      "p999" : 2.0774912E7,
      "values" : [ 15204352, 18153472, 20119552, 20774912 ],
      "stddev" : 2500909.0596820987
    },
    "vm.memory.pools.Code-Cache.usage.x100.history" : {
      "count" : 4,
      "max" : 8,
      "mean" : 7.43776846225577,
      "min" : 6,
      "p50" : 8.0,
      "p75" : 8.0,
      "p95" : 8.0,
      "p98" : 8.0,
      "p99" : 8.0,
      "p999" : 8.0,
      "values" : [ 6, 7, 8, 8 ],
      "stddev" : 0.7693300846170591
    },
    "vm.memory.pools.Code-Cache.usage.x100.window.15m" : {
      "count" : 4,
      "max" : 8,
      "mean" : 7.25,
      "min" : 6,
      "p50" : 7.5,
      "p75" : 8.0,
      "p95" : 8.0,
      "p98" : 8.0,
      "p99" : 8.0,
      "p999" : 8.0,
      "values" : [ 6, 7, 8, 8 ],
      "stddev" : 0.9574271077563381
    },
    "vm.memory.pools.Code-Cache.usage.x100.window.1h" : {
      "count" : 4,
      "max" : 8,
      "mean" : 7.25,
      "min" : 6,
      "p50" : 7.5,
      "p75" : 8.0,
      "p95" : 8.0,
      "p98" : 8.0,
      "p99" : 8.0,
      "p999" : 8.0,
      "values" : [ 6, 7, 8, 8 ],
      "stddev" : 0.9574271077563381
    },
    "vm.memory.pools.Code-Cache.usage.x100.window.5m" : {
      "count" : 4,
      "max" : 8,
      "mean" : 7.25,
      "min" : 6,
      "p50" : 7.5,
      "p75" : 8.0,
      "p95" : 8.0,
      "p98" : 8.0,
      "p99" : 8.0,
      "p999" : 8.0,
      "values" : [ 6, 7, 8, 8 ],
      "stddev" : 0.9574271077563381
    },
    "vm.memory.pools.Code-Cache.used.history" : {
      "count" : 4,
      "max" : 20610368,
      "mean" : 1.8840378283145133E7,
      "min" : 14906112,
      "p50" : 1.9971008E7,
      "p75" : 2.0610368E7,
      "p95" : 2.0610368E7,
      "p98" : 2.0610368E7,
      "p99" : 2.0610368E7,
      "p999" : 2.0610368E7,
      "values" : [ 14906112, 17790144, 19971008, 20610368 ],
      "stddev" : 2079618.648117741
    },
    "vm.memory.pools.Code-Cache.used.window.15m" : {
      "count" : 4,
      "max" : 20610368,
      "mean" : 1.8319408E7,
      "min" : 14906112,
      "p50" : 1.8880576E7,
      "p75" : 2.0450528E7,
      "p95" : 2.0610368E7,
      "p98" : 2.0610368E7,
      "p99" : 2.0610368E7,
      "p999" : 2.0610368E7,
      "values" : [ 14906112, 17790144, 19971008, 20610368 ],
      "stddev" : 2575978.1473524445
    },
    "vm.memory.pools.Code-Cache.used.window.1h" : {
      "count" : 4,
      "max" : 20610368,
      "mean" : 1.8319408E7,
      "min" : 14906112,
      "p50" : 1.8880576E7,
      "p75" : 2.0450528E7,
      "p95" : 2.0610368E7,
      "p98" : 2.0610368E7,
      "p99" : 2.0610368E7,
      "p999" : 2.0610368E7,
      "values" : [ 14906112, 17790144, 19971008, 20610368 ],
      "stddev" : 2575978.1473524445
    },
    "vm.memory.pools.Code-Cache.used.window.5m" : {
      "count" : 4,
      "max" : 20610368,
      "mean" : 1.8320752E7,
      "min" : 14911488,
      "p50" : 1.8880576E7,
      "p75" : 2.0450528E7,
      "p95" : 2.0610368E7,
      "p98" : 2.0610368E7,
      "p99" : 2.0610368E7,
      "p999" : 2.0610368E7,
      "values" : [ 14911488, 17790144, 19971008, 20610368 ],
      "stddev" : 2573603.9687794494
    },
    "vm.memory.pools.Compressed-Class-Space.committed.history" : {
      "count" : 4,
      "max" : 7782400,
      "mean" : 7708707.187884788,
      "min" : 7520256,
      "p50" : 7782400.0,
      "p75" : 7782400.0,
      "p95" : 7782400.0,
      "p98" : 7782400.0,
      "p99" : 7782400.0,
      "p999" : 7782400.0,
      "values" : [ 7520256, 7651328, 7782400, 7782400 ],
      "stddev" : 100837.63285092716
    },
    "vm.memory.pools.Compressed-Class-Space.committed.window.15m" : {
      "count" : 4,
      "max" : 7782400,
      "mean" : 7684096.0,
      "min" : 7520256,
      "p50" : 7716864.0,
      "p75" : 7782400.0,
      "p95" : 7782400.0,
      "p98" : 7782400.0,
      "p99" : 7782400.0,
      "p999" : 7782400.0,
      "values" : [ 7520256, 7651328, 7782400, 7782400 ],
      "stddev" : 125491.88586783875
    },
    "vm.memory.pools.Compressed-Class-Space.committed.window.1h" : {
      "count" : 4,
      "max" : 7782400,
      "mean" : 7684096.0,
      "min" : 7520256,
      "p50" : 7716864.0,
      "p75" : 7782400.0,
      "p95" : 7782400.0,
      "p98" : 7782400.0,
      "p99" : 7782400.0,
      "p999" : 7782400.0,
      "values" : [ 7520256, 7651328, 7782400, 7782400 ],
      "stddev" : 125491.88586783875
    },
    "vm.memory.pools.Compressed-Class-Space.committed.window.5m" : {
      "count" : 4,
      "max" : 7782400,
      "mean" : 7684096.0,
      "min" : 7520256,
      "p50" : 7716864.0,
      "p75" : 7782400.0,
      "p95" : 7782400.0,
      "p98" : 7782400.0,
      "p99" : 7782400.0,
      "p999" : 7782400.0,
      "values" : [ 7520256, 7651328, 7782400, 7782400 ],
      "stddev" : 125491.88586783875
    },
    "vm.memory.pools.Compressed-Class-Space.usage.x100.history" : {
      "count" : 4,
      "max" : 1,
      "mean" : 1.0,
      "min" : 1,
      "p50" : 1.0,
      "p75" : 1.0,
      "p95" : 1.0,
      "p98" : 1.0,
      "p99" : 1.0,
      "p999" : 1.0,
      "values" : [ 1, 1, 1, 1 ],
      "stddev" : 0.0
    },
    "vm.memory.pools.Compressed-Class-Space.usage.x100.window.15m" : {
      "count" : 4,
      "max" : 1,
      "mean" : 1.0,
      "min" : 1,
      "p50" : 1.0,
      "p75" : 1.0,
      "p95" : 1.0,
      "p98" : 1.0,
      "p99" : 1.0,
      "p999" : 1.0,
      "values" : [ 1, 1, 1, 1 ],
      "stddev" : 0.0
    },
    "vm.memory.pools.Compressed-Class-Space.usage.x100.window.1h" : {
      "count" : 4,
      "max" : 1,
      "mean" : 1.0,
      "min" : 1,
      "p50" : 1.0,
      "p75" : 1.0,
      "p95" : 1.0,
      "p98" : 1.0,
      "p99" : 1.0,
      "p999" : 1.0,
      "values" : [ 1, 1, 1, 1 ],
      "stddev" : 0.0
    },
    "vm.memory.pools.Compressed-Class-Space.usage.x100.window.5m" : {
      "count" : 4,
      "max" : 1,
      "mean" : 1.0,
      "min" : 1,
      "p50" : 1.0,
      "p75" : 1.0,
      "p95" : 1.0,
      "p98" : 1.0,
      "p99" : 1.0,
      "p999" : 1.0,
      "values" : [ 1, 1, 1, 1 ],
      "stddev" : 0.0
    },
    "vm.memory.pools.Compressed-Class-Space.used.history" : {
      "count" : 4,
      "max" : 6975784,
      "mean" : 6887598.818825891,
      "min" : 6631632,
      "p50" : 6954376.0,
      "p75" : 6975784.0,
      "p95" : 6975784.0,
      "p98" : 6975784.0,
      "p99" : 6975784.0,
      "p999" : 6975784.0,
      "values" : [ 6631632, 6870064, 6954376, 6975784 ],
      "stddev" : 123459.27311833136
    },
    "vm.memory.pools.Compressed-Class-Space.used.window.15m" : {
      "count" : 4,
      "max" : 6975784,
      "mean" : 6857964.0,
      "min" : 6631632,
      "p50" : 6912220.0,
      "p75" : 6970432.0,
      "p95" : 6975784.0,
      "p98" : 6975784.0,
      "p99" : 6975784.0,
      "p999" : 6975784.0,
      "values" : [ 6631632, 6870064, 6954376, 6975784 ],
      "stddev" : 157638.2043033985
    },
    "vm.memory.pools.Compressed-Class-Space.used.window.1h" : {
      "count" : 4,
      "max" : 6975784,
      "mean" : 6857964.0,
      "min" : 6631632,
      "p50" : 6912220.0,
      "p75" : 6970432.0,
      "p95" : 6975784.0,
      "p98" : 6975784.0,
      "p99" : 6975784.0,
      "p999" : 6975784.0,
      "values" : [ 6631632, 6870064, 6954376, 6975784 ],
      "stddev" : 157638.2043033985
    },
    "vm.memory.pools.Compressed-Class-Space.used.window.5m" : {
      "count" : 4,
      "max" : 6975784,
      "mean" : 6857964.0,
      "min" : 6631632,
      "p50" : 6912220.0,
      "p75" : 6970432.0,
      "p95" : 6975784.0,
      "p98" : 6975784.0,
      "p99" : 6975784.0,
      "p999" : 6975784.0,
      "values" : [ 6631632, 6870064, 6954376, 6975784 ],
      "stddev" : 157638.2043033985
    },
    "vm.memory.pools.Metaspace.committed.history" : {
      "count" : 4,
      "max" : 63873024,
      "mean" : 6.275331211225036E7,
      "min" : 59940864,
      "p50" : 6.361088E7,
      "p75" : 6.3873024E7,
      "p95" : 6.3873024E7,
      "p98" : 6.3873024E7,
      "p99" : 6.3873024E7,
      "p999" : 6.3873024E7,
      "values" : [ 59940864, 62169088, 63610880, 63873024 ],
      "stddev" : 1437477.062405784
    },
    "vm.memory.pools.Metaspace.committed.window.15m" : {
      "count" : 4,
      "max" : 63873024,
      "mean" : 6.2398464E7,
      "min" : 59940864,
      "p50" : 6.2889984E7,
      "p75" : 6.3807488E7,
      "p95" : 6.3873024E7,
      "p98" : 6.3873024E7,
      "p99" : 6.3873024E7,
      "p999" : 6.3873024E7,
      "values" : [ 59940864, 62169088, 63610880, 63873024 ],
      "stddev" : 1801544.7871231695
    },
    "vm.memory.pools.Metaspace.committed.window.1h" : {
      "count" : 4,
      "max" : 63873024,
      "mean" : 6.2398464E7,
      "min" : 59940864,
      "p50" : 6.2889984E7,
      "p75" : 6.3807488E7,
      "p95" : 6.3873024E7,
      "p98" : 6.3873024E7,
      "p99" : 6.3873024E7,
      "p999" : 6.3873024E7,
      "values" : [ 59940864, 62169088, 63610880, 63873024 ],
      "stddev" : 1801544.7871231695
    },
    "vm.memory.pools.Metaspace.committed.window.5m" : {
      "count" : 4,
      "max" : 63873024,
      "mean" : 6.2398464E7,
      "min" : 59940864,
      "p50" : 6.2889984E7,
      "p75" : 6.3807488E7,
      "p95" : 6.3873024E7,
      "p98" : 6.3873024E7,
      "p99" : 6.3873024E7,
      "p999" : 6.3873024E7,
      "values" : [ 59940864, 62169088, 63610880, 63873024 ],
      "stddev" : 1801544.7871231695
    },
    "vm.memory.pools.Metaspace.usage.x100.history" : {
      "count" : 4,
      "max" : 96,
      "mean" : 95.82712922830655,
      "min" : 95,
      "p50" : 96.0,
      "p75" : 96.0,
      "p95" : 96.0,
      "p98" : 96.0,
      "p99" : 96.0,
      "p999" : 96.0,
      "values" : [ 95, 96, 96, 96 ],
      "stddev" : 0.3781355153745307
    },
    "vm.memory.pools.Metaspace.usage.x100.window.15m" : {
      "count" : 4,
      "max" : 96,
      "mean" : 95.75,
      "min" : 95,
      "p50" : 96.0,
      "p75" : 96.0,
      "p95" : 96.0,
      "p98" : 96.0,
      "p99" : 96.0,
      "p999" : 96.0,
      "values" : [ 95, 96, 96, 96 ],
      "stddev" : 0.5
    },
    "vm.memory.pools.Metaspace.usage.x100.window.1h" : {
      "count" : 4,
      "max" : 96,
      "mean" : 95.75,
      "min" : 95,
      "p50" : 96.0,
      "p75" : 96.0,
      "p95" : 96.0,
      "p98" : 96.0,
      "p99" : 96.0,
      "p999" : 96.0,
      "values" : [ 95, 96, 96, 96 ],
      "stddev" : 0.5
    },
    "vm.memory.pools.Metaspace.usage.x100.window.5m" : {
      "count" : 4,
      "max" : 96,
      "mean" : 95.75,
      "min" : 95,
      "p50" : 96.0,
      "p75" : 96.0,
      "p95" : 96.0,
      "p98" : 96.0,
      "p99" : 96.0,
      "p999" : 96.0,
      "values" : [ 95, 96, 96, 96 ],
      "stddev" : 0.5
    },
    "vm.memory.pools.Metaspace.used.history" : {
      "count" : 4,
      "max" : 61133248,
      "mean" : 6.003877916554729E7,
      "min" : 57087632,
      "p50" : 6.089088E7,
      "p75" : 6.1133248E7,
      "p95" : 6.1133248E7,
      "p98" : 6.1133248E7,
      "p99" : 6.1133248E7,
      "p999" : 6.1133248E7,
      "values" : [ 57087632, 59611744, 60890880, 61133248 ],
      "stddev" : 1465813.8146284022
    },
    "vm.memory.pools.Metaspace.used.window.15m" : {
      "count" : 4,
      "max" : 61133248,
      "mean" : 5.9680876E7,
      "min" : 57087632,
      "p50" : 6.0251312E7,
      "p75" : 6.1072656E7,
      "p95" : 6.1133248E7,
      "p98" : 6.1133248E7,
      "p99" : 6.1133248E7,
      "p999" : 6.1133248E7,
      "values" : [ 57087632, 59611744, 60890880, 61133248 ],
      "stddev" : 1853212.3266875457
    },
    "vm.memory.pools.Metaspace.used.window.1h" : {
      "count" : 4,
      "max" : 61133248,
      "mean" : 5.9680876E7,
      "min" : 57087632,
      "p50" : 6.0251312E7,
      "p75" : 6.1072656E7,
      "p95" : 6.1133248E7,
      "p98" : 6.1133248E7,
      "p99" : 6.1133248E7,
      "p999" : 6.1133248E7,
      "values" : [ 57087632, 59611744, 60890880, 61133248 ],
      "stddev" : 1853212.3266875457
    },
    "vm.memory.pools.Metaspace.used.window.5m" : {
      "count" : 4,
      "max" : 61133248,
      "mean" : 5.9680876E7,
      "min" : 57087632,
      "p50" : 6.0251312E7,
      "p75" : 6.1072656E7,
      "p95" : 6.1133248E7,
      "p98" : 6.1133248E7,
      "p99" : 6.1133248E7,
      "p999" : 6.1133248E7,
      "values" : [ 57087632, 59611744, 60890880, 61133248 ],
      "stddev" : 1853212.3266875457
    },
    "vm.memory.pools.PS-Eden-Space.committed.history" : {
      "count" : 4,
      "max" : 321912832,
      "mean" : 3.196241111862476E8,
      "min" : 309329920,
      "p50" : 3.21912832E8,
      "p75" : 3.21912832E8,
      "p95" : 3.21912832E8,
      "p98" : 3.21912832E8,
      "p99" : 3.21912832E8,
      "p999" : 3.21912832E8,
      "values" : [ 309329920, 321388544, 321912832, 321912832 ],
      "stddev" : 4710821.409125635
    },
    "vm.memory.pools.PS-Eden-Space.committed.window.15m" : {
      "count" : 4,
      "max" : 321912832,
      "mean" : 3.18636032E8,
      "min" : 309329920,
      "p50" : 3.21650688E8,
      "p75" : 3.21912832E8,
      "p95" : 3.21912832E8,
      "p98" : 3.21912832E8,
      "p99" : 3.21912832E8,
      "p999" : 3.21912832E8,
      "values" : [ 309329920, 321388544, 321912832, 321912832 ],
      "stddev" : 6208995.607092664
    },
    "vm.memory.pools.PS-Eden-Space.committed.window.1h" : {
      "count" : 4,
      "max" : 321912832,
      "mean" : 3.18636032E8,
      "min" : 309329920,
      "p50" : 3.21650688E8,
      "p75" : 3.21912832E8,
      "p95" : 3.21912832E8,
      "p98" : 3.21912832E8,
      "p99" : 3.21912832E8,
      "p999" : 3.21912832E8,
      "values" : [ 309329920, 321388544, 321912832, 321912832 ],
      "stddev" : 6208995.607092664
    },
    "vm.memory.pools.PS-Eden-Space.committed.window.5m" : {
      "count" : 4,
      "max" : 321912832,
      "mean" : 3.18636032E8,
      "min" : 309329920,
      "p50" : 3.21650688E8,
      "p75" : 3.21912832E8,
      "p95" : 3.21912832E8,
      "p98" : 3.21912832E8,
      "p99" : 3.21912832E8,
      "p999" : 3.21912832E8,
      "values" : [ 309329920, 321388544, 321912832, 321912832 ],
      "stddev" : 6208995.607092664
    },
    "vm.memory.pools.PS-Eden-Space.usage.x100.history" : {
      "count" : 4,
      "max" : 99,
      "mean" : 53.006777055451266,
      "min" : 30,
      "p50" : 39.0,
      "p75" : 59.0,
      "p95" : 99.0,
      "p98" : 99.0,
      "p99" : 99.0,
      "p999" : 99.0,
      "values" : [ 30, 39, 59, 99 ],
      "stddev" : 25.966956449329146
    },
    "vm.memory.pools.PS-Eden-Space.usage.x100.window.15m" : {
      "count" : 4,
      "max" : 99,
      "mean" : 56.75,
      "min" : 30,
      "p50" : 49.0,
      "p75" : 89.0,
      "p95" : 99.0,
      "p98" : 99.0,
      "p99" : 99.0,
      "p999" : 99.0,
      "values" : [ 30, 39, 59, 99 ],
      "stddev" : 30.663496212923928
    },
    "vm.memory.pools.PS-Eden-Space.usage.x100.window.1h" : {
      "count" : 4,
      "max" : 99,
      "mean" : 56.75,
      "min" : 30,
      "p50" : 49.0,
      "p75" : 89.0,
      "p95" : 99.0,
      "p98" : 99.0,
      "p99" : 99.0,
      "p999" : 99.0,
      "values" : [ 30, 39, 59, 99 ],
      "stddev" : 30.663496212923928
    },
    "vm.memory.pools.PS-Eden-Space.usage.x100.window.5m" : {
      "count" : 4,
      "max" : 99,
      "mean" : 56.75,
      "min" : 30,
      "p50" : 49.0,
      "p75" : 89.0,
      "p95" : 99.0,
      "p98" : 99.0,
      "p99" : 99.0,
      "p999" : 99.0,
      "values" : [ 30, 39, 59, 99 ],
      "stddev" : 30.663496212923928
    },
    "vm.memory.pools.PS-Eden-Space.used.history" : {
      "count" : 4,
      "max" : 321363600,
      "mean" : 1.7030787014279068E8,
      "min" : 96720688,
      "p50" : 1.2673076E8,
      "p75" : 1.82131904E8,
      "p95" : 3.213636E8,
      "p98" : 3.213636E8,
      "p99" : 3.213636E8,
      "p999" : 3.213636E8,
      "values" : [ 96720688, 126730760, 182131904, 321363600 ],
      "stddev" : 8.412404300483634E7
    },
    "vm.memory.pools.PS-Eden-Space.used.window.15m" : {
      "count" : 4,
      "max" : 321363600,
      "mean" : 1.81736738E8,
      "min" : 96720688,
      "p50" : 1.54431332E8,
      "p75" : 2.86555676E8,
      "p95" : 3.213636E8,
      "p98" : 3.213636E8,
      "p99" : 3.213636E8,
      "p999" : 3.213636E8,
      "values" : [ 96720688, 126730760, 182131904, 321363600 ],
      "stddev" : 9.958112793341514E7
    },
    "vm.memory.pools.PS-Eden-Space.used.window.1h" : {
      "count" : 4,
      "max" : 321363600,
      "mean" : 1.81736738E8,
      "min" : 96720688,
      "p50" : 1.54431332E8,
      "p75" : 2.86555676E8,
      "p95" : 3.213636E8,
      "p98" : 3.213636E8,
      "p99" : 3.213636E8,
      "p999" : 3.213636E8,
      "values" : [ 96720688, 126730760, 182131904, 321363600 ],
      "stddev" : 9.958112793341514E7
    },
    "vm.memory.pools.PS-Eden-Space.used.window.5m" : {
      "count" : 4,
      "max" : 321363600,
      "mean" : 1.81736738E8,
      "min" : 96720688,
      "p50" : 1.54431332E8,
      "p75" : 2.86555676E8,
      "p95" : 3.213636E8,
      "p98" : 3.213636E8,
      "p99" : 3.213636E8,
      "p999" : 3.213636E8,
      "values" : [ 96720688, 126730760, 182131904, 321363600 ],
      "stddev" : 9.958112793341514E7
    },
    "vm.memory.pools.PS-Old-Gen.committed.history" : {
      "count" : 4,
      "max" : 79691776,
      "mean" : 7.561324279826728E7,
      "min" : 56098816,
      "p50" : 7.9691776E7,
      "p75" : 7.9691776E7,
      "p95" : 7.9691776E7,
      "p98" : 7.9691776E7,
      "p99" : 7.9691776E7,
      "p999" : 7.9691776E7,
      "values" : [ 56098816, 79691776, 79691776, 79691776 ],
      "stddev" : 8921336.088810688
    },
    "vm.memory.pools.PS-Old-Gen.committed.window.15m" : {
      "count" : 4,
      "max" : 79691776,
      "mean" : 7.3793536E7,
      "min" : 56098816,
      "p50" : 7.9691776E7,
      "p75" : 7.9691776E7,
      "p95" : 7.9691776E7,
      "p98" : 7.9691776E7,
      "p99" : 7.9691776E7,
      "p999" : 7.9691776E7,
      "values" : [ 56098816, 79691776, 79691776, 79691776 ],
      "stddev" : 1.179648E7
    },
    "vm.memory.pools.PS-Old-Gen.committed.window.1h" : {
      "count" : 4,
      "max" : 79691776,
      "mean" : 7.3793536E7,
      "min" : 56098816,
      "p50" : 7.9691776E7,
      "p75" : 7.9691776E7,
      "p95" : 7.9691776E7,
      "p98" : 7.9691776E7,
      "p99" : 7.9691776E7,
      "p999" : 7.9691776E7,
      "values" : [ 56098816, 79691776, 79691776, 79691776 ],
      "stddev" : 1.179648E7
    },
    "vm.memory.pools.PS-Old-Gen.committed.window.5m" : {
      "count" : 4,
      "max" : 79691776,
      "mean" : 7.3793536E7,
      "min" : 56098816,
      "p50" : 7.9691776E7,
      "p75" : 7.9691776E7,
      "p95" : 7.9691776E7,
      "p98" : 7.9691776E7,
      "p99" : 7.9691776E7,
      "p999" : 7.9691776E7,
      "values" : [ 56098816, 79691776, 79691776, 79691776 ],
      "stddev" : 1.179648E7
    },
    "vm.memory.pools.PS-Old-Gen.usage.x100.history" : {
      "count" : 4,
      "max" : 7,
      "mean" : 6.308516913226194,
      "min" : 3,
      "p50" : 7.0,
      "p75" : 7.0,
      "p95" : 7.0,
      "p98" : 7.0,
      "p99" : 7.0,
      "p999" : 7.0,
      "values" : [ 3, 7, 7, 7 ],
      "stddev" : 1.5125420614981229
    },
    "vm.memory.pools.PS-Old-Gen.usage.x100.window.15m" : {
      "count" : 4,
      "max" : 7,
      "mean" : 6.0,
      "min" : 3,
      "p50" : 7.0,
      "p75" : 7.0,
      "p95" : 7.0,
      "p98" : 7.0,
      "p99" : 7.0,
      "p999" : 7.0,
      "values" : [ 3, 7, 7, 7 ],
      "stddev" : 2.0
    },
    "vm.memory.pools.PS-Old-Gen.usage.x100.window.1h" : {
      "count" : 4,
      "max" : 7,
      "mean" : 6.0,
      "min" : 3,
      "p50" : 7.0,
      "p75" : 7.0,
      "p95" : 7.0,
      "p98" : 7.0,
      "p99" : 7.0,
      "p999" : 7.0,
      "values" : [ 3, 7, 7, 7 ],
      "stddev" : 2.0
    },
    "vm.memory.pools.PS-Old-Gen.usage.x100.window.5m" : {
      "count" : 4,
      "max" : 7,
      "mean" : 6.0,
      "min" : 3,
      "p50" : 7.0,
      "p75" : 7.0,
      "p95" : 7.0,
      "p98" : 7.0,
      "p99" : 7.0,
      "p999" : 7.0,
      "values" : [ 3, 7, 7, 7 ],
      "stddev" : 2.0
    },
    "vm.memory.pools.PS-Old-Gen.used.history" : {
      "count" : 4,
      "max" : 48593936,
      "mean" : 4.356357515914283E7,
      "min" : 20520872,
      "p50" : 4.8593936E7,
      "p75" : 4.8593936E7,
      "p95" : 4.8593936E7,
      "p98" : 4.8593936E7,
      "p99" : 4.8593936E7,
      "p999" : 4.8593936E7,
      "values" : [ 20520872, 47774736, 48593936, 48593936 ],
      "stddev" : 1.0539434373921921E7
    },
    "vm.memory.pools.PS-Old-Gen.used.window.15m" : {
      "count" : 4,
      "max" : 48593936,
      "mean" : 4.137087E7,
      "min" : 20520872,
      "p50" : 4.8184336E7,
      "p75" : 4.8593936E7,
      "p95" : 4.8593936E7,
      "p98" : 4.8593936E7,
      "p99" : 4.8593936E7,
      "p999" : 4.8593936E7,
      "values" : [ 20520872, 47774736, 48593936, 48593936 ],
      "stddev" : 1.390536205002315E7
    },
    "vm.memory.pools.PS-Old-Gen.used.window.1h" : {
      "count" : 4,
      "max" : 48593936,
      "mean" : 4.137087E7,
      "min" : 20520872,
      "p50" : 4.8184336E7,
      "p75" : 4.8593936E7,
      "p95" : 4.8593936E7,
      "p98" : 4.8593936E7,
      "p99" : 4.8593936E7,
      "p999" : 4.8593936E7,
      "values" : [ 20520872, 47774736, 48593936, 48593936 ],
      "stddev" : 1.390536205002315E7
    },
    "vm.memory.pools.PS-Old-Gen.used.window.5m" : {
      "count" : 4,
      "max" : 48593936,
      "mean" : 4.137087E7,
      "min" : 20520872,
      "p50" : 4.8184336E7,
      "p75" : 4.8593936E7,
      "p95" : 4.8593936E7,
      "p98" : 4.8593936E7,
      "p99" : 4.8593936E7,
      "p999" : 4.8593936E7,
      "values" : [ 20520872, 47774736, 48593936, 48593936 ],
      "stddev" : 1.390536205002315E7
    },
    "vm.memory.pools.PS-Survivor-Space.committed.history" : {
      "count" : 4,
      "max" : 15728640,
      "mean" : 1.075179906611862E7,
      "min" : 9437184,
      "p50" : 9437184.0,
      "p75" : 1.048576E7,
      "p95" : 1.572864E7,
      "p98" : 1.572864E7,
      "p99" : 1.572864E7,
      "p999" : 1.572864E7,
      "values" : [ 9437184, 9437184, 10485760, 15728640 ],
      "stddev" : 2313539.2244116217
    },
    "vm.memory.pools.PS-Survivor-Space.committed.window.15m" : {
      "count" : 4,
      "max" : 15728640,
      "mean" : 1.1272192E7,
      "min" : 9437184,
      "p50" : 9961472.0,
      "p75" : 1.441792E7,
      "p95" : 1.572864E7,
      "p98" : 1.572864E7,
      "p99" : 1.572864E7,
      "p999" : 1.572864E7,
      "values" : [ 9437184, 9437184, 10485760, 15728640 ],
      "stddev" : 3011805.26082813
    },
    "vm.memory.pools.PS-Survivor-Space.committed.window.1h" : {
      "count" : 4,
      "max" : 15728640,
      "mean" : 1.1272192E7,
      "min" : 9437184,
      "p50" : 9961472.0,
      "p75" : 1.441792E7,
      "p95" : 1.572864E7,
      "p98" : 1.572864E7,
      "p99" : 1.572864E7,
      "p999" : 1.572864E7,
      "values" : [ 9437184, 9437184, 10485760, 15728640 ],
      "stddev" : 3011805.26082813
    },
    "vm.memory.pools.PS-Survivor-Space.committed.window.5m" : {
      "count" : 4,
      "max" : 15728640,
      "mean" : 1.1272192E7,
      "min" : 9437184,
      "p50" : 9961472.0,
      "p75" : 1.441792E7,
      "p95" : 1.572864E7,
      "p98" : 1.572864E7,
      "p99" : 1.572864E7,
      "p999" : 1.572864E7,
      "values" : [ 9437184, 9437184, 10485760, 15728640 ],
      "stddev" : 3011805.26082813
    },
    "vm.memory.pools.PS-Survivor-Space.usage.x100.history" : {
      "count" : 4,
      "max" : 99,
      "mean" : 67.69726506844806,
      "min" : 8,
      "p50" : 80.0,
      "p75" : 80.0,
      "p95" : 99.0,
      "p98" : 99.0,
      "p99" : 99.0,
      "p999" : 99.0,
      "values" : [ 8, 80, 80, 99 ],
      "stddev" : 32.14550034660666
    },
    "vm.memory.pools.PS-Survivor-Space.usage.x100.window.15m" : {
      "count" : 4,
      "max" : 99,
      "mean" : 66.75,
      "min" : 8,
      "p50" : 80.0,
      "p75" : 94.25,
      "p95" : 99.0,
      "p98" : 99.0,
      "p99" : 99.0,
      "p999" : 99.0,
      "values" : [ 8, 80, 80, 99 ],
      "stddev" : 40.1777301499226
    },
    "vm.memory.pools.PS-Survivor-Space.usage.x100.window.1h" : {
      "count" : 4,
      "max" : 99,
      "mean" : 66.75,
      "min" : 8,
      "p50" : 80.0,
      "p75" : 94.25,
      "p95" : 99.0,
      "p98" : 99.0,
      "p99" : 99.0,
      "p999" : 99.0,
      "values" : [ 8, 80, 80, 99 ],
      "stddev" : 40.1777301499226
    },
    "vm.memory.pools.PS-Survivor-Space.usage.x100.window.5m" : {
      "count" : 4,
      "max" : 99,
      "mean" : 66.75,
      "min" : 8,
      "p50" : 80.0,
      "p75" : 94.25,
      "p95" : 99.0,
      "p98" : 99.0,
      "p99" : 99.0,
      "p999" : 99.0,
      "values" : [ 8, 80, 80, 99 ],
      "stddev" : 40.1777301499226
    },
    "vm.memory.pools.PS-Survivor-Space.used.history" : {
      "count" : 4,
      "max" : 15500080,
      "mean" : 7471363.141758138,
      "min" : 851968,
      "p50" : 7545224.0,
      "p75" : 7545224.0,
      "p95" : 1.550008E7,
      "p98" : 1.550008E7,
      "p99" : 1.550008E7,
      "p999" : 1.550008E7,
      "values" : [ 851968, 7545224, 7545224, 15500080 ],
      "stddev" : 4542294.860335435
    },
    "vm.memory.pools.PS-Survivor-Space.used.window.15m" : {
      "count" : 4,
      "max" : 15500080,
      "mean" : 7860624.0,
      "min" : 851968,
      "p50" : 7545224.0,
      "p75" : 1.3511366E7,
      "p95" : 1.550008E7,
      "p98" : 1.550008E7,
      "p99" : 1.550008E7,
      "p999" : 1.550008E7,
      "values" : [ 851968, 7545224, 7545224, 15500080 ],
      "stddev" : 5991146.279365689
    },
    "vm.memory.pools.PS-Survivor-Space.used.window.1h" : {
      "count" : 4,
      "max" : 15500080,
      "mean" : 7860624.0,
      "min" : 851968,
      "p50" : 7545224.0,
      "p75" : 1.3511366E7,
      "p95" : 1.550008E7,
      "p98" : 1.550008E7,
      "p99" : 1.550008E7,
      "p999" : 1.550008E7,
      "values" : [ 851968, 7545224, 7545224, 15500080 ],
      "stddev" : 5991146.279365689
    },
    "vm.memory.pools.PS-Survivor-Space.used.window.5m" : {
      "count" : 4,
      "max" : 15500080,
      "mean" : 7860624.0,
      "min" : 851968,
      "p50" : 7545224.0,
      "p75" : 1.3511366E7,
      "p95" : 1.550008E7,
      "p98" : 1.550008E7,
      "p99" : 1.550008E7,
      "p999" : 1.550008E7,
      "values" : [ 851968, 7545224, 7545224, 15500080 ],
      "stddev" : 5991146.279365689
    },
    "vm.memory.total.committed.history" : {
      "count" : 4,
      "max" : 503472128,
      "mean" : 4.955179036662402E8,
      "min" : 463822848,
      "p50" : 5.02554624E8,
      "p75" : 5.03472128E8,
      "p95" : 5.03472128E8,
      "p98" : 5.03472128E8,
      "p99" : 5.03472128E8,
      "p999" : 5.03472128E8,
      "values" : [ 463822848, 499539968, 502554624, 503472128 ],
      "stddev" : 1.4562624978351977E7
    },
    "vm.memory.total.committed.window.15m" : {
      "count" : 4,
      "max" : 503472128,
      "mean" : 4.92347392E8,
      "min" : 463822848,
      "p50" : 5.01047296E8,
      "p75" : 5.03242752E8,
      "p95" : 5.03472128E8,
      "p98" : 5.03472128E8,
      "p99" : 5.03472128E8,
      "p999" : 5.03472128E8,
      "values" : [ 463822848, 499539968, 502554624, 503472128 ],
      "stddev" : 1.909039982203299E7
    },
    "vm.memory.total.committed.window.1h" : {
      "count" : 4,
      "max" : 503472128,
      "mean" : 4.92347392E8,
      "min" : 463822848,
      "p50" : 5.01047296E8,
      "p75" : 5.03242752E8,
      "p95" : 5.03472128E8,
      "p98" : 5.03472128E8,
      "p99" : 5.03472128E8,
      "p999" : 5.03472128E8,
      "values" : [ 463822848, 499539968, 502554624, 503472128 ],
      "stddev" : 1.909039982203299E7
    },
    "vm.memory.total.committed.window.5m" : {
      "count" : 4,
      "max" : 503472128,
      "mean" : 4.92347392E8,
      "min" : 463822848,
      "p50" : 5.01047296E8,
      "p75" : 5.03242752E8,
      "p95" : 5.03472128E8,
      "p98" : 5.03472128E8,
      "p99" : 5.03472128E8,
      "p999" : 5.03472128E8,
      "values" : [ 463822848, 499539968, 502554624, 503472128 ],
      "stddev" : 1.909039982203299E7
    },
    "vm.memory.total.used.history" : {
      "count" : 4,
      "max" : 454262256,
      "mean" : 3.071109561585644E8,
      "min" : 240677240,
      "p50" : 2.71590432E8,
      "p75" : 2.96782328E8,
      "p95" : 4.54262256E8,
      "p98" : 4.54262256E8,
      "p99" : 4.54262256E8,
      "p999" : 4.54262256E8,
      "values" : [ 240677240, 271590432, 296782328, 454262256 ],
      "stddev" : 7.956846068993889E7
    },
    "vm.memory.total.used.window.15m" : {
      "count" : 4,
      "max" : 454262256,
      "mean" : 3.15828064E8,
      "min" : 240677240,
      "p50" : 2.8418638E8,
      "p75" : 4.14892274E8,
      "p95" : 4.54262256E8,
      "p98" : 4.54262256E8,
      "p99" : 4.54262256E8,
      "p999" : 4.54262256E8,
      "values" : [ 240677240, 271590432, 296782328, 454262256 ],
      "stddev" : 9.509886085423765E7
    },
    "vm.memory.total.used.window.1h" : {
      "count" : 4,
      "max" : 454262256,
      "mean" : 3.15828064E8,
      "min" : 240677240,
      "p50" : 2.8418638E8,
      "p75" : 4.14892274E8,
      "p95" : 4.54262256E8,
      "p98" : 4.54262256E8,
      "p99" : 4.54262256E8,
      "p999" : 4.54262256E8,
      "values" : [ 240677240, 271590432, 296782328, 454262256 ],
      "stddev" : 9.509886085423765E7
    },
    "vm.memory.total.used.window.5m" : {
      "count" : 4,
      "max" : 454262256,
      "mean" : 3.15828146E8,
      "min" : 240677240,
      "p50" : 2.84186544E8,
      "p75" : 4.14892356E8,
      "p95" : 4.54262256E8,
      "p98" : 4.54262256E8,
      "p99" : 4.54262256E8,
      "p999" : 4.54262256E8,
      "values" : [ 240677240, 271590432, 296782656, 454262256 ],
      "stddev" : 9.509883895785975E7
    }
  },
  "meters" : {
    "http.responseCodes.badRequest" : {
      "count" : 0,
      "m15_rate" : 0.0,
      "m1_rate" : 0.0,
      "m5_rate" : 0.0,
      "mean_rate" : 0.0,
      "units" : "events/minute"
    },
    "http.responseCodes.created" : {
      "count" : 0,
      "m15_rate" : 0.0,
      "m1_rate" : 0.0,
      "m5_rate" : 0.0,
      "mean_rate" : 0.0,
      "units" : "events/minute"
    },
    "http.responseCodes.forbidden" : {
      "count" : 0,
      "m15_rate" : 0.0,
      "m1_rate" : 0.0,
      "m5_rate" : 0.0,
      "mean_rate" : 0.0,
      "units" : "events/minute"
    },
    "http.responseCodes.noContent" : {
      "count" : 0,
      "m15_rate" : 0.0,
      "m1_rate" : 0.0,
      "m5_rate" : 0.0,
      "mean_rate" : 0.0,
      "units" : "events/minute"
    },
    "http.responseCodes.notFound" : {
      "count" : 0,
      "m15_rate" : 0.0,
      "m1_rate" : 0.0,
      "m5_rate" : 0.0,
      "mean_rate" : 0.0,
      "units" : "events/minute"
    },
    "http.responseCodes.notModified" : {
      "count" : 0,
      "m15_rate" : 0.0,
      "m1_rate" : 0.0,
      "m5_rate" : 0.0,
      "mean_rate" : 0.0,
      "units" : "events/minute"
    },
    "http.responseCodes.ok" : {
      "count" : 68,
      "m15_rate" : 4.265504854454013,
      "m1_rate" : 42.35041248305368,
      "m5_rate" : 12.033504766114051,
      "mean_rate" : 75.46443251322889,
      "units" : "events/minute"
    },
    "http.responseCodes.other" : {
      "count" : 1,
      "m15_rate" : 0.06538297604420337,
      "m1_rate" : 0.747233669971387,
      "m5_rate" : 0.18866927362915523,
      "mean_rate" : 1.1097709334412185,
      "units" : "events/minute"
    },
    "http.responseCodes.serverError" : {
      "count" : 0,
      "m15_rate" : 0.0,
      "m1_rate" : 0.0,
      "m5_rate" : 0.0,
      "mean_rate" : 0.0,
      "units" : "events/minute"
    },
    "http.responseCodes.serviceUnavailable" : {
      "count" : 1,
      "m15_rate" : 0.06359177522778316,
      "m1_rate" : 0.49260679549892766,
      "m5_rate" : 0.17358411141467572,
      "mean_rate" : 1.1097701301772809,
      "units" : "events/minute"
    },
    "jenkins.job.scheduled" : {
      "count" : 0,
      "m15_rate" : 0.0,
      "m1_rate" : 0.0,
      "m5_rate" : 0.0,
      "mean_rate" : 0.0,
      "units" : "events/minute"
    },
    "jenkins.runs.aborted" : {
      "count" : 0,
      "m15_rate" : 0.0,
      "m1_rate" : 0.0,
      "m5_rate" : 0.0,
      "mean_rate" : 0.0,
      "units" : "events/minute"
    },
    "jenkins.runs.failure" : {
      "count" : 0,
      "m15_rate" : 0.0,
      "m1_rate" : 0.0,
      "m5_rate" : 0.0,
      "mean_rate" : 0.0,
      "units" : "events/minute"
    },
    "jenkins.runs.not_built" : {
      "count" : 0,
      "m15_rate" : 0.0,
      "m1_rate" : 0.0,
      "m5_rate" : 0.0,
      "mean_rate" : 0.0,
      "units" : "events/minute"
    },
    "jenkins.runs.success" : {
      "count" : 0,
      "m15_rate" : 0.0,
      "m1_rate" : 0.0,
      "m5_rate" : 0.0,
      "mean_rate" : 0.0,
      "units" : "events/minute"
    },
    "jenkins.runs.total" : {
      "count" : 0,
      "m15_rate" : 0.0,
      "m1_rate" : 0.0,
      "m5_rate" : 0.0,
      "mean_rate" : 0.0,
      "units" : "events/minute"
    },
    "jenkins.runs.unstable" : {
      "count" : 0,
      "m15_rate" : 0.0,
      "m1_rate" : 0.0,
      "m5_rate" : 0.0,
      "mean_rate" : 0.0,
      "units" : "events/minute"
    }
  },
  "timers" : {
    "http.requests" : {
      "count" : 70,
      "max" : 0.9415254620000001,
      "mean" : 0.04301381119877961,
      "min" : 0.004259731,
      "p50" : 0.01853817,
      "p75" : 0.035925998,
      "p95" : 0.11787762400000001,
      "p98" : 0.378488409,
      "p99" : 0.9415254620000001,
      "p999" : 0.9415254620000001,
      "values" : [ 0.004259731, 0.004403064, 0.004434375, 0.004595266000000001, 0.004728563, 0.0049903510000000005, 0.005411147000000001, 0.005555703, 0.005991625, 0.006208002000000001, 0.0062409810000000005, 0.0067002830000000005, 0.006753698000000001, 0.006756839000000001, 0.007158834, 0.007831300000000001, 0.007897860000000001, 0.00802316, 0.008054758, 0.008589086000000001, 0.008874006, 0.009257620000000001, 0.011278896, 0.01240107, 0.013154431000000001, 0.014724480000000002, 0.015020152, 0.015357717000000002, 0.015766814, 0.015926646000000003, 0.016789893, 0.017349697, 0.01791688, 0.01853817, 0.019334904, 0.019943878, 0.020008542, 0.021434090000000003, 0.023227636000000003, 0.023916613, 0.026038476, 0.026220615000000003, 0.028562525000000002, 0.028876884000000002, 0.029838938000000002, 0.030446613, 0.031007169, 0.031737357, 0.034996555000000006, 0.035516530000000004, 0.035925998, 0.036344636, 0.042441359000000005, 0.047276322, 0.04847721, 0.048597128, 0.052548234000000006, 0.056505197, 0.057799374, 0.061541013000000006, 0.062896539, 0.06447778600000001, 0.067118414, 0.076508217, 0.08267178400000001, 0.106067381, 0.11787762400000001, 0.125284264, 0.378488409, 0.9415254620000001 ],
      "stddev" : 0.1082034793281692,
      "m15_rate" : 4.394479605726,
      "m1_rate" : 43.590252948524004,
      "m5_rate" : 12.395758151157882,
      "mean_rate" : 77.68591647615652,
      "duration_units" : "seconds",
      "rate_units" : "calls/minute"
    },
    "jenkins.health-check.duration" : {
      "count" : 1,
      "max" : 0.0025732990000000002,
      "mean" : 0.0025732990000000002,
      "min" : 0.0025732990000000002,
      "p50" : 0.0025732990000000002,
      "p75" : 0.0025732990000000002,
      "p95" : 0.0025732990000000002,
      "p98" : 0.0025732990000000002,
      "p99" : 0.0025732990000000002,
      "p999" : 0.0025732990000000002,
      "values" : [ 0.0025732990000000002 ],
      "stddev" : 0.0,
      "m15_rate" : 0.06611350453169308,
      "m1_rate" : 0.8827522768645095,
      "m5_rate" : 0.19506424007533904,
      "mean_rate" : 1.207303058514879,
      "duration_units" : "seconds",
      "rate_units" : "calls/minute"
    },
    "jenkins.job.blocked.duration" : {
      "count" : 0,
      "max" : 0.0,
      "mean" : 0.0,
      "min" : 0.0,
      "p50" : 0.0,
      "p75" : 0.0,
      "p95" : 0.0,
      "p98" : 0.0,
      "p99" : 0.0,
      "p999" : 0.0,
      "values" : [ ],
      "stddev" : 0.0,
      "m15_rate" : 0.0,
      "m1_rate" : 0.0,
      "m5_rate" : 0.0,
      "mean_rate" : 0.0,
      "duration_units" : "seconds",
      "rate_units" : "calls/minute"
    },
    "jenkins.job.buildable.duration" : {
      "count" : 0,
      "max" : 0.0,
      "mean" : 0.0,
      "min" : 0.0,
      "p50" : 0.0,
      "p75" : 0.0,
      "p95" : 0.0,
      "p98" : 0.0,
      "p99" : 0.0,
      "p999" : 0.0,
      "values" : [ ],
      "stddev" : 0.0,
      "m15_rate" : 0.0,
      "m1_rate" : 0.0,
      "m5_rate" : 0.0,
      "mean_rate" : 0.0,
      "duration_units" : "seconds",
      "rate_units" : "calls/minute"
    },
    "jenkins.job.building.duration" : {
      "count" : 0,
      "max" : 0.0,
      "mean" : 0.0,
      "min" : 0.0,
      "p50" : 0.0,
      "p75" : 0.0,
      "p95" : 0.0,
      "p98" : 0.0,
      "p99" : 0.0,
      "p999" : 0.0,
      "values" : [ ],
      "stddev" : 0.0,
      "m15_rate" : 0.0,
      "m1_rate" : 0.0,
      "m5_rate" : 0.0,
      "mean_rate" : 0.0,
      "duration_units" : "seconds",
      "rate_units" : "calls/minute"
    },
    "jenkins.job.queuing.duration" : {
      "count" : 0,
      "max" : 0.0,
      "mean" : 0.0,
      "min" : 0.0,
      "p50" : 0.0,
      "p75" : 0.0,
      "p95" : 0.0,
      "p98" : 0.0,
      "p99" : 0.0,
      "p999" : 0.0,
      "values" : [ ],
      "stddev" : 0.0,
      "m15_rate" : 0.0,
      "m1_rate" : 0.0,
      "m5_rate" : 0.0,
      "mean_rate" : 0.0,
      "duration_units" : "seconds",
      "rate_units" : "calls/minute"
    },
    "jenkins.job.total.duration" : {
      "count" : 0,
      "max" : 0.0,
      "mean" : 0.0,
      "min" : 0.0,
      "p50" : 0.0,
      "p75" : 0.0,
      "p95" : 0.0,
      "p98" : 0.0,
      "p99" : 0.0,
      "p999" : 0.0,
      "values" : [ ],
      "stddev" : 0.0,
      "m15_rate" : 0.0,
      "m1_rate" : 0.0,
      "m5_rate" : 0.0,
      "mean_rate" : 0.0,
      "duration_units" : "seconds",
      "rate_units" : "calls/minute"
    },
    "jenkins.job.waiting.duration" : {
      "count" : 0,
      "max" : 0.0,
      "mean" : 0.0,
      "min" : 0.0,
      "p50" : 0.0,
      "p75" : 0.0,
      "p95" : 0.0,
      "p98" : 0.0,
      "p99" : 0.0,
      "p999" : 0.0,
      "values" : [ ],
      "stddev" : 0.0,
      "m15_rate" : 0.0,
      "m1_rate" : 0.0,
      "m5_rate" : 0.0,
      "mean_rate" : 0.0,
      "duration_units" : "seconds",
      "rate_units" : "calls/minute"
    }
  }
}