<?xml version='1.1' encoding='UTF-8'?>
<Tag plugin="workflow-support@2.20">
  <node class="cps.n.StepStartNode" plugin="workflow-cps@2.57">
    <parentIds>
      <string>9</string>
    </parentIds>
    <id>10</id>
    <descriptorId>org.jenkinsci.plugins.workflow.support.steps.WorkspaceStep</descriptorId>
  </node>
  <actions>
    <wf.a.TimingAction plugin="workflow-api@2.33">
      <startTime>1585183689761</startTime>
    </wf.a.TimingAction>
    <s.a.LogActionImpl/>
    <cps.a.ArgumentsActionImpl plugin="workflow-cps@2.57">
      <arguments>
        <entry>
          <string>dir</string>
          <string>custom-workspace/build-ecr-app</string>
        </entry>
      </arguments>
      <isUnmodifiedBySanitization>true</isUnmodifiedBySanitization>
    </cps.a.ArgumentsActionImpl>
    <s.a.WorkspaceActionImpl>
      <node>EC2 (US-East) - builder-docker (i-09a2df6ea98ae0b00)</node>
      <path>/opt/jenkins_slave/custom-workspace/build-ecr-app</path>
      <labels class="sorted-set">
        <hudson.model.labels.LabelAtom>builder</hudson.model.labels.LabelAtom>
        <hudson.model.labels.LabelAtom>builder-docker</hudson.model.labels.LabelAtom>
        <hudson.model.labels.LabelAtom>docker</hudson.model.labels.LabelAtom>
      </labels>
    </s.a.WorkspaceActionImpl>
  </actions>
</Tag>