<?xml version='1.1' encoding='UTF-8'?>
<Tag plugin="workflow-support@2.20">
  <node class="cps.n.StepStartNode" plugin="workflow-cps@2.57">
    <parentIds>
      <string>18</string>
    </parentIds>
    <id>19</id>
    <descriptorId>org.jenkinsci.plugins.workflow.support.steps.StageStep</descriptorId>
  </node>
  <actions>
    <wf.a.BodyInvocationAction plugin="workflow-api@2.33"/>
    <wf.a.LabelAction plugin="workflow-api@2.33">
      <displayName>Create repo if not existed</displayName>
    </wf.a.LabelAction>
    <wf.a.TimingAction plugin="workflow-api@2.33">
      <startTime>1585183689880</startTime>
    </wf.a.TimingAction>
  </actions>
</Tag>