<?xml version='1.1' encoding='UTF-8'?>
<Tag plugin="workflow-support@2.20">
  <node class="cps.n.StepStartNode" plugin="workflow-cps@2.57">
    <parentIds>
      <string>19</string>
    </parentIds>
    <id>20</id>
    <descriptorId>org.jenkinsci.plugins.credentialsbinding.impl.BindingStep</descriptorId>
  </node>
  <actions>
    <wf.a.TimingAction plugin="workflow-api@2.33">
      <startTime>1585183689923</startTime>
    </wf.a.TimingAction>
    <s.a.LogActionImpl/>
    <cps.a.ArgumentsActionImpl plugin="workflow-cps@2.57">
      <arguments>
        <entry>
          <string>bindings</string>
          <list>
            <linked-hash-map>
              <entry>
                <string>$class</string>
                <string>AmazonWebServicesCredentialsBinding</string>
              </entry>
              <entry>
                <string>credentialsId</string>
                <string>media_account_manager_with_beta_role</string>
              </entry>
              <entry>
                <string>accessKeyVariable</string>
                <string>AWS_ACCESS_KEY_ID</string>
              </entry>
              <entry>
                <string>secretKeyVariable</string>
                <string>AWS_SECRET_ACCESS_KEY</string>
              </entry>
            </linked-hash-map>
          </list>
        </entry>
      </arguments>
      <isUnmodifiedBySanitization>true</isUnmodifiedBySanitization>
    </cps.a.ArgumentsActionImpl>
  </actions>
</Tag>