<?xml version='1.1' encoding='UTF-8'?>
<Tag plugin="workflow-support@2.20">
  <node class="cps.n.StepStartNode" plugin="workflow-cps@2.57">
    <parentIds>
      <string>25</string>
    </parentIds>
    <id>26</id>
    <descriptorId>org.jenkinsci.plugins.credentialsbinding.impl.BindingStep</descriptorId>
  </node>
  <actions>
    <wf.a.BodyInvocationAction plugin="workflow-api@2.33"/>
    <wf.a.TimingAction plugin="workflow-api@2.33">
      <startTime>1585183693322</startTime>
    </wf.a.TimingAction>
  </actions>
</Tag>