<?xml version='1.1' encoding='UTF-8'?>
<Tag plugin="workflow-support@2.20">
  <node class="cps.n.StepAtomNode" plugin="workflow-cps@2.57">
    <parentIds>
      <string>2</string>
    </parentIds>
    <id>3</id>
    <descriptorId>org.jenkinsci.plugins.workflow.multibranch.JobPropertyStep</descriptorId>
  </node>
  <actions>
    <wf.a.TimingAction plugin="workflow-api@2.33">
      <startTime>1585183689599</startTime>
    </wf.a.TimingAction>
    <s.a.LogActionImpl/>
    <cps.a.ArgumentsActionImpl plugin="workflow-cps@2.57">
      <arguments>
        <entry>
          <string>properties</string>
          <list>
            <org.jenkinsci.plugins.structs.describable.UninstantiatedDescribable plugin="structs@1.20">
              <symbol>parameters</symbol>
              <arguments>
                <entry>
                  <string>&lt;anonymous&gt;</string>
                  <list>
                    <map>
                      <entry>
                        <string>tagFilter</string>
                        <string>202*elevator*sprinkler*</string>
                      </entry>
                      <entry>
                        <string>useRepository</string>
                        <string>.*urbancompass.git</string>
                      </entry>
                      <entry>
                        <string>branchFilter</string>
                        <wf.a.ArgumentsAction_-NotStoredReason>MASKED_VALUE</wf.a.ArgumentsAction_-NotStoredReason>
                      </entry>
                      <entry>
                        <string>defaultValue</string>
                        <wf.a.ArgumentsAction_-NotStoredReason>MASKED_VALUE</wf.a.ArgumentsAction_-NotStoredReason>
                      </entry>
                      <entry>
                        <string>name</string>
                        <string>BASE_TAG</string>
                      </entry>
                      <entry>
                        <string>description</string>
                        <string>The base tag (or other git ref) on which to start cherry-picking changes
                (e.g. if this is an rc2 deploy then rc1 is your base). </string>
                      </entry>
                      <entry>
                        <string>sortMode</string>
                        <string>DESCENDING_SMART</string>
                      </entry>
                      <entry>
                        <string>type</string>
                        <string>PT_BRANCH_TAG</string>
                      </entry>
                    </map>
                    <tree-map>
                      <entry>
                        <string>defaultValue</string>
                        <string></string>
                      </entry>
                      <entry>
                        <string>description</string>
                        <string>Comma-separated list of changes to cherry-pick (We only support cherry-picks from github now) 
                These will be applied on top of the base tag specified above, in order from left-to-right (e.g. &quot;545b5920d11e7b471c450615bc8bcd5c8c3f5e6d,dedd0175ebf6558cd7af6ae9f4b9ca5ecd9bb362&quot;) 
                A git example to describe how this works: BASE_TAG = &quot;20161219-230000-web-rc1&quot; CHERRY_PICKS = &quot;545b5920d11e7b471c450615bc8bcd5c8c3f5e6d,dedd0175ebf6558cd7af6ae9f4b9ca5ecd9bb362&quot; 
                git reset --hard BASE_TAG git cherry-pick 545b5920d11e7b471c450615bc8bcd5c8c3f5e6d git cherry-pick dedd0175ebf6558cd7af6ae9f4b9ca5ecd9bb362</string>
                      </entry>
                      <entry>
                        <string>name</string>
                        <string>CHERRY_PICKS</string>
                      </entry>
                      <entry>
                        <string>trim</string>
                        <boolean>true</boolean>
                      </entry>
                    </tree-map>
                    <tree-map>
                      <entry>
                        <string>defaultValue</string>
                        <string></string>
                      </entry>
                      <entry>
                        <string>description</string>
                        <string>&apos;%Y%m%d-%H%M%S-elevator-{service_name}-{release_type}&apos;
                Where release type is defined as: &apos;rc&apos; or &apos;hotfix&apos; + rc_or_hotfix_num
                Example:&apos;20200312-230000-elevator-service-rc1&apos; is a valid tag that means the release was deployed to staging at the specified date &amp; time 
                (23:00:00 UTC = 18:00:00 EST (-5 from UTC for that date) = 6 PM in NY)</string>
                      </entry>
                      <entry>
                        <string>name</string>
                        <string>RELEASE_TAG</string>
                      </entry>
                      <entry>
                        <string>trim</string>
                        <boolean>true</boolean>
                      </entry>
                    </tree-map>
                    <map>
                      <entry>
                        <string>name</string>
                        <string>RELEASE_TAG_AS_SUFFIX</string>
                      </entry>
                      <entry>
                        <string>description</string>
                        <wf.a.ArgumentsAction_-NotStoredReason>MASKED_VALUE</wf.a.ArgumentsAction_-NotStoredReason>
                      </entry>
                      <entry>
                        <string>defaultValue</string>
                        <boolean>false</boolean>
                      </entry>
                    </map>
                    <tree-map>
                      <entry>
                        <string>defaultValue</string>
                        <boolean>false</boolean>
                      </entry>
                      <entry>
                        <string>description</string>
                        <string>Choose whether to trigger the deploy job after successful build.

                The default parameters for deploy job is:
                    - elevator_container_tag: latest
                    - cluster_name: media_gamma
                    - ecr_image_tag: {new_built_image_tag}
                </string>
                      </entry>
                      <entry>
                        <string>name</string>
                        <string>TRIGGER_DEPLOY</string>
                      </entry>
                    </tree-map>
                  </list>
                </entry>
              </arguments>
            </org.jenkinsci.plugins.structs.describable.UninstantiatedDescribable>
          </list>
        </entry>
      </arguments>
      <isUnmodifiedBySanitization>false</isUnmodifiedBySanitization>
    </cps.a.ArgumentsActionImpl>
  </actions>
</Tag>