<?xml version='1.1' encoding='UTF-8'?>
<Tag plugin="workflow-support@2.20">
  <node class="cps.n.StepAtomNode" plugin="workflow-cps@2.57">
    <parentIds>
      <string>31</string>
    </parentIds>
    <id>32</id>
    <descriptorId>org.jenkinsci.plugins.workflow.steps.durable_task.ShellStep</descriptorId>
  </node>
  <actions>
    <wf.a.TimingAction plugin="workflow-api@2.33">
      <startTime>1585183694720</startTime>
    </wf.a.TimingAction>
    <s.a.LogActionImpl/>
    <cps.a.ArgumentsActionImpl plugin="workflow-cps@2.57">
      <arguments>
        <entry>
          <string>script</string>
          <string>aws ecr describe-repositories --repository-names media_sprinkler --region us-east-1 || aws ecr create-repository --repository-name media_sprinkler --region us-east-1</string>
        </entry>
      </arguments>
      <isUnmodifiedBySanitization>true</isUnmodifiedBySanitization>
    </cps.a.ArgumentsActionImpl>
  </actions>
</Tag>