<?xml version='1.1' encoding='UTF-8'?>
<Tag plugin="workflow-support@2.20">
  <node class="cps.n.StepAtomNode" plugin="workflow-cps@2.57">
    <parentIds>
      <string>38</string>
    </parentIds>
    <id>39</id>
    <descriptorId>org.jenkinsci.plugins.workflow.steps.scm.GenericSCMStep</descriptorId>
  </node>
  <actions>
    <wf.a.TimingAction plugin="workflow-api@2.33">
      <startTime>1585183696344</startTime>
    </wf.a.TimingAction>
    <s.a.LogActionImpl/>
    <cps.a.ArgumentsActionImpl plugin="workflow-cps@2.57">
      <arguments>
        <entry>
          <string>scm</string>
          <linked-hash-map>
            <entry>
              <string>$class</string>
              <string>GitSCM</string>
            </entry>
            <entry>
              <string>branches</string>
              <list>
                <linked-hash-map>
                  <entry>
                    <string>name</string>
                    <string>master</string>
                  </entry>
                </linked-hash-map>
              </list>
            </entry>
            <entry>
              <string>doGenerateSubmoduleConfigurations</string>
              <boolean>false</boolean>
            </entry>
            <entry>
              <string>extensions</string>
              <list/>
            </entry>
            <entry>
              <string>gitTool</string>
              <string>Default</string>
            </entry>
            <entry>
              <string>submoduleCfg</string>
              <list/>
            </entry>
            <entry>
              <string>userRemoteConfigs</string>
              <list>
                <linked-hash-map>
                  <entry>
                    <string>credentialsId</string>
                    <string>a4402f49-65b5-4409-b475-82b62ab4c33f</string>
                  </entry>
                  <entry>
                    <string>url</string>
                    <string>git@github.com:UrbanCompass/urbancompass.git</string>
                  </entry>
                </linked-hash-map>
              </list>
            </entry>
          </linked-hash-map>
        </entry>
      </arguments>
      <isUnmodifiedBySanitization>true</isUnmodifiedBySanitization>
    </cps.a.ArgumentsActionImpl>
  </actions>
</Tag>