<?xml version='1.1' encoding='UTF-8'?>
<Tag plugin="workflow-support@2.20">
  <node class="cps.n.StepAtomNode" plugin="workflow-cps@2.57">
    <parentIds>
      <string>44</string>
    </parentIds>
    <id>45</id>
    <descriptorId>org.jenkinsci.plugins.workflow.steps.durable_task.ShellStep</descriptorId>
  </node>
  <actions>
    <wf.a.TimingAction plugin="workflow-api@2.33">
      <startTime>1585183893990</startTime>
    </wf.a.TimingAction>
    <s.a.LogActionImpl/>
    <cps.a.ArgumentsActionImpl plugin="workflow-cps@2.57">
      <arguments>
        <entry>
          <string>returnStdout</string>
          <boolean>true</boolean>
        </entry>
        <entry>
          <string>script</string>
          <wf.a.ArgumentsAction_-NotStoredReason>MASKED_VALUE</wf.a.ArgumentsAction_-NotStoredReason>
        </entry>
      </arguments>
      <isUnmodifiedBySanitization>false</isUnmodifiedBySanitization>
    </cps.a.ArgumentsActionImpl>
  </actions>
</Tag>