<?xml version='1.1' encoding='UTF-8'?>
<Tag plugin="workflow-support@2.20">
  <node class="cps.n.StepStartNode" plugin="workflow-cps@2.57">
    <parentIds>
      <string>7</string>
    </parentIds>
    <id>8</id>
    <descriptorId>org.jenkinsci.plugins.workflow.support.steps.ExecutorStep</descriptorId>
  </node>
  <actions>
    <wf.a.TimingAction plugin="workflow-api@2.33">
      <startTime>1585183689736</startTime>
    </wf.a.TimingAction>
    <s.a.LogActionImpl/>
    <cps.a.ArgumentsActionImpl plugin="workflow-cps@2.57">
      <arguments>
        <entry>
          <string>label</string>
          <string>docker</string>
        </entry>
      </arguments>
      <isUnmodifiedBySanitization>true</isUnmodifiedBySanitization>
    </cps.a.ArgumentsActionImpl>
    <org.jenkinsci.plugins.workflow.support.steps.ExecutorStepExecution_-QueueItemActionImpl plugin="workflow-durable-task-step@2.22">
      <id>744974</id>
    </org.jenkinsci.plugins.workflow.support.steps.ExecutorStepExecution_-QueueItemActionImpl>
    <s.a.WorkspaceActionImpl>
      <node>EC2 (US-East) - builder-docker (i-09a2df6ea98ae0b00)</node>
      <path>/opt/jenkins_slave/workspace/Data/Media/build-ecr-image-sprinkler</path>
      <labels class="sorted-set">
        <hudson.model.labels.LabelAtom>builder</hudson.model.labels.LabelAtom>
        <hudson.model.labels.LabelAtom>builder-docker</hudson.model.labels.LabelAtom>
        <hudson.model.labels.LabelAtom>docker</hudson.model.labels.LabelAtom>
      </labels>
    </s.a.WorkspaceActionImpl>
  </actions>
</Tag>