{
  "jvm" : {
    "vm" : {
      "name" : "Java HotSpot(TM) 64-Bit Server VM",
      "version" : "1.7.0_40-b43"
    },
    "memory" : {
      "totalInit" : 5.7859968E7,
      "totalUsed" : 3.1365432E7,
      "totalMax" : 6.55294464E8,
      "totalCommitted" : 5.7278464E7,
      "heapInit" : 3.3546112E7,
      "heapUsed" : 7065264.0,
      "heapMax" : 5.18979584E8,
      "heapCommitted" : 3.2571392E7,
      "heap_usage" : 0.013613760960585301,
      "non_heap_usage" : 0.1782649700458233,
      "memory_pool_usages" : {
        "Code Cache" : 0.04856236775716146,
        "Eden Space" : 0.013131445580786402,
        "Perm Gen" : 0.25418844455625955,
        "Survivor Space" : 0.012490967691163004,
        "Tenured Gen" : 0.013862735576482973
      }
    },
    "buffers" : {
      "direct" : {
        "count" : 0,
        "memoryUsed" : 0,
        "totalCapacity" : 0
      },
      "mapped" : {
        "count" : 0,
        "memoryUsed" : 0,
        "totalCapacity" : 0
      }
    },
    "daemon_thread_count" : 5,
    "thread_count" : 8,
    "current_time" : 1391091714695,
    "uptime" : 652418,
    "fd_usage" : "NaN",
    "thread-states" : {
      "runnable" : 0.375,
      "timed_waiting" : 0.125,
      "blocked" : 0.0,
      "terminated" : 0.0,
      "waiting" : 0.5,
      "new" : 0.0
    },
    "garbage-collectors" : {
      "MarkSweepCompact" : {
        "runs" : 16,
        "time" : 1231
      },
      "Copy" : {
        "runs" : 988,
        "time" : 1769
      }
    }
  }
}