{
  "version" : "3.0.0",
  "gauges" : {
    "jenkins.executor.count.value" : {
      "value" : 20
    },
    "jenkins.executor.free.value" : {
      "value" : 20
    },
    "jenkins.executor.in-use.value" : {
      "value" : 0
    },
    "jenkins.health-check.count" : {
      "value" : 2
    },
    "jenkins.health-check.inverse-score" : {
      "value" : 0.0
    },
    "jenkins.health-check.score" : {
      "value" : 1.0
    },
    "jenkins.job.count.value" : {
      "value" : 80
    },
    "jenkins.node.count.value" : {
      "value" : 4
    },
    "jenkins.node.offline.value" : {
      "value" : 0
    },
    "jenkins.node.online.value" : {
      "value" : 4
    },
    "jenkins.plugins.active" : {
      "value" : 110
    },
    "jenkins.plugins.failed" : {
      "value" : 0
    },
    "jenkins.plugins.inactive" : {
      "value" : 0
    },
    "jenkins.plugins.withUpdate" : {
      "value" : 0
    },
    "jenkins.project.count.value" : {
      "value" : 80
    },
    "jenkins.project.disabled.count.value" : {
      "value" : 1
    },
    "jenkins.project.enabled.count.value" : {
      "value" : 79
    },
    "jenkins.queue.blocked.value" : {
      "value" : 0
    },
    "jenkins.queue.buildable.value" : {
      "value" : 0
    },
    "jenkins.queue.pending.value" : {
      "value" : 0
    },
    "jenkins.queue.size.value" : {
      "value" : 0
    },
    "jenkins.queue.stuck.value" : {
      "value" : 0
    },
    "system.cpu.load" : {
      "value" : 0.19
    },
    "vm.blocked.count" : {
      "value" : 2
    },
    "vm.count" : {
      "value" : 148
    },
    "vm.cpu.load" : {
      "value" : 0.32219992918682877
    },
    "vm.daemon.count" : {
      "value" : 39
    },
    "vm.deadlocks" : {
      "value" : [ ]
    },
    "vm.file.descriptor.ratio" : {
      "value" : 0.04575
    },
    "vm.gc.G1-Old-Generation.count" : {
      "value" : 3
    },
    "vm.gc.G1-Old-Generation.time" : {
      "value" : 1566
    },
    "vm.gc.G1-Young-Generation.count" : {
      "value" : 7
    },
    "vm.gc.G1-Young-Generation.time" : {
      "value" : 220
    },
    "vm.memory.heap.committed" : {
      "value" : 5368709120
    },
    "vm.memory.heap.init" : {
      "value" : 5368709120
    },
    "vm.memory.heap.max" : {
      "value" : 5368709120
    },
    "vm.memory.heap.usage" : {
      "value" : 0.07767289578914642
    },
    "vm.memory.heap.used" : {
      "value" : 417003184
    },
    "vm.memory.non-heap.committed" : {
      "value" : 150405120
    },
    "vm.memory.non-heap.init" : {
      "value" : 2555904
    },
    "vm.memory.non-heap.max" : {
      "value" : -1
    },
    "vm.memory.non-heap.usage" : {
      "value" : -1.40029696E8
    },
    "vm.memory.non-heap.used" : {
      "value" : 140030000
    },
    "vm.memory.pools.Code-Cache.usage" : {
      "value" : 0.2030146280924479
    },
    "vm.memory.pools.Compressed-Class-Space.usage" : {
      "value" : 0.009595133364200592
    },
    "vm.memory.pools.G1-Eden-Space.usage" : {
      "value" : 0.07477403451109285
    },
    "vm.memory.pools.G1-Old-Gen.usage" : {
      "value" : 0.029235395789146423
    },
    "vm.memory.pools.G1-Survivor-Space.usage" : {
      "value" : 1.0
    },
    "vm.memory.pools.Metaspace.usage" : {
      "value" : 0.9076476219742814
    },
    "vm.memory.total.committed" : {
      "value" : 5519114240
    },
    "vm.memory.total.init" : {
      "value" : 5371265024
    },
    "vm.memory.total.max" : {
      "value" : 5368709119
    },
    "vm.memory.total.used" : {
      "value" : 557044824
    },
    "vm.new.count" : {
      "value" : 0
    },
    "vm.runnable.count" : {
      "value" : 20
    },
    "vm.terminated.count" : {
      "value" : 0
    },
    "vm.timed_waiting.count" : {
      "value" : 109
    },
    "vm.uptime.milliseconds" : {
      "value" : 173541
    },
    "vm.waiting.count" : {
      "value" : 17
    }
  },
  "counters" : {
    "http.activeRequests" : {
      "count" : 1
    }
  },
  "histograms" : {
    "jenkins.executor.count.history" : {
      "count" : 11,
      "max" : 20,
      "mean" : 18.363636363636363,
      "min" : 2,
      "p50" : 20.0,
      "p75" : 20.0,
      "p95" : 20.0,
      "p98" : 20.0,
      "p99" : 20.0,
      "p999" : 20.0,
      "values" : [ 2, 20, 20, 20, 20, 20, 20, 20, 20, 20, 20 ],
      "stddev" : 5.427204202399744
    },
    "jenkins.executor.free.history" : {
      "count" : 11,
      "max" : 20,
      "mean" : 18.363636363636363,
      "min" : 2,
      "p50" : 20.0,
      "p75" : 20.0,
      "p95" : 20.0,
      "p98" : 20.0,
      "p99" : 20.0,
      "p999" : 20.0,
      "values" : [ 2, 20, 20, 20, 20, 20, 20, 20, 20, 20, 20 ],
      "stddev" : 5.427204202399744
    },
    "jenkins.executor.in-use.history" : {
      "count" : 11,
      "max" : 0,
      "mean" : 0.0,
      "min" : 0,
      "p50" : 0.0,
      "p75" : 0.0,
      "p95" : 0.0,
      "p98" : 0.0,
      "p99" : 0.0,
      "p999" : 0.0,
      "values" : [ 0, 0, 0, 0, 0, 0, 0, 0, 0, 0, 0 ],
      "stddev" : 0.0
    },
    "jenkins.job.count.history" : {
      "count" : 11,
      "max" : 80,
      "mean" : 80.0,
      "min" : 80,
      "p50" : 80.0,
      "p75" : 80.0,
      "p95" : 80.0,
      "p98" : 80.0,
      "p99" : 80.0,
      "p999" : 80.0,
      "values" : [ 80, 80, 80, 80, 80, 80, 80, 80, 80, 80, 80 ],
      "stddev" : 0.0
    },
    "jenkins.node.count.history" : {
      "count" : 11,
      "max" : 4,
      "mean" : 4.0,
      "min" : 4,
      "p50" : 4.0,
      "p75" : 4.0,
      "p95" : 4.0,
      "p98" : 4.0,
      "p99" : 4.0,
      "p999" : 4.0,
      "values" : [ 4, 4, 4, 4, 4, 4, 4, 4, 4, 4, 4 ],
      "stddev" : 0.0
    },
    "jenkins.node.offline.history" : {
      "count" : 11,
      "max" : 3,
      "mean" : 0.2727272727272727,
      "min" : 0,
      "p50" : 0.0,
      "p75" : 0.0,
      "p95" : 3.0,
      "p98" : 3.0,
      "p99" : 3.0,
      "p999" : 3.0,
      "values" : [ 0, 0, 0, 0, 0, 0, 0, 0, 0, 0, 3 ],
      "stddev" : 0.904534033733291
    },
    "jenkins.node.online.history" : {
      "count" : 11,
      "max" : 4,
      "mean" : 3.727272727272727,
      "min" : 1,
      "p50" : 4.0,
      "p75" : 4.0,
      "p95" : 4.0,
      "p98" : 4.0,
      "p99" : 4.0,
      "p999" : 4.0,
      "values" : [ 1, 4, 4, 4, 4, 4, 4, 4, 4, 4, 4 ],
      "stddev" : 0.904534033733291
    },
    "jenkins.project.count.history" : {
      "count" : 11,
      "max" : 80,
      "mean" : 80.0,
      "min" : 80,
      "p50" : 80.0,
      "p75" : 80.0,
      "p95" : 80.0,
      "p98" : 80.0,
      "p99" : 80.0,
      "p999" : 80.0,
      "values" : [ 80, 80, 80, 80, 80, 80, 80, 80, 80, 80, 80 ],
      "stddev" : 0.0
    },
    "jenkins.project.disabled.count.history" : {
      "count" : 11,
      "max" : 1,
      "mean" : 1.0,
      "min" : 1,
      "p50" : 1.0,
      "p75" : 1.0,
      "p95" : 1.0,
      "p98" : 1.0,
      "p99" : 1.0,
      "p999" : 1.0,
      "values" : [ 1, 1, 1, 1, 1, 1, 1, 1, 1, 1, 1 ],
      "stddev" : 0.0
    },
    "jenkins.project.enabled.count.history" : {
      "count" : 11,
      "max" : 79,
      "mean" : 79.0,
      "min" : 79,
      "p50" : 79.0,
      "p75" : 79.0,
      "p95" : 79.0,
      "p98" : 79.0,
      "p99" : 79.0,
      "p999" : 79.0,
      "values" : [ 79, 79, 79, 79, 79, 79, 79, 79, 79, 79, 79 ],
      "stddev" : 0.0
    },
    "jenkins.queue.blocked.history" : {
      "count" : 11,
      "max" : 0,
      "mean" : 0.0,
      "min" : 0,
      "p50" : 0.0,
      "p75" : 0.0,
      "p95" : 0.0,
      "p98" : 0.0,
      "p99" : 0.0,
      "p999" : 0.0,
      "values" : [ 0, 0, 0, 0, 0, 0, 0, 0, 0, 0, 0 ],
      "stddev" : 0.0
    },
    "jenkins.queue.buildable.history" : {
      "count" : 11,
      "max" : 0,
      "mean" : 0.0,
      "min" : 0,
      "p50" : 0.0,
      "p75" : 0.0,
      "p95" : 0.0,
      "p98" : 0.0,
      "p99" : 0.0,
      "p999" : 0.0,
      "values" : [ 0, 0, 0, 0, 0, 0, 0, 0, 0, 0, 0 ],
      "stddev" : 0.0
    },
    "jenkins.queue.pending.history" : {
      "count" : 11,
      "max" : 0,
      "mean" : 0.0,
      "min" : 0,
      "p50" : 0.0,
      "p75" : 0.0,
      "p95" : 0.0,
      "p98" : 0.0,
      "p99" : 0.0,
      "p999" : 0.0,
      "values" : [ 0, 0, 0, 0, 0, 0, 0, 0, 0, 0, 0 ],
      "stddev" : 0.0
    },
    "jenkins.queue.size.history" : {
      "count" : 11,
      "max" : 0,
      "mean" : 0.0,
      "min" : 0,
      "p50" : 0.0,
      "p75" : 0.0,
      "p95" : 0.0,
      "p98" : 0.0,
      "p99" : 0.0,
      "p999" : 0.0,
      "values" : [ 0, 0, 0, 0, 0, 0, 0, 0, 0, 0, 0 ],
      "stddev" : 0.0
    },
    "jenkins.queue.stuck.history" : {
      "count" : 11,
      "max" : 0,
      "mean" : 0.0,
      "min" : 0,
      "p50" : 0.0,
      "p75" : 0.0,
      "p95" : 0.0,
      "p98" : 0.0,
      "p99" : 0.0,
      "p999" : 0.0,
      "values" : [ 0, 0, 0, 0, 0, 0, 0, 0, 0, 0, 0 ],
      "stddev" : 0.0
    }
  },
  "meters" : {
    "http.responseCodes.badRequest" : {
      "count" : 0,
      "m15_rate" : 0.0,
      "m1_rate" : 0.0,
      "m5_rate" : 0.0,
      "mean_rate" : 0.0,
      "units" : "events/minute"
    },
    "http.responseCodes.created" : {
      "count" : 6,
      "m15_rate" : 0.3773424185585931,
      "m1_rate" : 2.5132537932257466,
      "m5_rate" : 1.0075458657104968,
      "mean_rate" : 2.1685073239159673,
      "units" : "events/minute"
    },
    "http.responseCodes.forbidden" : {
      "count" : 0,
      "m15_rate" : 0.0,
      "m1_rate" : 0.0,
      "m5_rate" : 0.0,
      "mean_rate" : 0.0,
      "units" : "events/minute"
    },
    "http.responseCodes.noContent" : {
      "count" : 0,
      "m15_rate" : 0.0,
      "m1_rate" : 0.0,
      "m5_rate" : 0.0,
      "mean_rate" : 0.0,
      "units" : "events/minute"
    },
    "http.responseCodes.notFound" : {
      "count" : 18,
      "m15_rate" : 1.127888933955842,
      "m1_rate" : 7.203003846190566,
      "m5_rate" : 2.9903604813454097,
      "mean_rate" : 6.505519359160543,
      "units" : "events/minute"
    },
    "http.responseCodes.notModified" : {
      "count" : 29,
      "m15_rate" : 1.8162579574967908,
      "m1_rate" : 11.965956450927592,
      "m5_rate" : 4.816460924024239,
      "mean_rate" : 10.481106527638268,
      "units" : "events/minute"
    },
    "http.responseCodes.ok" : {
      "count" : 1252,
      "m15_rate" : 77.83554057692372,
      "m1_rate" : 456.65681304979006,
      "m5_rate" : 203.31133129274426,
      "mean_rate" : 452.49497513178824,
      "units" : "events/minute"
    },
    "http.responseCodes.other" : {
      "count" : 0,
      "m15_rate" : 0.0,
      "m1_rate" : 0.0,
      "m5_rate" : 0.0,
      "mean_rate" : 0.0,
      "units" : "events/minute"
    },
    "http.responseCodes.serverError" : {
      "count" : 0,
      "m15_rate" : 0.0,
      "m1_rate" : 0.0,
      "m5_rate" : 0.0,
      "mean_rate" : 0.0,
      "units" : "events/minute"
    },
    "http.responseCodes.serviceUnavailable" : {
      "count" : 0,
      "m15_rate" : 0.0,
      "m1_rate" : 0.0,
      "m5_rate" : 0.0,
      "mean_rate" : 0.0,
      "units" : "events/minute"
    },
    "jenkins.job.scheduled" : {
      "count" : 7,
      "m15_rate" : 0.4405818856859758,
      "m1_rate" : 2.9664739240329845,
      "m5_rate" : 1.1782608841238216,
      "mean_rate" : 2.611744002150894,
      "units" : "events/minute"
    },
    "jenkins.runs.aborted" : {
      "count" : 1,
      "m15_rate" : 0.06394604604234361,
      "m1_rate" : 0.5354163208494602,
      "m5_rate" : 0.1765014233409163,
      "mean_rate" : 0.3731212010958044,
      "units" : "events/minute"
    },
    "jenkins.runs.failure" : {
      "count" : 2,
      "m15_rate" : 0.12683124235516594,
      "m1_rate" : 0.9458269263061656,
      "m5_rate" : 0.34429912982800054,
      "mean_rate" : 0.7462423057682435,
      "units" : "events/minute"
    },
    "jenkins.runs.not_built" : {
      "count" : 0,
      "m15_rate" : 0.0,
      "m1_rate" : 0.0,
      "m5_rate" : 0.0,
      "mean_rate" : 0.0,
      "units" : "events/minute"
    },
    "jenkins.runs.success" : {
      "count" : 4,
      "m15_rate" : 0.25156614866420285,
      "m1_rate" : 1.6824376771634277,
      "m5_rate" : 0.671806592950386,
      "mean_rate" : 1.4924838518537618,
      "units" : "events/minute"
    },
    "jenkins.runs.total" : {
      "count" : 7,
      "m15_rate" : 0.4423434370617124,
      "m1_rate" : 3.163680924319053,
      "m5_rate" : 1.1926071461193029,
      "mean_rate" : 2.6118470199645674,
      "units" : "events/minute"
    },
    "jenkins.runs.unstable" : {
      "count" : 0,
      "m15_rate" : 0.0,
      "m1_rate" : 0.0,
      "m5_rate" : 0.0,
      "mean_rate" : 0.0,
      "units" : "events/minute"
    }
  },
  "timers" : {
    "http.requests" : {
      "count" : 1305,
      "max" : 2.9901125160000004,
      "mean" : 0.03321101732684825,
      "min" : 1.9168400000000002E-4,
      "p50" : 0.001126381,
      "p75" : 0.0028117475,
      "p95" : 0.03541635704999995,
      "p98" : 0.5183854548,
      "p99" : 1.0365432137000001,
      "p999" : 2.9876731606710005,
      "values" : [ 1.9168400000000002E-4, 2.1024000000000002E-4, 2.1095600000000002E-4, 2.1636700000000002E-4, 2.1652000000000002E-4, 2.20639E-4, 2.22066E-4, 2.23083E-4, 2.23894E-4, 2.2420100000000002E-4, 2.2592100000000002E-4, 2.3327900000000003E-4, 2.34276E-4, 2.3445300000000003E-4, 2.39017E-4, 2.46771E-4, 2.53291E-4, 2.54088E-4, 2.5724E-4, 2.66585E-4, 2.66602E-4, 2.7051E-4, 2.71907E-4, 2.72441E-4, 2.72582E-4, 2.726E-4, 2.741E-4, 2.7889900000000004E-4, 2.82891E-4, 2.85597E-4, 2.87185E-4, 2.90356E-4, 2.96349E-4, 2.97092E-4, 2.98371E-4, 3.03995E-4, 3.0400100000000003E-4, 3.04992E-4, 3.06368E-4, 3.06915E-4, 3.10015E-4, 3.1186800000000003E-4, 3.13904E-4, 3.15047E-4, 3.15374E-4, 3.23377E-4, 3.2381500000000003E-4, 3.2420500000000004E-4, 3.24417E-4, 3.2517600000000005E-4, 3.30204E-4, 3.31921E-4, 3.34697E-4, 3.3550100000000004E-4, 3.3564500000000003E-4, 3.3609300000000004E-4, 3.36494E-4, 3.36986E-4, 3.39848E-4, 3.45184E-4, 3.46027E-4, 3.4755E-4, 3.5173800000000004E-4, 3.52804E-4, 3.5394200000000005E-4, 3.5502200000000003E-4, 3.55693E-4, 3.55947E-4, 3.56046E-4, 3.5849300000000004E-4, 3.6003600000000005E-4, 3.62792E-4, 3.63752E-4, 3.6574000000000003E-4, 3.6596400000000004E-4, 3.67609E-4, 3.6769E-4, 3.68752E-4, 3.70645E-4, 3.7070200000000004E-4, 3.74794E-4, 3.74949E-4, 3.7882700000000004E-4, 3.81532E-4, 3.8516900000000004E-4, 3.86651E-4, 3.88115E-4, 3.8979700000000005E-4, 3.9093300000000005E-4, 3.9110500000000004E-4, 3.91596E-4, 3.94033E-4, 3.9405200000000004E-4, 3.9613200000000005E-4, 3.98622E-4, 3.9940200000000004E-4, 4.0209800000000004E-4, 4.0540400000000005E-4, 4.05525E-4, 4.07312E-4, 4.08768E-4, 4.08999E-4, 4.0967900000000003E-4, 4.11162E-4, 4.11846E-4, 4.1286000000000003E-4, 4.1469200000000003E-4, 4.15665E-4, 4.1616200000000003E-4, 4.16502E-4, 4.17728E-4, 4.1928500000000004E-4, 4.20922E-4, 4.21563E-4, 4.23061E-4, 4.2376400000000003E-4, 4.2568E-4, 4.26362E-4, 4.2656400000000004E-4, 4.26565E-4, 4.2668100000000004E-4, 4.2702900000000005E-4, 4.27437E-4, 4.30532E-4, 4.3116400000000005E-4, 4.31882E-4, 4.3268900000000004E-4, 4.3689600000000004E-4, 4.3770900000000005E-4, 4.39205E-4, 4.42927E-4, 4.43167E-4, 4.43201E-4, 4.4578E-4, 4.47258E-4, 4.5312300000000005E-4, 4.5488600000000005E-4, 4.5513400000000005E-4, 4.55504E-4, 4.56391E-4, 4.57142E-4, 4.5963700000000004E-4, 4.6016300000000003E-4, 4.6016400000000005E-4, 4.63874E-4, 4.6390300000000005E-4, 4.6459E-4, 4.6603700000000004E-4, 4.66387E-4, 4.70067E-4, 4.7080900000000004E-4, 4.7380100000000004E-4, 4.73923E-4, 4.76134E-4, 4.78696E-4, 4.80317E-4, 4.8038500000000006E-4, 4.81126E-4, 4.81346E-4, 4.8224000000000004E-4, 4.8486600000000003E-4, 4.8498000000000004E-4, 4.86163E-4, 4.88293E-4, 4.88806E-4, 4.890480000000001E-4, 4.89288E-4, 4.895170000000001E-4, 4.905830000000001E-4, 4.90754E-4, 4.909560000000001E-4, 4.91767E-4, 4.92936E-4, 4.93197E-4, 4.932960000000001E-4, 4.946670000000001E-4, 4.948190000000001E-4, 4.949840000000001E-4, 4.95444E-4, 4.967890000000001E-4, 4.97137E-4, 4.98233E-4, 4.9847E-4, 4.99173E-4, 5.0141E-4, 5.02307E-4, 5.0241E-4, 5.03278E-4, 5.03913E-4, 5.068560000000001E-4, 5.09604E-4, 5.09831E-4, 5.09842E-4, 5.09909E-4, 5.1039E-4, 5.118330000000001E-4, 5.12403E-4, 5.12483E-4, 5.129900000000001E-4, 5.130940000000001E-4, 5.14475E-4, 5.163860000000001E-4, 5.1672E-4, 5.19446E-4, 5.20243E-4, 5.20265E-4, 5.22134E-4, 5.22599E-4, 5.28335E-4, 5.2934E-4, 5.300200000000001E-4, 5.31563E-4, 5.316110000000001E-4, 5.322030000000001E-4, 5.33867E-4, 5.347640000000001E-4, 5.36316E-4, 5.365070000000001E-4, 5.366570000000001E-4, 5.38465E-4, 5.386000000000001E-4, 5.39014E-4, 5.39424E-4, 5.41266E-4, 5.41393E-4, 5.44516E-4, 5.4452E-4, 5.456500000000001E-4, 5.46823E-4, 5.470750000000001E-4, 5.47286E-4, 5.4938E-4, 5.50472E-4, 5.50872E-4, 5.54143E-4, 5.54601E-4, 5.57999E-4, 5.60767E-4, 5.615230000000001E-4, 5.620040000000001E-4, 5.623340000000001E-4, 5.643400000000001E-4, 5.66623E-4, 5.6835E-4, 5.70194E-4, 5.706250000000001E-4, 5.71413E-4, 5.73254E-4, 5.73307E-4, 5.734280000000001E-4, 5.75909E-4, 5.7682E-4, 5.773390000000001E-4, 5.77503E-4, 5.778840000000001E-4, 5.7848E-4, 5.79414E-4, 5.80337E-4, 5.81851E-4, 5.82926E-4, 5.835840000000001E-4, 5.85336E-4, 5.854030000000001E-4, 5.85597E-4, 5.87182E-4, 5.882E-4, 5.88924E-4, 5.890310000000001E-4, 5.89523E-4, 5.899060000000001E-4, 5.90448E-4, 5.97073E-4, 5.972800000000001E-4, 5.97321E-4, 5.98877E-4, 6.00147E-4, 6.006270000000001E-4, 6.00809E-4, 6.019420000000001E-4, 6.06004E-4, 6.08268E-4, 6.09892E-4, 6.12281E-4, 6.15325E-4, 6.16643E-4, 6.17301E-4, 6.17314E-4, 6.22881E-4, 6.27038E-4, 6.281840000000001E-4, 6.285770000000001E-4, 6.31637E-4, 6.33382E-4, 6.35364E-4, 6.35954E-4, 6.37444E-4, 6.395250000000001E-4, 6.409930000000001E-4, 6.40998E-4, 6.42643E-4, 6.469760000000001E-4, 6.4716E-4, 6.508960000000001E-4, 6.51084E-4, 6.517760000000001E-4, 6.54085E-4, 6.54533E-4, 6.5512E-4, 6.55524E-4, 6.561770000000001E-4, 6.56839E-4, 6.572020000000001E-4, 6.57227E-4, 6.57597E-4, 6.577750000000001E-4, 6.5784E-4, 6.596480000000001E-4, 6.61077E-4, 6.619470000000001E-4, 6.624000000000001E-4, 6.63529E-4, 6.64161E-4, 6.65456E-4, 6.67777E-4, 6.67894E-4, 6.69551E-4, 6.7403E-4, 6.751400000000001E-4, 6.756840000000001E-4, 6.77154E-4, 6.775240000000001E-4, 6.78482E-4, 6.81521E-4, 6.82334E-4, 6.84509E-4, 6.85204E-4, 6.860750000000001E-4, 6.866940000000001E-4, 6.88006E-4, 6.93379E-4, 6.94603E-4, 6.94674E-4, 6.95628E-4, 6.97827E-4, 7.010390000000001E-4, 7.031460000000001E-4, 7.059060000000001E-4, 7.069130000000001E-4, 7.085500000000001E-4, 7.1077E-4, 7.13561E-4, 7.13842E-4, 7.15338E-4, 7.15447E-4, 7.20479E-4, 7.20813E-4, 7.26361E-4, 7.27096E-4, 7.27568E-4, 7.30478E-4, 7.31015E-4, 7.31689E-4, 7.337270000000001E-4, 7.390360000000001E-4, 7.40675E-4, 7.41698E-4, 7.418520000000001E-4, 7.425410000000001E-4, 7.42715E-4, 7.470780000000001E-4, 7.49021E-4, 7.50916E-4, 7.51233E-4, 7.5436E-4, 7.585220000000001E-4, 7.627690000000001E-4, 7.647530000000001E-4, 7.658480000000001E-4, 7.685600000000001E-4, 7.692150000000001E-4, 7.69817E-4, 7.70481E-4, 7.75968E-4, 7.806880000000001E-4, 7.812120000000001E-4, 7.8229E-4, 7.83803E-4, 7.86832E-4, 7.88195E-4, 7.918830000000001E-4, 7.920070000000001E-4, 7.92155E-4, 7.93457E-4, 7.93519E-4, 8.02188E-4, 8.024760000000001E-4, 8.040240000000001E-4, 8.047480000000001E-4, 8.09992E-4, 8.121010000000001E-4, 8.189730000000001E-4, 8.193870000000001E-4, 8.200460000000001E-4, 8.21333E-4, 8.2472E-4, 8.31379E-4, 8.341160000000001E-4, 8.34669E-4, 8.34875E-4, 8.367720000000001E-4, 8.388270000000001E-4, 8.41211E-4, 8.42163E-4, 8.44455E-4, 8.473310000000001E-4, 8.477630000000001E-4, 8.478680000000001E-4, 8.55294E-4, 8.583690000000001E-4, 8.60548E-4, 8.63651E-4, 8.676080000000001E-4, 8.682080000000001E-4, 8.686070000000001E-4, 8.69272E-4, 8.695010000000001E-4, 8.71199E-4, 8.72466E-4, 8.767100000000001E-4, 8.773520000000001E-4, 8.79573E-4, 8.7978E-4, 8.819460000000001E-4, 8.82477E-4, 8.83297E-4, 8.84702E-4, 8.864890000000001E-4, 8.89901E-4, 8.902910000000001E-4, 8.935600000000001E-4, 8.95733E-4, 8.98474E-4, 8.98833E-4, 8.994360000000001E-4, 9.08314E-4, 9.112030000000001E-4, 9.13389E-4, 9.20021E-4, 9.2252E-4, 9.25528E-4, 9.26527E-4, 9.29304E-4, 9.366200000000001E-4, 9.36693E-4, 9.38125E-4, 9.38559E-4, 9.407E-4, 9.424870000000001E-4, 9.4258E-4, 9.451020000000001E-4, 9.47165E-4, 9.514940000000001E-4, 9.518990000000001E-4, 9.577250000000001E-4, 9.5777E-4, 9.578690000000001E-4, 9.619060000000001E-4, 9.650910000000001E-4, 9.68979E-4, 9.759800000000001E-4, 9.80525E-4, 9.81131E-4, 9.82692E-4, 9.83771E-4, 9.84389E-4, 9.865330000000002E-4, 9.88381E-4, 9.89674E-4, 9.89883E-4, 9.90741E-4, 9.96036E-4, 9.97466E-4, 9.97994E-4, 9.98268E-4, 0.001004775, 0.001009684, 0.001015256, 0.001016739, 0.001016771, 0.0010196390000000001, 0.001023705, 0.0010297630000000002, 0.001029813, 0.00103392, 0.001040986, 0.001043377, 0.0010438490000000001, 0.001045268, 0.0010539710000000001, 0.001059115, 0.001066406, 0.00107274, 0.001076476, 0.00107777, 0.0010831880000000001, 0.001086933, 0.0010894890000000001, 0.001090285, 0.0010935810000000002, 0.001097492, 0.001103609, 0.001116559, 0.001117945, 0.001125796, 0.001126966, 0.001127482, 0.001128854, 0.001131269, 0.00113514, 0.0011411980000000002, 0.0011448650000000001, 0.00114587, 0.00114602, 0.001146352, 0.001147783, 0.0011530870000000001, 0.001154235, 0.001155324, 0.0011638850000000001, 0.0011639110000000001, 0.001169385, 0.0011794700000000002, 0.001179825, 0.001180841, 0.001183269, 0.0011842620000000002, 0.001187804, 0.0011895360000000002, 0.001190401, 0.001190936, 0.0011933360000000001, 0.0011944940000000002, 0.001197713, 0.0011986310000000001, 0.001199112, 0.001208261, 0.001212877, 0.001213785, 0.0012196280000000002, 0.0012249890000000001, 0.0012279040000000001, 0.0012296140000000002, 0.001229704, 0.001231385, 0.0012327080000000001, 0.0012332320000000001, 0.001234578, 0.001236759, 0.001240364, 0.001246275, 0.0012492170000000002, 0.0012515240000000002, 0.0012519220000000001, 0.0012525470000000001, 0.001260433, 0.001260622, 0.001261858, 0.0012636630000000002, 0.001268735, 0.0012721190000000002, 0.001277672, 0.0012779010000000001, 0.001279449, 0.001285824, 0.001288324, 0.0012889140000000002, 0.001290287, 0.001302496, 0.0013061750000000001, 0.001307091, 0.001307112, 0.0013104330000000002, 0.0013104680000000002, 0.0013107210000000002, 0.001314634, 0.001315292, 0.001319036, 0.0013283120000000001, 0.0013340840000000001, 0.001338547, 0.001348868, 0.001350138, 0.0013585460000000002, 0.0013633710000000002, 0.001364771, 0.001370831, 0.0013722010000000002, 0.001384484, 0.0013866520000000002, 0.001389475, 0.0013933300000000001, 0.001412702, 0.001415821, 0.0014180820000000002, 0.001426806, 0.001430636, 0.0014310820000000002, 0.001432464, 0.001432984, 0.001441942, 0.001452722, 0.0014534270000000002, 0.001455586, 0.0014609010000000001, 0.001461056, 0.0014623560000000002, 0.001465343, 0.0014659800000000002, 0.001466773, 0.001468845, 0.0014709270000000001, 0.001482803, 0.0014829720000000002, 0.001485683, 0.00148755, 0.0014944860000000002, 0.001494831, 0.0015096640000000002, 0.001510697, 0.0015152800000000001, 0.001520169, 0.001523187, 0.001535504, 0.00153626, 0.001538066, 0.0015439350000000002, 0.0015505480000000001, 0.001553399, 0.00155382, 0.0015771930000000002, 0.0015984340000000001, 0.001601434, 0.001607235, 0.001616819, 0.0016232010000000001, 0.0016279150000000002, 0.00162921, 0.0016301360000000001, 0.001640228, 0.001643645, 0.0016611100000000001, 0.0016625670000000002, 0.001666093, 0.001671287, 0.0016723830000000002, 0.0016768050000000002, 0.0016794070000000002, 0.001696889, 0.001698637, 0.001701299, 0.001701372, 0.0017020940000000001, 0.0017065250000000002, 0.001713089, 0.0017162100000000001, 0.0017168090000000001, 0.0017231590000000001, 0.001727344, 0.001731738, 0.00173349, 0.001733841, 0.001753603, 0.0017548160000000002, 0.0017571230000000002, 0.0017825520000000002, 0.0017882190000000002, 0.001793284, 0.0018136760000000002, 0.001813691, 0.0018250870000000002, 0.001830112, 0.001843854, 0.0018572340000000001, 0.001858891, 0.0018623860000000002, 0.001881718, 0.001889547, 0.0018938240000000001, 0.0019028200000000002, 0.0019176680000000002, 0.001919576, 0.0019206650000000002, 0.001922822, 0.0019243420000000001, 0.001937286, 0.001954944, 0.0019609420000000002, 0.001966658, 0.00200863, 0.0020134090000000003, 0.002026903, 0.0020751660000000002, 0.0020762470000000002, 0.0020900700000000003, 0.002091776, 0.0020928820000000003, 0.002107158, 0.0021418550000000002, 0.002145733, 0.002154515, 0.002159437, 0.0021728380000000003, 0.002174812, 0.00217656, 0.00217972, 0.002179905, 0.002181807, 0.0021918980000000003, 0.0022003120000000003, 0.0022013830000000003, 0.0022161100000000003, 0.002219167, 0.0022222450000000003, 0.002254063, 0.0022606410000000003, 0.002268674, 0.0022729010000000003, 0.0022776650000000003, 0.002279802, 0.002282141, 0.002292857, 0.002297667, 0.002321917, 0.00233117, 0.002336902, 0.00234271, 0.002351101, 0.0023713000000000002, 0.0023828440000000003, 0.0023928160000000003, 0.0024014270000000002, 0.0024077110000000003, 0.002416797, 0.002417607, 0.0024211040000000003, 0.002431917, 0.0024369300000000003, 0.002439555, 0.002457269, 0.002470738, 0.0025081350000000003, 0.002520473, 0.002529265, 0.002533895, 0.002586815, 0.00260019, 0.002602287, 0.0026447130000000004, 0.002647345, 0.002660169, 0.002671356, 0.002696346, 0.002704405, 0.002718363, 0.002741326, 0.002747391, 0.002762907, 0.002768567, 0.0027701920000000003, 0.002770811, 0.0027975680000000003, 0.0028164740000000002, 0.002818998, 0.002821589, 0.0028471150000000003, 0.0028575370000000003, 0.002859744, 0.0028814870000000003, 0.0029040090000000004, 0.002907128, 0.002960756, 0.002964758, 0.0030216960000000004, 0.0030289830000000003, 0.0030327490000000004, 0.0030658, 0.003100452, 0.003102881, 0.00310324, 0.0031084130000000004, 0.003117901, 0.003119839, 0.003123214, 0.003163079, 0.0031694550000000003, 0.003226595, 0.003239477, 0.0032522030000000004, 0.003256105, 0.003256881, 0.0032583670000000003, 0.0032587080000000004, 0.003275764, 0.003282175, 0.003286745, 0.0032893960000000004, 0.003317121, 0.003330823, 0.0033350610000000003, 0.0033604560000000004, 0.0033863300000000003, 0.003391191, 0.0033985070000000003, 0.003437223, 0.0034592240000000003, 0.003462417, 0.003463793, 0.003466457, 0.003467415, 0.003496346, 0.0035353620000000002, 0.003551807, 0.0035795640000000004, 0.003595636, 0.0036551450000000003, 0.0036602310000000003, 0.003678895, 0.00370234, 0.0037173820000000004, 0.003740647, 0.003773194, 0.003829887, 0.003859246, 0.0039115140000000005, 0.0039539150000000006, 0.003966138, 0.003966339, 0.0039993170000000005, 0.0040545220000000005, 0.004165006000000001, 0.004203798, 0.004239098, 0.004272819000000001, 0.004297897, 0.004326054, 0.004335042, 0.004379216, 0.004433872, 0.004457653000000001, 0.00450704, 0.004640218000000001, 0.004645334, 0.004649553000000001, 0.004732183, 0.004758222, 0.004807754, 0.0048324380000000005, 0.004843746, 0.00491204, 0.004916763, 0.004945266, 0.005019697, 0.005024913000000001, 0.005038760000000001, 0.005048811, 0.00505173, 0.005067506, 0.005178397, 0.005291542000000001, 0.005424517, 0.005706545, 0.005731575, 0.0057724510000000005, 0.0058030550000000005, 0.00592946, 0.0061193210000000005, 0.006139035, 0.0061924120000000004, 0.006200808, 0.0062178830000000004, 0.006432436000000001, 0.006467141, 0.006470969, 0.0064831640000000005, 0.006759660000000001, 0.006762818, 0.006790461, 0.006942185, 0.007043218, 0.007238860000000001, 0.007398139000000001, 0.007897060000000001, 0.007900233000000001, 0.007916519, 0.007972041000000001, 0.007978656, 0.008026154, 0.008263475000000001, 0.008362205000000001, 0.008432021000000001, 0.008720573, 0.009067846000000001, 0.009322914, 0.009430472, 0.009520637, 0.009728082, 0.009777971, 0.009937237, 0.010793585000000001, 0.010940249, 0.010978298000000001, 0.011023038, 0.011028782, 0.011177857000000001, 0.011657048000000001, 0.011877003, 0.011938662000000001, 0.011974617, 0.012429018, 0.013120134, 0.013207239, 0.013340361, 0.013534659000000001, 0.013581766, 0.013900762, 0.013915940000000002, 0.014038146000000001, 0.014156075, 0.014170757, 0.014848307000000002, 0.014851617000000001, 0.015148698, 0.015376623, 0.015473708000000001, 0.015660776, 0.015864724, 0.016291275, 0.016552416, 0.016563018000000002, 0.017959748, 0.018229563, 0.018254720000000002, 0.018665401, 0.018730180000000003, 0.01902962, 0.019171459000000002, 0.019206388, 0.019284139000000002, 0.019723667, 0.019878379, 0.020371888, 0.020535446000000002, 0.020990142, 0.021140822, 0.021804213000000003, 0.022239335000000002, 0.023295477000000002, 0.025512142, 0.026165198, 0.026750681000000002, 0.027027725000000002, 0.027353736, 0.027356244000000002, 0.027395291000000002, 0.028152169, 0.028852457, 0.029411303000000003, 0.029575467, 0.030236164000000003, 0.030797405000000003, 0.031326820000000005, 0.032113050000000004, 0.032158348, 0.032930004, 0.033459097, 0.034156793000000005, 0.034822263, 0.035902434000000004, 0.037247264, 0.038979638000000004, 0.039762266000000004, 0.04045937, 0.040931918000000005, 0.046489602000000005, 0.049241542000000006, 0.051164419, 0.053989479, 0.055483584, 0.056577550000000004, 0.06155076500000001, 0.061559162, 0.06646679400000001, 0.06757542000000001, 0.068340577, 0.069231903, 0.069344021, 0.083943558, 0.133158692, 0.221281462, 0.29610924, 0.315669876, 0.325368992, 0.46528564600000005, 0.49379752600000004, 0.515563611, 0.515837909, 0.5159117320000001, 0.517983057, 0.518941147, 0.530800471, 0.7220802040000001, 0.744777466, 0.7574064460000001, 1.016414264, 1.0188515790000001, 1.030905341, 1.0311226020000002, 1.033948611, 1.037602981, 1.039359501, 1.0515634980000002, 1.0632743610000002, 1.0788875880000002, 1.084099324, 2.641962067, 2.645474688, 2.9059968150000004, 2.9901125160000004 ],
      "stddev" : 0.21259097401934768,
      "m15_rate" : 81.15667953067498,
      "m1_rate" : 478.30278965927346,
      "m5_rate" : 212.12287689275914,
      "mean_rate" : 471.6295056557874,
      "duration_units" : "seconds",
      "rate_units" : "calls/minute"
    },
    "jenkins.health-check.duration" : {
      "count" : 3,
      "max" : 0.004191727,
      "mean" : 0.002721474,
      "min" : 0.0017085590000000001,
      "p50" : 0.002264136,
      "p75" : 0.004191727,
      "p95" : 0.004191727,
      "p98" : 0.004191727,
      "p99" : 0.004191727,
      "p999" : 0.004191727,
      "values" : [ 0.0017085590000000001, 0.002264136, 0.004191727 ],
      "stddev" : 0.0013032265205017125,
      "m15_rate" : 0.18174004892498496,
      "m1_rate" : 0.9508128451246859,
      "m5_rate" : 0.45421184427395944,
      "mean_rate" : 1.12244101820805,
      "duration_units" : "seconds",
      "rate_units" : "calls/minute"
    },
    "jenkins.job.blocked.duration" : {
      "count" : 0,
      "max" : 0.0,
      "mean" : 0.0,
      "min" : 0.0,
      "p50" : 0.0,
      "p75" : 0.0,
      "p95" : 0.0,
      "p98" : 0.0,
      "p99" : 0.0,
      "p999" : 0.0,
      "values" : [ ],
      "stddev" : 0.0,
      "m15_rate" : 0.0,
      "m1_rate" : 0.0,
      "m5_rate" : 0.0,
      "mean_rate" : 0.0,
      "duration_units" : "seconds",
      "rate_units" : "calls/minute"
    },
    "jenkins.job.buildable.duration" : {
      "count" : 7,
      "max" : 0.03642442,
      "mean" : 0.009049242285714286,
      "min" : 0.001974136,
      "p50" : 0.00448107,
      "p75" : 0.0065469130000000006,
      "p95" : 0.03642442,
      "p98" : 0.03642442,
      "p99" : 0.03642442,
      "p999" : 0.03642442,
      "values" : [ 0.001974136, 0.0040230940000000005, 0.00403086, 0.00448107, 0.005864203, 0.0065469130000000006, 0.03642442 ],
      "stddev" : 0.0121598940259643,
      "m15_rate" : 0.4409341937863762,
      "m1_rate" : 3.0058605887246737,
      "m5_rate" : 1.1811299771251724,
      "mean_rate" : 2.611600271984996,
      "duration_units" : "seconds",
      "rate_units" : "calls/minute"
    },
    "jenkins.job.building.duration" : {
      "count" : 14,
      "max" : 10.251000000000001,
      "mean" : 1.7547478734285715,
      "min" : 0.062278717000000004,
      "p50" : 0.17350636600000002,
      "p75" : 1.3429137102500002,
      "p95" : 10.251000000000001,
      "p98" : 10.251000000000001,
      "p99" : 10.251000000000001,
      "p999" : 10.251000000000001,
      "values" : [ 0.062278717000000004, 0.064, 0.07734173800000001, 0.08, 0.10458417900000001, 0.114, 0.173012732, 0.17400000000000002, 0.265, 0.265483968, 1.3428849470000002, 1.3430000000000002, 10.249883947, 10.251000000000001 ],
      "stddev" : 3.6256283900316184,
      "m15_rate" : 0.8846868741234248,
      "m1_rate" : 6.327361848638106,
      "m5_rate" : 2.3852142922386057,
      "mean_rate" : 5.2231944094642175,
      "duration_units" : "seconds",
      "rate_units" : "calls/minute"
    },
    "jenkins.job.queuing.duration" : {
      "count" : 7,
      "max" : 5.196000000000001,
      "mean" : 0.7547142857142858,
      "min" : 0.006,
      "p50" : 0.008,
      "p75" : 0.051000000000000004,
      "p95" : 5.196000000000001,
      "p98" : 5.196000000000001,
      "p99" : 5.196000000000001,
      "p999" : 5.196000000000001,
      "values" : [ 0.006, 0.006, 0.007, 0.008, 0.009000000000000001, 0.051000000000000004, 5.196000000000001 ],
      "stddev" : 1.958491231729646,
      "m15_rate" : 0.4409341937863762,
      "m1_rate" : 3.0058605887246737,
      "m5_rate" : 1.1811299771251724,
      "mean_rate" : 2.611593345196991,
      "duration_units" : "seconds",
      "rate_units" : "calls/minute"
    },
    "jenkins.job.total.duration" : {
      "count" : 7,
      "max" : 10.257000000000001,
      "mean" : 2.510571428571429,
      "min" : 0.08900000000000001,
      "p50" : 0.271,
      "p75" : 5.260000000000001,
      "p95" : 10.257000000000001,
      "p98" : 10.257000000000001,
      "p99" : 10.257000000000001,
      "p999" : 10.257000000000001,
      "values" : [ 0.08900000000000001, 0.165, 0.18100000000000002, 0.271, 1.351, 5.260000000000001, 10.257000000000001 ],
      "stddev" : 3.888431897185242,
      "m15_rate" : 0.4423434370617124,
      "m1_rate" : 3.163680924319053,
      "m5_rate" : 1.1926071461193029,
      "mean_rate" : 2.611566362985646,
      "duration_units" : "seconds",
      "rate_units" : "calls/minute"
    },
    "jenkins.job.waiting.duration" : {
      "count" : 7,
      "max" : 5.193470936000001,
      "mean" : 0.7425274078571429,
      "min" : 5.98021E-4,
      "p50" : 7.163240000000001E-4,
      "p75" : 8.22338E-4,
      "p95" : 5.193470936000001,
      "p98" : 5.193470936000001,
      "p99" : 5.193470936000001,
      "p999" : 5.193470936000001,
      "values" : [ 5.98021E-4, 6.447870000000001E-4, 7.09842E-4, 7.163240000000001E-4, 7.296070000000001E-4, 8.22338E-4, 5.193470936000001 ],
      "stddev" : 1.962681613765746,
      "m15_rate" : 0.4409341937863762,
      "m1_rate" : 3.0058605887246737,
      "m5_rate" : 1.1811299771251724,
      "mean_rate" : 2.6115567811947806,
      "duration_units" : "seconds",
      "rate_units" : "calls/minute"
    },
    "jenkins.node.freebsd-gq1-factory-slave-079.infra.builds" : {
      "count" : 0,
      "max" : 0.0,
      "mean" : 0.0,
      "min" : 0.0,
      "p50" : 0.0,
      "p75" : 0.0,
      "p95" : 0.0,
      "p98" : 0.0,
      "p99" : 0.0,
      "p999" : 0.0,
      "values" : [ ],
      "stddev" : 0.0,
      "m15_rate" : 0.0,
      "m1_rate" : 0.0,
      "m5_rate" : 0.0,
      "mean_rate" : 0.0,
      "duration_units" : "seconds",
      "rate_units" : "calls/minute"
    },
    "jenkins.node.rhel-gq1-factory-slave-080.infra.builds" : {
      "count" : 4,
      "max" : 1.342865926,
      "mean" : 0.460881556,
      "min" : 0.062257671,
      "p50" : 0.21920131350000002,
      "p75" : 1.0735081145,
      "p95" : 1.342865926,
      "p98" : 1.342865926,
      "p99" : 1.342865926,
      "p999" : 1.342865926,
      "values" : [ 0.062257671, 0.172967947, 0.26543468000000003, 1.342865926 ],
      "stddev" : 0.5938268990770387,
      "m15_rate" : 0.25366248471033187,
      "m1_rate" : 1.8916538526123312,
      "m5_rate" : 0.6885982596560011,
      "mean_rate" : 1.5387346000942062,
      "duration_units" : "seconds",
      "rate_units" : "calls/minute"
    },
    "jenkins.node.rhel6-gq1-factory-slave-081.infra.builds" : {
      "count" : 1,
      "max" : 10.249832857000001,
      "mean" : 10.249832857000001,
      "min" : 10.249832857000001,
      "p50" : 10.249832857000001,
      "p75" : 10.249832857000001,
      "p95" : 10.249832857000001,
      "p98" : 10.249832857000001,
      "p99" : 10.249832857000001,
      "p999" : 10.249832857000001,
      "values" : [ 10.249832857000001 ],
      "stddev" : 0.0,
      "m15_rate" : 0.06394604604234361,
      "m1_rate" : 0.5354163208494602,
      "m5_rate" : 0.1765014233409163,
      "mean_rate" : 0.3846833723364474,
      "duration_units" : "seconds",
      "rate_units" : "calls/minute"
    }
  }
}