{
  "version" : "3.0.0",
  "gauges" : {
    "jenkins.executor.count.value" : {
      "value" : 2
    },
    "jenkins.executor.free.value" : {
      "value" : 2
    },
    "jenkins.executor.in-use.value" : {
      "value" : 0
    },
    "jenkins.health-check.count" : {
      "value" : 4
    },
    "jenkins.health-check.inverse-score" : {
      "value" : 0.0
    },
    "jenkins.health-check.score" : {
      "value" : 1.0
    },
    "jenkins.job.count.value" : {
      "value" : 5
    },
    "jenkins.node.count.value" : {
      "value" : 1
    },
    "jenkins.node.offline.value" : {
      "value" : 0
    },
    "jenkins.node.online.value" : {
      "value" : 1
    },
    "jenkins.plugins.active" : {
      "value" : 17
    },
    "jenkins.plugins.failed" : {
      "value" : 0
    },
    "jenkins.plugins.inactive" : {
      "value" : 5
    },
    "jenkins.plugins.withUpdate" : {
      "value" : 0
    },
    "jenkins.queue.blocked.value" : {
      "value" : 0
    },
    "jenkins.queue.buildable.value" : {
      "value" : 0
    },
    "jenkins.queue.pending.value" : {
      "value" : 0
    },
    "jenkins.queue.size.value" : {
      "value" : 0
    },
    "jenkins.queue.stuck.value" : {
      "value" : 0
    },
    "system.cpu.load" : {
      "value" : 0.19
    },
    "vm.blocked.count" : {
      "value" : 0
    },
    "vm.count" : {
      "value" : 45
    },
    "vm.cpu.load" : {
      "value" : 0.38280020975353957
    },
    "vm.daemon.count" : {
      "value" : 38
    },
    "vm.deadlocks" : {
      "value" : [ ]
    },
    "vm.file.descriptor.ratio" : {
      "value" : 0.073974609375
    },
    "vm.gc.PS-MarkSweep.count" : {
      "value" : 0
    },
    "vm.gc.PS-MarkSweep.time" : {
      "value" : 0
    },
    "vm.gc.PS-Scavenge.count" : {
      "value" : 13
    },
    "vm.gc.PS-Scavenge.time" : {
      "value" : 259
    },
    "vm.memory.heap.committed" : {
      "value" : 1495793664
    },
    "vm.memory.heap.init" : {
      "value" : 259600128
    },
    "vm.memory.heap.max" : {
      "value" : 3693084672
    },
    "vm.memory.heap.usage" : {
      "value" : 0.24378432014461
    },
    "vm.memory.heap.used" : {
      "value" : 900316136
    },
    "vm.memory.non-heap.committed" : {
      "value" : 49152000
    },
    "vm.memory.non-heap.init" : {
      "value" : 24576000
    },
    "vm.memory.non-heap.max" : {
      "value" : 136314880
    },
    "vm.memory.non-heap.usage" : {
      "value" : 0.3584651653583233
    },
    "vm.memory.non-heap.used" : {
      "value" : 48864136
    },
    "vm.memory.pools.Code-Cache.usage" : {
      "value" : 0.07890701293945312
    },
    "vm.memory.pools.PS-Eden-Space.usage" : {
      "value" : 0.6271732951526368
    },
    "vm.memory.pools.PS-Old-Gen.usage" : {
      "value" : 0.018338123626304548
    },
    "vm.memory.pools.PS-Perm-Gen.usage" : {
      "value" : 0.5221089618961986
    },
    "vm.memory.pools.PS-Survivor-Space.usage" : {
      "value" : 0.9482705252511161
    },
    "vm.memory.total.committed" : {
      "value" : 1544945664
    },
    "vm.memory.total.init" : {
      "value" : 284176128
    },
    "vm.memory.total.max" : {
      "value" : 3829399552
    },
    "vm.memory.total.used" : {
      "value" : 949180272
    },
    "vm.new.count" : {
      "value" : 0
    },
    "vm.runnable.count" : {
      "value" : 10
    },
    "vm.terminated.count" : {
      "value" : 0
    },
    "vm.timed_waiting.count" : {
      "value" : 6
    },
    "vm.uptime.milliseconds" : {
      "value" : 117004
    },
    "vm.waiting.count" : {
      "value" : 29
    }
  },
  "counters" : {
    "http.activeRequests" : {
      "count" : 1
    }
  },
  "histograms" : {
    "jenkins.executor.count.history" : {
      "count" : 8,
      "max" : 2,
      "mean" : 2.0,
      "min" : 2,
      "p50" : 2.0,
      "p75" : 2.0,
      "p95" : 2.0,
      "p98" : 2.0,
      "p99" : 2.0,
      "p999" : 2.0,
      "values" : [ 2, 2, 2, 2, 2, 2, 2, 2 ],
      "stddev" : 0.0
    },
    "jenkins.executor.free.history" : {
      "count" : 8,
      "max" : 2,
      "mean" : 2.0,
      "min" : 2,
      "p50" : 2.0,
      "p75" : 2.0,
      "p95" : 2.0,
      "p98" : 2.0,
      "p99" : 2.0,
      "p999" : 2.0,
      "values" : [ 2, 2, 2, 2, 2, 2, 2, 2 ],
      "stddev" : 0.0
    },
    "jenkins.executor.in-use.history" : {
      "count" : 8,
      "max" : 0,
      "mean" : 0.0,
      "min" : 0,
      "p50" : 0.0,
      "p75" : 0.0,
      "p95" : 0.0,
      "p98" : 0.0,
      "p99" : 0.0,
      "p999" : 0.0,
      "values" : [ 0, 0, 0, 0, 0, 0, 0, 0 ],
      "stddev" : 0.0
    },
    "jenkins.job.count.history" : {
      "count" : 8,
      "max" : 5,
      "mean" : 5.0,
      "min" : 5,
      "p50" : 5.0,
      "p75" : 5.0,
      "p95" : 5.0,
      "p98" : 5.0,
      "p99" : 5.0,
      "p999" : 5.0,
      "values" : [ 5, 5, 5, 5, 5, 5, 5, 5 ],
      "stddev" : 0.0
    },
    "jenkins.node.count.history" : {
      "count" : 8,
      "max" : 1,
      "mean" : 1.0,
      "min" : 1,
      "p50" : 1.0,
      "p75" : 1.0,
      "p95" : 1.0,
      "p98" : 1.0,
      "p99" : 1.0,
      "p999" : 1.0,
      "values" : [ 1, 1, 1, 1, 1, 1, 1, 1 ],
      "stddev" : 0.0
    },
    "jenkins.node.offline.history" : {
      "count" : 8,
      "max" : 0,
      "mean" : 0.0,
      "min" : 0,
      "p50" : 0.0,
      "p75" : 0.0,
      "p95" : 0.0,
      "p98" : 0.0,
      "p99" : 0.0,
      "p999" : 0.0,
      "values" : [ 0, 0, 0, 0, 0, 0, 0, 0 ],
      "stddev" : 0.0
    },
    "jenkins.node.online.history" : {
      "count" : 8,
      "max" : 1,
      "mean" : 1.0,
      "min" : 1,
      "p50" : 1.0,
      "p75" : 1.0,
      "p95" : 1.0,
      "p98" : 1.0,
      "p99" : 1.0,
      "p999" : 1.0,
      "values" : [ 1, 1, 1, 1, 1, 1, 1, 1 ],
      "stddev" : 0.0
    },
    "jenkins.queue.blocked.history" : {
      "count" : 8,
      "max" : 0,
      "mean" : 0.0,
      "min" : 0,
      "p50" : 0.0,
      "p75" : 0.0,
      "p95" : 0.0,
      "p98" : 0.0,
      "p99" : 0.0,
      "p999" : 0.0,
      "values" : [ 0, 0, 0, 0, 0, 0, 0, 0 ],
      "stddev" : 0.0
    },
    "jenkins.queue.buildable.history" : {
      "count" : 8,
      "max" : 0,
      "mean" : 0.0,
      "min" : 0,
      "p50" : 0.0,
      "p75" : 0.0,
      "p95" : 0.0,
      "p98" : 0.0,
      "p99" : 0.0,
      "p999" : 0.0,
      "values" : [ 0, 0, 0, 0, 0, 0, 0, 0 ],
      "stddev" : 0.0
    },
    "jenkins.queue.pending.history" : {
      "count" : 8,
      "max" : 0,
      "mean" : 0.0,
      "min" : 0,
      "p50" : 0.0,
      "p75" : 0.0,
      "p95" : 0.0,
      "p98" : 0.0,
      "p99" : 0.0,
      "p999" : 0.0,
      "values" : [ 0, 0, 0, 0, 0, 0, 0, 0 ],
      "stddev" : 0.0
    },
    "jenkins.queue.size.history" : {
      "count" : 8,
      "max" : 0,
      "mean" : 0.0,
      "min" : 0,
      "p50" : 0.0,
      "p75" : 0.0,
      "p95" : 0.0,
      "p98" : 0.0,
      "p99" : 0.0,
      "p999" : 0.0,
      "values" : [ 0, 0, 0, 0, 0, 0, 0, 0 ],
      "stddev" : 0.0
    },
    "jenkins.queue.stuck.history" : {
      "count" : 8,
      "max" : 0,
      "mean" : 0.0,
      "min" : 0,
      "p50" : 0.0,
      "p75" : 0.0,
      "p95" : 0.0,
      "p98" : 0.0,
      "p99" : 0.0,
      "p999" : 0.0,
      "values" : [ 0, 0, 0, 0, 0, 0, 0, 0 ],
      "stddev" : 0.0
    }
  },
  "meters" : {
    "http.responseCodes.badRequest" : {
      "count" : 0,
      "m15_rate" : 0.0,
      "m1_rate" : 0.0,
      "m5_rate" : 0.0,
      "mean_rate" : 0.0,
      "units" : "events/minute"
    },
    "http.responseCodes.created" : {
      "count" : 0,
      "m15_rate" : 0.0,
      "m1_rate" : 0.0,
      "m5_rate" : 0.0,
      "mean_rate" : 0.0,
      "units" : "events/minute"
    },
    "http.responseCodes.forbidden" : {
      "count" : 0,
      "m15_rate" : 0.0,
      "m1_rate" : 0.0,
      "m5_rate" : 0.0,
      "mean_rate" : 0.0,
      "units" : "events/minute"
    },
    "http.responseCodes.noContent" : {
      "count" : 0,
      "m15_rate" : 0.0,
      "m1_rate" : 0.0,
      "m5_rate" : 0.0,
      "mean_rate" : 0.0,
      "units" : "events/minute"
    },
    "http.responseCodes.notFound" : {
      "count" : 0,
      "m15_rate" : 0.0,
      "m1_rate" : 0.0,
      "m5_rate" : 0.0,
      "mean_rate" : 0.0,
      "units" : "events/minute"
    },
    "http.responseCodes.notModified" : {
      "count" : 0,
      "m15_rate" : 0.0,
      "m1_rate" : 0.0,
      "m5_rate" : 0.0,
      "mean_rate" : 0.0,
      "units" : "events/minute"
    },
    "http.responseCodes.ok" : {
      "count" : 82,
      "m15_rate" : 5.190699718015095,
      "m1_rate" : 45.597092886599256,
      "m5_rate" : 14.395300524822352,
      "mean_rate" : 43.78654993253003,
      "units" : "events/minute"
    },
    "http.responseCodes.other" : {
      "count" : 0,
      "m15_rate" : 0.0,
      "m1_rate" : 0.0,
      "m5_rate" : 0.0,
      "mean_rate" : 0.0,
      "units" : "events/minute"
    },
    "http.responseCodes.serverError" : {
      "count" : 0,
      "m15_rate" : 0.0,
      "m1_rate" : 0.0,
      "m5_rate" : 0.0,
      "mean_rate" : 0.0,
      "units" : "events/minute"
    },
    "http.responseCodes.serviceUnavailable" : {
      "count" : 0,
      "m15_rate" : 0.0,
      "m1_rate" : 0.0,
      "m5_rate" : 0.0,
      "mean_rate" : 0.0,
      "units" : "events/minute"
    },
    "jenkins.job.scheduled" : {
      "count" : 0,
      "m15_rate" : 0.0,
      "m1_rate" : 0.0,
      "m5_rate" : 0.0,
      "mean_rate" : 0.0,
      "units" : "events/minute"
    }
  },
  "timers" : {
    "http.requests" : {
      "count" : 82,
      "max" : 1.7597126520000002,
      "mean" : 0.03417265917073171,
      "min" : 8.563430000000001E-4,
      "p50" : 0.0032365550000000003,
      "p75" : 0.006603811,
      "p95" : 0.1232737891499998,
      "p98" : 0.7439233275600052,
      "p99" : 1.7597126520000002,
      "p999" : 1.7597126520000002,
      "values" : [ 8.563430000000001E-4, 8.88448E-4, 8.91932E-4, 9.05297E-4, 9.252790000000001E-4, 9.72959E-4, 9.824130000000001E-4, 0.001128185, 0.0011553280000000002, 0.001184488, 0.0013023820000000001, 0.001303829, 0.0013267980000000001, 0.0013289010000000002, 0.0013473290000000002, 0.001372849, 0.001421233, 0.001533883, 0.0015549300000000002, 0.001592276, 0.0016045850000000002, 0.001664983, 0.0016786980000000002, 0.001728275, 0.0017535040000000001, 0.0018345820000000002, 0.0018885360000000001, 0.00192105, 0.001927747, 0.001986008, 0.002043442, 0.0020628250000000003, 0.002120977, 0.0022185250000000003, 0.002431822, 0.002562131, 0.0026136220000000003, 0.002817205, 0.003086567, 0.00312824, 0.003177079, 0.003296031, 0.0034252880000000003, 0.0036733210000000002, 0.0036920380000000004, 0.004032203, 0.004418026, 0.0045308150000000005, 0.004711011, 0.004716781000000001, 0.0047735450000000006, 0.0049040460000000004, 0.004995717, 0.00511904, 0.005356991, 0.005553603000000001, 0.00555369, 0.005658344, 0.005745339, 0.005782647, 0.005936192000000001, 0.006080131000000001, 0.008174851, 0.008194783, 0.008625326, 0.009433483000000001, 0.009619301, 0.009945641, 0.009948762, 0.010163524, 0.010368947, 0.013026473, 0.014419553000000002, 0.014818103000000001, 0.0282639, 0.030574780000000003, 0.036772243, 0.09324952900000001, 0.128572188, 0.20545581100000002, 0.22063791800000002, 1.7597126520000002 ],
      "stddev" : 0.1963267290065415,
      "m15_rate" : 5.190345447200534,
      "m1_rate" : 45.55428336124873,
      "m5_rate" : 14.39238321289611,
      "mean_rate" : 43.78761711005027,
      "duration_units" : "seconds",
      "rate_units" : "calls/minute"
    },
    "jenkins.health-check.duration" : {
      "count" : 2,
      "max" : 0.009461103,
      "mean" : 0.0053781490000000005,
      "min" : 0.001295195,
      "p50" : 0.0053781490000000005,
      "p75" : 0.009461103,
      "p95" : 0.009461103,
      "p98" : 0.009461103,
      "p99" : 0.009461103,
      "p999" : 0.009461103,
      "values" : [ 0.001295195, 0.009461103 ],
      "stddev" : 0.005774168921345478,
      "m15_rate" : 0.12376801878010946,
      "m1_rate" : 0.7323849777576296,
      "m5_rate" : 0.3210085665921605,
      "mean_rate" : 1.0847291045184264,
      "duration_units" : "seconds",
      "rate_units" : "calls/minute"
    },
    "jenkins.job.blocked.duration" : {
      "count" : 0,
      "max" : 0.0,
      "mean" : 0.0,
      "min" : 0.0,
      "p50" : 0.0,
      "p75" : 0.0,
      "p95" : 0.0,
      "p98" : 0.0,
      "p99" : 0.0,
      "p999" : 0.0,
      "values" : [ ],
      "stddev" : 0.0,
      "m15_rate" : 0.0,
      "m1_rate" : 0.0,
      "m5_rate" : 0.0,
      "mean_rate" : 0.0,
      "duration_units" : "seconds",
      "rate_units" : "calls/minute"
    },
    "jenkins.job.buildable.duration" : {
      "count" : 0,
      "max" : 0.0,
      "mean" : 0.0,
      "min" : 0.0,
      "p50" : 0.0,
      "p75" : 0.0,
      "p95" : 0.0,
      "p98" : 0.0,
      "p99" : 0.0,
      "p999" : 0.0,
      "values" : [ ],
      "stddev" : 0.0,
      "m15_rate" : 0.0,
      "m1_rate" : 0.0,
      "m5_rate" : 0.0,
      "mean_rate" : 0.0,
      "duration_units" : "seconds",
      "rate_units" : "calls/minute"
    },
    "jenkins.job.building.duration" : {
      "count" : 0,
      "max" : 0.0,
      "mean" : 0.0,
      "min" : 0.0,
      "p50" : 0.0,
      "p75" : 0.0,
      "p95" : 0.0,
      "p98" : 0.0,
      "p99" : 0.0,
      "p999" : 0.0,
      "values" : [ ],
      "stddev" : 0.0,
      "m15_rate" : 0.0,
      "m1_rate" : 0.0,
      "m5_rate" : 0.0,
      "mean_rate" : 0.0,
      "duration_units" : "seconds",
      "rate_units" : "calls/minute"
    },
    "jenkins.job.queuing.duration" : {
      "count" : 0,
      "max" : 0.0,
      "mean" : 0.0,
      "min" : 0.0,
      "p50" : 0.0,
      "p75" : 0.0,
      "p95" : 0.0,
      "p98" : 0.0,
      "p99" : 0.0,
      "p999" : 0.0,
      "values" : [ ],
      "stddev" : 0.0,
      "m15_rate" : 0.0,
      "m1_rate" : 0.0,
      "m5_rate" : 0.0,
      "mean_rate" : 0.0,
      "duration_units" : "seconds",
      "rate_units" : "calls/minute"
    },
    "jenkins.job.total.duration" : {
      "count" : 0,
      "max" : 0.0,
      "mean" : 0.0,
      "min" : 0.0,
      "p50" : 0.0,
      "p75" : 0.0,
      "p95" : 0.0,
      "p98" : 0.0,
      "p99" : 0.0,
      "p999" : 0.0,
      "values" : [ ],
      "stddev" : 0.0,
      "m15_rate" : 0.0,
      "m1_rate" : 0.0,
      "m5_rate" : 0.0,
      "mean_rate" : 0.0,
      "duration_units" : "seconds",
      "rate_units" : "calls/minute"
    },
    "jenkins.job.waiting.duration" : {
      "count" : 0,
      "max" : 0.0,
      "mean" : 0.0,
      "min" : 0.0,
      "p50" : 0.0,
      "p75" : 0.0,
      "p95" : 0.0,
      "p98" : 0.0,
      "p99" : 0.0,
      "p999" : 0.0,
      "values" : [ ],
      "stddev" : 0.0,
      "m15_rate" : 0.0,
      "m1_rate" : 0.0,
      "m5_rate" : 0.0,
      "mean_rate" : 0.0,
      "duration_units" : "seconds",
      "rate_units" : "calls/minute"
    }
  }
}