<?xml version="1.0" encoding="UTF-8"?>
<project>
  <actions/>
  <description></description>
  <logRotator class="hudson.tasks.LogRotator">
    <daysToKeep>-1</daysToKeep>
    <numToKeep>-1</numToKeep>
    <artifactDaysToKeep>7</artifactDaysToKeep>
    <artifactNumToKeep>3</artifactNumToKeep>
  </logRotator>
  <keepDependencies>false</keepDependencies>
  <properties>
    <hudson.plugins.mantis.MantisProjectProperty plugin="mantis@0.25">
      <siteName>https://mantis.url</siteName>
      <projectId>-1</projectId>
      <category>Not Selected</category>
      <pattern>Mantis-%ID%</pattern>
      <regex>(?:Mantis|mantis|MANTIS)\s*[:#]?\s*(\d+)</regex>
      <regexpPattern>
        <pattern>(?:Mantis|mantis|MANTIS)\s*[:#]?\s*(\d+)</pattern>
        <flags>0</flags>
      </regexpPattern>
      <linkEnabled>true</linkEnabled>
    </hudson.plugins.mantis.MantisProjectProperty>
    <jenkins.advancedqueue.AdvancedQueueSorterJobProperty plugin="PrioritySorter@2.6">
      <useJobPriority>true</useJobPriority>
      <priority>-1</priority>
    </jenkins.advancedqueue.AdvancedQueueSorterJobProperty>
    <org.bstick12.jenkinsci.plugins.leastload.LeastLoadDisabledProperty plugin="leastload@1.0.3">
      <leastLoadDisabled>false</leastLoadDisabled>
    </org.bstick12.jenkinsci.plugins.leastload.LeastLoadDisabledProperty>
    <hudson.plugins.promoted__builds.JobPropertyImpl plugin="promoted-builds@2.17">
      <activeProcessNames>
        <string>TEST_QS</string>
      </activeProcessNames>
    </hudson.plugins.promoted__builds.JobPropertyImpl>
    <com.sonyericsson.rebuild.RebuildSettings plugin="rebuild@1.21">
      <autoRebuild>false</autoRebuild>
    </com.sonyericsson.rebuild.RebuildSettings>
    <hudson.plugins.throttleconcurrents.ThrottleJobProperty plugin="throttle-concurrents@1.8.2">
      <maxConcurrentPerNode>0</maxConcurrentPerNode>
      <maxConcurrentTotal>0</maxConcurrentTotal>
      <categories>
        <string>Test</string>
      </categories>
      <throttleEnabled>true</throttleEnabled>
      <throttleOption>category</throttleOption>
      <configVersion>1</configVersion>
    </hudson.plugins.throttleconcurrents.ThrottleJobProperty>
    <EnvInjectJobProperty plugin="envinject@1.89">
      <info>
        <propertiesContent></propertiesContent>
        <loadFilesFromMaster>false</loadFilesFromMaster>
      </info>
      <on>true</on>
      <keepJenkinsSystemVariables>true</keepJenkinsSystemVariables>
      <keepBuildVariables>true</keepBuildVariables>
      <contributors>
        <org.jenkinsci.plugins.sharedobjects.SharedObjectJobProperty plugin="shared-objects@0.44">
          <populateSharedObjects>true</populateSharedObjects>
          <profiles>mailinglist</profiles>
        </org.jenkinsci.plugins.sharedobjects.SharedObjectJobProperty>
        <org.jenkinsci.plugins.sharedobjects.ToolInstallationJobProperty plugin="shared-objects@0.44">
          <populateToolInstallation>false</populateToolInstallation>
        </org.jenkinsci.plugins.sharedobjects.ToolInstallationJobProperty>
      </contributors>
    </EnvInjectJobProperty>
    <org.jvnet.hudson.plugins.shelveproject.ShelveProjectProperty plugin="shelve-project-plugin@1.5"/>
  </properties>
  <scm class="hudson.plugins.git.GitSCM" plugin="git@2.2.1">
    <configVersion>2</configVersion>
    <userRemoteConfigs>
      <hudson.plugins.git.UserRemoteConfig>
        <name>origin</name>
        <refspec>+refs/heads/*:refs/remotes/origin/*</refspec>
        <url>git@server.url</url>
      </hudson.plugins.git.UserRemoteConfig>
    </userRemoteConfigs>
    <branches>
      <hudson.plugins.git.BranchSpec>
        <name>SD-2893</name>
      </hudson.plugins.git.BranchSpec>
    </branches>
    <doGenerateSubmoduleConfigurations>false</doGenerateSubmoduleConfigurations>
    <submoduleCfg class="list"/>
    <extensions/>
  </scm>
  <quietPeriod>0</quietPeriod>
  <assignedNode></assignedNode>
  <canRoam>false</canRoam>
  <disabled>false</disabled>
  <blockBuildWhenDownstreamBuilding>false</blockBuildWhenDownstreamBuilding>
  <blockBuildWhenUpstreamBuilding>false</blockBuildWhenUpstreamBuilding>
  <triggers>
    <hudson.triggers.SCMTrigger>
      <spec/>
      <ignorePostCommitHooks>false</ignorePostCommitHooks>
    </hudson.triggers.SCMTrigger>
  </triggers>
  <concurrentBuild>false</concurrentBuild>
  <builders>
    <hudson.tasks.Ant plugin="ant@1.2">
      <targets>clean
build
</targets>
      <antName>(Default)</antName>
      <antOpts>-XX:MaxPermSize=512m</antOpts>
      <buildFile>APPLICATION/build.xml</buildFile>
      <properties></properties>
    </hudson.tasks.Ant>
  </builders>
  <publishers>
    <hudson.plugins.findbugs.FindBugsPublisher plugin="findbugs@4.56">
      <healthy/>
      <unHealthy/>
      <thresholdLimit>low</thresholdLimit>
      <pluginName>[FINDBUGS] </pluginName>
      <defaultEncoding/>
      <canRunOnFailed>false</canRunOnFailed>
      <useStableBuildAsReference>false</useStableBuildAsReference>
      <useDeltaValues>false</useDeltaValues>
      <thresholds plugin="analysis-core@1.56">
        <unstableTotalAll/>
        <unstableTotalHigh/>
        <unstableTotalNormal/>
        <unstableTotalLow/>
        <unstableNewAll/>
        <unstableNewHigh>1</unstableNewHigh>
        <unstableNewNormal>3</unstableNewNormal>
        <unstableNewLow>5</unstableNewLow>
        <failedTotalAll/>
        <failedTotalHigh/>
        <failedTotalNormal/>
        <failedTotalLow/>
        <failedNewAll/>
        <failedNewHigh/>
        <failedNewNormal/>
        <failedNewLow/>
      </thresholds>
      <shouldDetectModules>false</shouldDetectModules>
      <dontComputeNew>false</dontComputeNew>
      <doNotResolveRelativePaths>true</doNotResolveRelativePaths>
      <pattern>**/findbugs/*.xml</pattern>
      <isRankActivated>false</isRankActivated>
      <excludePattern/>
      <includePattern/>
    </hudson.plugins.findbugs.FindBugsPublisher>
    <hudson.plugins.pmd.PmdPublisher plugin="pmd@3.38">
      <healthy/>
      <unHealthy/>
      <thresholdLimit>low</thresholdLimit>
      <pluginName>[PMD] </pluginName>
      <defaultEncoding/>
      <canRunOnFailed>false</canRunOnFailed>
      <useStableBuildAsReference>false</useStableBuildAsReference>
      <useDeltaValues>false</useDeltaValues>
      <thresholds plugin="analysis-core@1.56">
        <unstableTotalAll/>
        <unstableTotalHigh/>
        <unstableTotalNormal/>
        <unstableTotalLow/>
        <unstableNewAll/>
        <unstableNewHigh>2</unstableNewHigh>
        <unstableNewNormal>4</unstableNewNormal>
        <unstableNewLow>6</unstableNewLow>
        <failedTotalAll/>
        <failedTotalHigh/>
        <failedTotalNormal/>
        <failedTotalLow/>
        <failedNewAll/>
        <failedNewHigh/>
        <failedNewNormal/>
        <failedNewLow/>
      </thresholds>
      <shouldDetectModules>false</shouldDetectModules>
      <dontComputeNew>false</dontComputeNew>
      <doNotResolveRelativePaths>true</doNotResolveRelativePaths>
      <pattern>APPLICATION/codecheck/pmd/*.xml</pattern>
    </hudson.plugins.pmd.PmdPublisher>
    <hudson.plugins.dry.DryPublisher plugin="dry@2.40">
      <healthy/>
      <unHealthy/>
      <thresholdLimit>low</thresholdLimit>
      <pluginName>[DRY] </pluginName>
      <defaultEncoding/>
      <canRunOnFailed>false</canRunOnFailed>
      <useStableBuildAsReference>false</useStableBuildAsReference>
      <useDeltaValues>false</useDeltaValues>
      <thresholds plugin="analysis-core@1.56">
        <unstableTotalAll/>
        <unstableTotalHigh/>
        <unstableTotalNormal/>
        <unstableTotalLow/>
        <unstableNewAll/>
        <unstableNewHigh>1</unstableNewHigh>
        <unstableNewNormal>3</unstableNewNormal>
        <unstableNewLow>7</unstableNewLow>
        <failedTotalAll/>
        <failedTotalHigh/>
        <failedTotalNormal/>
        <failedTotalLow/>
        <failedNewAll/>
        <failedNewHigh/>
        <failedNewNormal/>
        <failedNewLow/>
      </thresholds>
      <shouldDetectModules>false</shouldDetectModules>
      <dontComputeNew>false</dontComputeNew>
      <doNotResolveRelativePaths>false</doNotResolveRelativePaths>
      <pattern>APPLICATION/codecheck/cpd/*.xml</pattern>
      <highThreshold>50</highThreshold>
      <normalThreshold>25</normalThreshold>
    </hudson.plugins.dry.DryPublisher>
    <hudson.plugins.warnings.WarningsPublisher plugin="warnings@4.40">
      <healthy/>
      <unHealthy/>
      <thresholdLimit>low</thresholdLimit>
      <pluginName>[WARNINGS] </pluginName>
      <defaultEncoding/>
      <canRunOnFailed>false</canRunOnFailed>
      <useStableBuildAsReference>false</useStableBuildAsReference>
      <useDeltaValues>false</useDeltaValues>
      <thresholds plugin="analysis-core@1.56">
        <unstableTotalAll/>
        <unstableTotalHigh/>
        <unstableTotalNormal/>
        <unstableTotalLow/>
        <unstableNewAll/>
        <unstableNewHigh/>
        <unstableNewNormal/>
        <unstableNewLow/>
        <failedTotalAll/>
        <failedTotalHigh/>
        <failedTotalNormal/>
        <failedTotalLow/>
        <failedNewAll/>
        <failedNewHigh/>
        <failedNewNormal/>
        <failedNewLow/>
      </thresholds>
      <shouldDetectModules>false</shouldDetectModules>
      <dontComputeNew>false</dontComputeNew>
      <doNotResolveRelativePaths>false</doNotResolveRelativePaths>
      <parserConfigurations/>
      <consoleParsers>
        <hudson.plugins.warnings.ConsoleParser>
          <parserName>Java Compiler (javac)</parserName>
        </hudson.plugins.warnings.ConsoleParser>
      </consoleParsers>
    </hudson.plugins.warnings.WarningsPublisher>
    <hudson.plugins.tasks.TasksPublisher plugin="tasks@4.39">
      <healthy/>
      <unHealthy/>
      <thresholdLimit>low</thresholdLimit>
      <pluginName>[TASKS] </pluginName>
      <defaultEncoding/>
      <canRunOnFailed>false</canRunOnFailed>
      <useStableBuildAsReference>false</useStableBuildAsReference>
      <useDeltaValues>false</useDeltaValues>
      <thresholds plugin="analysis-core@1.56">
        <unstableTotalAll/>
        <unstableTotalHigh/>
        <unstableTotalNormal/>
        <unstableTotalLow/>
        <unstableNewAll>5</unstableNewAll>
        <unstableNewHigh/>
        <unstableNewNormal/>
        <unstableNewLow/>
        <failedTotalAll/>
        <failedTotalHigh/>
        <failedTotalNormal/>
        <failedTotalLow/>
        <failedNewAll/>
        <failedNewHigh/>
        <failedNewNormal/>
        <failedNewLow/>
      </thresholds>
      <shouldDetectModules>false</shouldDetectModules>
      <dontComputeNew>false</dontComputeNew>
      <doNotResolveRelativePaths>false</doNotResolveRelativePaths>
      <high>FIXME,CHECKTHIS</high>
      <normal>TODO,TASK</normal>
      <low>XXX,NOTE</low>
      <ignoreCase>false</ignoreCase>
      <pattern>**/**.java, **/*.xml, **/*.xhtml</pattern>
      <excludePattern/>
    </hudson.plugins.tasks.TasksPublisher>
    <hudson.plugins.analysis.collector.AnalysisPublisher plugin="analysis-collector@1.41">
      <healthy/>
      <unHealthy/>
      <thresholdLimit>low</thresholdLimit>
      <pluginName>[ANALYSIS-COLLECTOR] </pluginName>
      <defaultEncoding/>
      <canRunOnFailed>true</canRunOnFailed>
      <useStableBuildAsReference>false</useStableBuildAsReference>
      <useDeltaValues>false</useDeltaValues>
      <thresholds plugin="analysis-core@1.56">
        <unstableTotalAll/>
        <unstableTotalHigh/>
        <unstableTotalNormal/>
        <unstableTotalLow/>
        <unstableNewAll/>
        <unstableNewHigh/>
        <unstableNewNormal/>
        <unstableNewLow/>
        <failedTotalAll/>
        <failedTotalHigh/>
        <failedTotalNormal/>
        <failedTotalLow/>
        <failedNewAll/>
        <failedNewHigh/>
        <failedNewNormal/>
        <failedNewLow/>
      </thresholds>
      <shouldDetectModules>false</shouldDetectModules>
      <dontComputeNew>false</dontComputeNew>
      <doNotResolveRelativePaths>true</doNotResolveRelativePaths>
      <isCheckStyleDeactivated>true</isCheckStyleDeactivated>
      <isDryDeactivated>false</isDryDeactivated>
      <isFindBugsDeactivated>false</isFindBugsDeactivated>
      <isPmdDeactivated>false</isPmdDeactivated>
      <isOpenTasksDeactivated>false</isOpenTasksDeactivated>
      <isWarningsDeactivated>false</isWarningsDeactivated>
    </hudson.plugins.analysis.collector.AnalysisPublisher>
    <hudson.plugins.chucknorris.CordellWalkerRecorder plugin="chucknorris@0.5">
      <factGenerator/>
    </hudson.plugins.chucknorris.CordellWalkerRecorder>
    <hudson.tasks.test.AggregatedTestResultPublisher>
      <includeFailedBuilds>true</includeFailedBuilds>
    </hudson.tasks.test.AggregatedTestResultPublisher>
    <hudson.tasks.ArtifactArchiver>
      <artifacts>APPLICATION/artifacts/**/*.*, *.txt</artifacts>
      <latestOnly>false</latestOnly>
      <allowEmptyArchive>false</allowEmptyArchive>
      <onlyIfSuccessful>false</onlyIfSuccessful>
    </hudson.tasks.ArtifactArchiver>
    <htmlpublisher.HtmlPublisher plugin="htmlpublisher@1.3">
      <reportTargets>
        <htmlpublisher.HtmlPublisherTarget>
          <reportName>TestNG Report</reportName>
          <reportDir>WEB/codecheck/tests</reportDir>
          <reportFiles>index.html</reportFiles>
          <keepAll>false</keepAll>
          <allowMissing>false</allowMissing>
          <wrapperName>htmlpublisher-wrapper.html</wrapperName>
        </htmlpublisher.HtmlPublisherTarget>
      </reportTargets>
    </htmlpublisher.HtmlPublisher>
    <hudson.plugins.testng.Publisher plugin="testng-plugin@0.33">
      <reportFilenamePattern>**/codecheck/tests/testng-results.xml,**/codecheck/ejb-tests/testng-results.xml</reportFilenamePattern>
      <isRelativePath>false</isRelativePath>
      <escapeTestDescp>true</escapeTestDescp>
      <escapeExceptionMsg>true</escapeExceptionMsg>
    </hudson.plugins.testng.Publisher>
    <hudson.plugins.emma.EmmaPublisher plugin="emma@1.29">
      <includes>APPLICATION/codecheck/coverage/coverage_all.xml</includes>
      <healthReports>
        <minClass>0</minClass>
        <maxClass>100</maxClass>
        <minMethod>0</minMethod>
        <maxMethod>70</maxMethod>
        <minBlock>0</minBlock>
        <maxBlock>80</maxBlock>
        <minLine>0</minLine>
        <maxLine>80</maxLine>
        <minCondition>0</minCondition>
        <maxCondition>0</maxCondition>
      </healthReports>
    </hudson.plugins.emma.EmmaPublisher>
    <hudson.tasks.Fingerprinter>
      <targets/>
      <recordBuildArtifacts>true</recordBuildArtifacts>
    </hudson.tasks.Fingerprinter>
    <hudson.plugins.descriptionsetter.DescriptionSetterPublisher plugin="description-setter@1.8">
      <regexp/>
      <regexpForFailed/>
      <description>$BUILD_NUMBER $GIT_COMMIT</description>
      <descriptionForFailed>$BUILD_NUMBER $GIT_COMMIT</descriptionForFailed>
      <setForMatrix>false</setForMatrix>
    </hudson.plugins.descriptionsetter.DescriptionSetterPublisher>
    <hudson.plugins.emailext.ExtendedEmailPublisher plugin="email-ext@2.38.1">
      <recipientList>cc:me@mail.com</recipientList>
      <configuredTriggers>
        <hudson.plugins.emailext.plugins.trigger.SuccessTrigger>
          <email>
            <recipientList/>
            <subject>$PROJECT_DEFAULT_SUBJECT</subject>
            <body>$PROJECT_DEFAULT_CONTENT</body>
            <recipientProviders>
              <hudson.plugins.emailext.plugins.recipients.DevelopersRecipientProvider/>
              <hudson.plugins.emailext.plugins.recipients.RequesterRecipientProvider/>
              <hudson.plugins.emailext.plugins.recipients.ListRecipientProvider/>
            </recipientProviders>
            <attachmentsPattern/>
            <attachBuildLog>false</attachBuildLog>
            <compressBuildLog>false</compressBuildLog>
            <replyTo/>
            <contentType>project</contentType>
          </email>
        </hudson.plugins.emailext.plugins.trigger.SuccessTrigger>
        <hudson.plugins.emailext.plugins.trigger.FailureTrigger>
          <email>
            <recipientList>cc:me@mail.com</recipientList>
            <subject>$PROJECT_DEFAULT_SUBJECT</subject>
            <body>$PROJECT_DEFAULT_CONTENT
</body>
            <recipientProviders>
              <hudson.plugins.emailext.plugins.recipients.DevelopersRecipientProvider/>
              <hudson.plugins.emailext.plugins.recipients.RequesterRecipientProvider/>
              <hudson.plugins.emailext.plugins.recipients.ListRecipientProvider/>
            </recipientProviders>
            <attachmentsPattern/>
            <attachBuildLog>false</attachBuildLog>
            <compressBuildLog>false</compressBuildLog>
            <replyTo/>
            <contentType>project</contentType>
          </email>
        </hudson.plugins.emailext.plugins.trigger.FailureTrigger>
        <hudson.plugins.emailext.plugins.trigger.FixedTrigger>
          <email>
            <recipientList/>
            <subject>$PROJECT_DEFAULT_SUBJECT</subject>
            <body>$PROJECT_DEFAULT_CONTENT
</body>
            <recipientProviders>
              <hudson.plugins.emailext.plugins.recipients.DevelopersRecipientProvider/>
              <hudson.plugins.emailext.plugins.recipients.RequesterRecipientProvider/>
              <hudson.plugins.emailext.plugins.recipients.ListRecipientProvider/>
            </recipientProviders>
            <attachmentsPattern/>
            <attachBuildLog>false</attachBuildLog>
            <compressBuildLog>false</compressBuildLog>
            <replyTo/>
            <contentType>project</contentType>
          </email>
        </hudson.plugins.emailext.plugins.trigger.FixedTrigger>
        <hudson.plugins.emailext.plugins.trigger.UnstableTrigger>
          <email>
            <recipientList/>
            <subject>$PROJECT_DEFAULT_SUBJECT</subject>
            <body>$PROJECT_DEFAULT_CONTENT</body>
            <recipientProviders>
              <hudson.plugins.emailext.plugins.recipients.DevelopersRecipientProvider/>
              <hudson.plugins.emailext.plugins.recipients.ListRecipientProvider/>
            </recipientProviders>
            <attachmentsPattern/>
            <attachBuildLog>false</attachBuildLog>
            <compressBuildLog>false</compressBuildLog>
            <replyTo>$PROJECT_DEFAULT_REPLYTO</replyTo>
            <contentType>project</contentType>
          </email>
        </hudson.plugins.emailext.plugins.trigger.UnstableTrigger>
      </configuredTriggers>
      <contentType>default</contentType>
      <defaultSubject>$DEFAULT_SUBJECT</defaultSubject>
      <defaultContent>$DEFAULT_CONTENT</defaultContent>
      <attachmentsPattern/>
      <presendScript/>
      <attachBuildLog>false</attachBuildLog>
      <compressBuildLog>false</compressBuildLog>
      <replyTo/>
      <saveOutput>false</saveOutput>
    </hudson.plugins.emailext.ExtendedEmailPublisher>
    <hudson.plugins.ircbot.IrcPublisher plugin="ircbot@2.25">
      <targets>
        <hudson.plugins.im.GroupChatIMMessageTarget plugin="instant-messaging@1.29">
          <name>#jenkins</name>
          <notificationOnly>false</notificationOnly>
        </hudson.plugins.im.GroupChatIMMessageTarget>
      </targets>
      <strategy>FAILURE_AND_FIXED</strategy>
      <notifyOnBuildStart>false</notifyOnBuildStart>
      <notifySuspects>false</notifySuspects>
      <notifyCulprits>true</notifyCulprits>
      <notifyFixers>true</notifyFixers>
      <notifyUpstreamCommitters>false</notifyUpstreamCommitters>
      <buildToChatNotifier class="hudson.plugins.im.build_notify.SummaryOnlyBuildToChatNotifier" plugin="instant-messaging@1.29"/>
      <matrixMultiplier>ONLY_CONFIGURATIONS</matrixMultiplier>
    </hudson.plugins.ircbot.IrcPublisher>
    <net.hurstfrost.hudson.sounds.HudsonSoundsNotifier plugin="sounds@0.4.3">
      <soundEvents>
        <net.hurstfrost.hudson.sounds.HudsonSoundsNotifier_-SoundEvent>
          <soundId>bugout</soundId>
          <toResult>
            <name>FAILURE</name>
            <ordinal>2</ordinal>
            <color>RED</color>
            <completeBuild>true</completeBuild>
          </toResult>
          <fromResults>
            <hudson.model.Result>
              <name>ABORTED</name>
              <ordinal>4</ordinal>
              <color>ABORTED</color>
              <completeBuild>false</completeBuild>
            </hudson.model.Result>
            <hudson.model.Result>
              <name>SUCCESS</name>
              <ordinal>0</ordinal>
              <color>BLUE</color>
              <completeBuild>true</completeBuild>
            </hudson.model.Result>
            <hudson.model.Result>
              <name>UNSTABLE</name>
              <ordinal>1</ordinal>
              <color>YELLOW</color>
              <completeBuild>true</completeBuild>
            </hudson.model.Result>
            <hudson.model.Result>
              <name>FAILURE</name>
              <ordinal>2</ordinal>
              <color>RED</color>
              <completeBuild>true</completeBuild>
            </hudson.model.Result>
            <hudson.model.Result>
              <name>NOT_BUILT</name>
              <ordinal>3</ordinal>
              <color>NOTBUILT</color>
              <completeBuild>false</completeBuild>
            </hudson.model.Result>
          </fromResults>
        </net.hurstfrost.hudson.sounds.HudsonSoundsNotifier_-SoundEvent>
        <net.hurstfrost.hudson.sounds.HudsonSoundsNotifier_-SoundEvent>
          <soundId>atchoum</soundId>
          <toResult>
            <name>UNSTABLE</name>
            <ordinal>1</ordinal>
            <color>YELLOW</color>
            <completeBuild>true</completeBuild>
          </toResult>
          <fromResults>
            <hudson.model.Result>
              <name>ABORTED</name>
              <ordinal>4</ordinal>
              <color>ABORTED</color>
              <completeBuild>false</completeBuild>
            </hudson.model.Result>
            <hudson.model.Result>
              <name>SUCCESS</name>
              <ordinal>0</ordinal>
              <color>BLUE</color>
              <completeBuild>true</completeBuild>
            </hudson.model.Result>
            <hudson.model.Result>
              <name>UNSTABLE</name>
              <ordinal>1</ordinal>
              <color>YELLOW</color>
              <completeBuild>true</completeBuild>
            </hudson.model.Result>
            <hudson.model.Result>
              <name>FAILURE</name>
              <ordinal>2</ordinal>
              <color>RED</color>
              <completeBuild>true</completeBuild>
            </hudson.model.Result>
            <hudson.model.Result>
              <name>NOT_BUILT</name>
              <ordinal>3</ordinal>
              <color>NOTBUILT</color>
              <completeBuild>false</completeBuild>
            </hudson.model.Result>
          </fromResults>
        </net.hurstfrost.hudson.sounds.HudsonSoundsNotifier_-SoundEvent>
        <net.hurstfrost.hudson.sounds.HudsonSoundsNotifier_-SoundEvent>
          <soundId>ok</soundId>
          <toResult>
            <name>SUCCESS</name>
            <ordinal>0</ordinal>
            <color>BLUE</color>
            <completeBuild>true</completeBuild>
          </toResult>
          <fromResults>
            <hudson.model.Result>
              <name>ABORTED</name>
              <ordinal>4</ordinal>
              <color>ABORTED</color>
              <completeBuild>false</completeBuild>
            </hudson.model.Result>
            <hudson.model.Result>
              <name>UNSTABLE</name>
              <ordinal>1</ordinal>
              <color>YELLOW</color>
              <completeBuild>true</completeBuild>
            </hudson.model.Result>
            <hudson.model.Result>
              <name>FAILURE</name>
              <ordinal>2</ordinal>
              <color>RED</color>
              <completeBuild>true</completeBuild>
            </hudson.model.Result>
            <hudson.model.Result>
              <name>NOT_BUILT</name>
              <ordinal>3</ordinal>
              <color>NOTBUILT</color>
              <completeBuild>false</completeBuild>
            </hudson.model.Result>
          </fromResults>
        </net.hurstfrost.hudson.sounds.HudsonSoundsNotifier_-SoundEvent>
      </soundEvents>
    </net.hurstfrost.hudson.sounds.HudsonSoundsNotifier>
  </publishers>
  <buildWrappers>
    <hudson.plugins.ws__cleanup.PreBuildCleanup plugin="ws-cleanup@0.20">
      <patterns>
        <hudson.plugins.ws__cleanup.Pattern>
          <pattern>APPLICATION/artifacts</pattern>
          <type>INCLUDE</type>
        </hudson.plugins.ws__cleanup.Pattern>
      </patterns>
      <deleteDirs>true</deleteDirs>
      <cleanupParameter/>
      <externalDelete/>
    </hudson.plugins.ws__cleanup.PreBuildCleanup>
    <hudson.plugins.build__timeout.BuildTimeoutWrapper plugin="build-timeout@1.14">
      <strategy class="hudson.plugins.build_timeout.impl.AbsoluteTimeOutStrategy">
        <timeoutMinutes>60</timeoutMinutes>
      </strategy>
      <operationList>
        <hudson.plugins.build__timeout.operations.AbortOperation/>
      </operationList>
    </hudson.plugins.build__timeout.BuildTimeoutWrapper>
    <EnvInjectBuildWrapper plugin="envinject@1.89">
      <info>
        <loadFilesFromMaster>false</loadFilesFromMaster>
      </info>
    </EnvInjectBuildWrapper>
    <org.jenkinsci.plugins.builduser.BuildUser plugin="build-user-vars-plugin@1.3"/>
    <hudson.plugins.timestamper.TimestamperBuildWrapper plugin="timestamper@1.5.11"/>
  </buildWrappers>
</project>