<com.michelin.cio.hudson.plugins.maskpasswords.MaskPasswordsConfig plugin="mask-passwords@2.9">
  <maskPasswordsParamDefClasses class="linked-hash-set">
    <string>com.michelin.cio.hudson.plugins.passwordparam.PasswordParameterDefinition</string>
    <string>hudson.model.PasswordParameterDefinition</string>
  </maskPasswordsParamDefClasses>
  <globalVarPasswordPairs>
    <com.michelin.cio.hudson.plugins.maskpasswords.MaskPasswordsBuildWrapper_-VarPasswordPair>
      <var>idmapps_cm_pass</var>
      <password>#secret#</password>
    </com.michelin.cio.hudson.plugins.maskpasswords.MaskPasswordsBuildWrapper_-VarPasswordPair>
    <com.michelin.cio.hudson.plugins.maskpasswords.MaskPasswordsBuildWrapper_-VarPasswordPair>
      <var>idm_approvals_pass</var>
      <password>#secret#</password>
    </com.michelin.cio.hudson.plugins.maskpasswords.MaskPasswordsBuildWrapper_-VarPasswordPair>
    <com.michelin.cio.hudson.plugins.maskpasswords.MaskPasswordsBuildWrapper_-VarPasswordPair>
      <var>cmb_jenkins_pass</var>
      <password>#secret#</password>
    </com.michelin.cio.hudson.plugins.maskpasswords.MaskPasswordsBuildWrapper_-VarPasswordPair>
  </globalVarPasswordPairs>
  <globalVarMaskRegexes/>
  <globalVarEnableGlobally>false</globalVarEnableGlobally>
</com.michelin.cio.hudson.plugins.maskpasswords.MaskPasswordsConfig>