<hudson.tasks.Ant_-DescriptorImpl plugin="ant@1.4">
  <installations>
    <hudson.tasks.Ant_-AntInstallation>
      <name>ant-1.9.2</name>
      <home/>
      <properties>
        <hudson.tools.InstallSourceProperty>
          <installers>
            <hudson.tasks.Ant_-AntInstaller>
              <id>1.9.2</id>
            </hudson.tasks.Ant_-AntInstaller>
          </installers>
        </hudson.tools.InstallSourceProperty>
      </properties>
    </hudson.tasks.Ant_-AntInstallation>
    <hudson.tasks.Ant_-AntInstallation>
      <name>ant-1.8.4</name>
      <home/>
      <properties>
        <hudson.tools.InstallSourceProperty>
          <installers>
            <hudson.tasks.Ant_-AntInstaller>
              <id>1.8.4</id>
            </hudson.tasks.Ant_-AntInstaller>
          </installers>
        </hudson.tools.InstallSourceProperty>
      </properties>
    </hudson.tasks.Ant_-AntInstallation>
    <hudson.tasks.Ant_-AntInstallation>
      <name>ant-1.9.4</name>
      <home/>
      <properties>
        <hudson.tools.InstallSourceProperty>
          <installers>
            <hudson.tasks.Ant_-AntInstaller>
              <id>1.9.4</id>
            </hudson.tasks.Ant_-AntInstaller>
          </installers>
        </hudson.tools.InstallSourceProperty>
      </properties>
    </hudson.tasks.Ant_-AntInstallation>
  </installations>
</hudson.tasks.Ant_-DescriptorImpl>