<hudson.plugins.git.GitTool_-DescriptorImpl plugin="git-client@2.2.1">
  <installations class="hudson.plugins.git.GitTool-array">
    <hudson.plugins.git.GitTool>
      <name>Default</name>
      <home>git</home>
      <properties>
        <hudson.tools.InstallSourceProperty>
          <installers/>
        </hudson.tools.InstallSourceProperty>
      </properties>
    </hudson.plugins.git.GitTool>
    <org.jenkinsci.plugins.gitclient.JGitTool>
      <name>jgit</name>
      <home>jgit</home>
      <properties/>
    </org.jenkinsci.plugins.gitclient.JGitTool>
  </installations>
</hudson.plugins.git.GitTool_-DescriptorImpl>