<hudson.plugins.sonar.SonarRunnerInstallation_-DescriptorImpl plugin="sonar@2.5">
  <installations>
    <hudson.plugins.sonar.SonarRunnerInstallation>
      <name>sonar-runner-2.0</name>
      <properties>
        <hudson.tools.InstallSourceProperty>
          <installers>
            <hudson.plugins.sonar.SonarRunnerInstaller>
              <id>2.4</id>
            </hudson.plugins.sonar.SonarRunnerInstaller>
          </installers>
        </hudson.tools.InstallSourceProperty>
      </properties>
    </hudson.plugins.sonar.SonarRunnerInstallation>
  </installations>
</hudson.plugins.sonar.SonarRunnerInstallation_-DescriptorImpl>