<hudson.plugins.gradle.Gradle_-DescriptorImpl plugin="gradle@1.25">
  <installations>
    <hudson.plugins.gradle.GradleInstallation>
      <name>gradle_2.2.1</name>
      <home/>
      <properties>
        <hudson.tools.InstallSourceProperty>
          <installers>
            <hudson.tools.ZipExtractionInstaller>
              <label>linux</label>
              <url>https://services.gradle.org/distributions/gradle-2.2.1-bin.zip</url>
              <subdir>gradle-2.2.1</subdir>
            </hudson.tools.ZipExtractionInstaller>
          </installers>
        </hudson.tools.InstallSourceProperty>
      </properties>
      <gradleHome/>
    </hudson.plugins.gradle.GradleInstallation>
    <hudson.plugins.gradle.GradleInstallation>
      <name>gradle_2.8</name>
      <home/>
      <properties>
        <hudson.tools.InstallSourceProperty>
          <installers>
            <hudson.tools.ZipExtractionInstaller>
              <label>linux</label>
              <url>https://services.gradle.org/distributions/gradle-2.8-bin.zip</url>
              <subdir>gradle-2.8</subdir>
            </hudson.tools.ZipExtractionInstaller>
          </installers>
        </hudson.tools.InstallSourceProperty>
      </properties>
      <gradleHome/>
    </hudson.plugins.gradle.GradleInstallation>
    <hudson.plugins.gradle.GradleInstallation>
      <name>gradle_2.14</name>
      <home/>
      <properties>
        <hudson.tools.InstallSourceProperty>
          <installers>
            <hudson.tools.ZipExtractionInstaller>
              <url>https://services.gradle.org/distributions/gradle-2.14-bin.zip</url>
              <subdir>gradle-2.14</subdir>
            </hudson.tools.ZipExtractionInstaller>
          </installers>
        </hudson.tools.InstallSourceProperty>
      </properties>
      <gradleHome/>
    </hudson.plugins.gradle.GradleInstallation>
  </installations>
</hudson.plugins.gradle.Gradle_-DescriptorImpl>