<hudson.plugins.sonar.SonarGlobalConfiguration plugin="sonar@2.5">
  <installations>
    <hudson.plugins.sonar.SonarInstallation>
      <name>patella-sonar</name>
      <serverUrl>http://patella.qalab.cam.novell.com:9000</serverUrl>
      <serverVersion>5.1</serverVersion>
      <serverAuthenticationToken/>
      <mojoVersion/>
      <databaseUrl>jdbc:mysql://patella.qalab.cam.novell.com:3306/sonar?useUnicode=true&amp;amp;characterEncoding=utf8</databaseUrl>
      <databaseLogin>sonar</databaseLogin>
      <additionalProperties/>
      <additionalAnalysisProperties/>
      <triggers>
        <skipScmCause>false</skipScmCause>
        <skipUpstreamCause>false</skipUpstreamCause>
        <envVar/>
      </triggers>
      <sonarLogin/>
      <databaseSecret>#secret#</databaseSecret>
      <sonarSecret>#secret#</sonarSecret>
    </hudson.plugins.sonar.SonarInstallation>
    <hudson.plugins.sonar.SonarInstallation>
      <name>skinner-sonar</name>
      <serverUrl>http://skinner.qalab.cam.novell.com:9000</serverUrl>
      <serverVersion>5.1</serverVersion>
      <serverAuthenticationToken/>
      <mojoVersion/>
      <databaseUrl>jdbc:postgresql://skinner.qalab.cam.novell.com/sonar</databaseUrl>
      <databaseLogin>sonar</databaseLogin>
      <additionalProperties/>
      <additionalAnalysisProperties/>
      <triggers>
        <skipScmCause>false</skipScmCause>
        <skipUpstreamCause>false</skipUpstreamCause>
        <envVar/>
      </triggers>
      <sonarLogin/>
      <databaseSecret>#secret#</databaseSecret>
      <sonarSecret>#secret#</sonarSecret>
    </hudson.plugins.sonar.SonarInstallation>
  </installations>
  <buildWrapperEnabled>false</buildWrapperEnabled>
</hudson.plugins.sonar.SonarGlobalConfiguration>