<hudson.tasks.Maven_-DescriptorImpl>
  <installations>
    <hudson.tasks.Maven_-MavenInstallation>
      <name>maven-3.0.4</name>
      <properties>
        <hudson.tools.InstallSourceProperty>
          <installers>
            <hudson.tasks.Maven_-MavenInstaller>
              <id>3.0.4</id>
            </hudson.tasks.Maven_-MavenInstaller>
          </installers>
        </hudson.tools.InstallSourceProperty>
      </properties>
    </hudson.tasks.Maven_-MavenInstallation>
    <hudson.tasks.Maven_-MavenInstallation>
      <name>maven-3.1.1</name>
      <properties>
        <hudson.tools.InstallSourceProperty>
          <installers>
            <hudson.tasks.Maven_-MavenInstaller>
              <id>3.1.1</id>
            </hudson.tasks.Maven_-MavenInstaller>
          </installers>
        </hudson.tools.InstallSourceProperty>
      </properties>
    </hudson.tasks.Maven_-MavenInstallation>
    <hudson.tasks.Maven_-MavenInstallation>
      <name>maven-3.2.1</name>
      <properties>
        <hudson.tools.InstallSourceProperty>
          <installers>
            <hudson.tasks.Maven_-MavenInstaller>
              <id>3.2.1</id>
            </hudson.tasks.Maven_-MavenInstaller>
          </installers>
        </hudson.tools.InstallSourceProperty>
      </properties>
    </hudson.tasks.Maven_-MavenInstallation>
    <hudson.tasks.Maven_-MavenInstallation>
      <name>maven-3.2.2</name>
      <properties>
        <hudson.tools.InstallSourceProperty>
          <installers>
            <hudson.tasks.Maven_-MavenInstaller>
              <id>3.2.2</id>
            </hudson.tasks.Maven_-MavenInstaller>
          </installers>
        </hudson.tools.InstallSourceProperty>
      </properties>
    </hudson.tasks.Maven_-MavenInstallation>
    <hudson.tasks.Maven_-MavenInstallation>
      <name>maven-3.3.9</name>
      <properties>
        <hudson.tools.InstallSourceProperty>
          <installers>
            <hudson.tasks.Maven_-MavenInstaller>
              <id>3.3.9</id>
            </hudson.tasks.Maven_-MavenInstaller>
          </installers>
        </hudson.tools.InstallSourceProperty>
      </properties>
    </hudson.tasks.Maven_-MavenInstallation>
    <hudson.tasks.Maven_-MavenInstallation>
      <name>maven-3.5.0</name>
      <properties>
        <hudson.tools.InstallSourceProperty>
          <installers>
            <hudson.tasks.Maven_-MavenInstaller>
              <id>3.5.0</id>
            </hudson.tasks.Maven_-MavenInstaller>
          </installers>
        </hudson.tools.InstallSourceProperty>
      </properties>
    </hudson.tasks.Maven_-MavenInstallation>
  </installations>
</hudson.tasks.Maven_-DescriptorImpl>