<hudson.plugins.ircbot.IrcPublisher_-DescriptorImpl plugin="ircbot@2.27">
  <enabled>false</enabled>
  <hostname>irc.suse.de</hostname>
  <port>6667</port>
  <ssl>false</ssl>
  <disallowPrivateChat>false</disallowPrivateChat>
  <login>PircBotx</login>
  <sslTrustAllCertificates>false</sslTrustAllCertificates>
  <password/>
  <nick>jenkins-bot</nick>
  <nickServPassword/>
  <socksPort>1080</socksPort>
  <messageRate>500</messageRate>
  <scrambledPasswords>true</scrambledPasswords>
  <defaultTargets>
    <hudson.plugins.im.GroupChatIMMessageTarget plugin="instant-messaging@1.35">
      <name>#quartz</name>
      <notificationOnly>false</notificationOnly>
    </hudson.plugins.im.GroupChatIMMessageTarget>
  </defaultTargets>
  <commandPrefix>!jenkins</commandPrefix>
  <hudsonLogin/>
  <useNotice>false</useNotice>
  <charset>UTF-8</charset>
  <useColors>true</useColors>
</hudson.plugins.ircbot.IrcPublisher_-DescriptorImpl>