<jenkins.plugins.publish__over__ssh.BapSshPublisherPlugin_-Descriptor plugin="publish-over-ssh@1.14">
  <hostConfigurations>
    <jenkins.plugins.publish__over__ssh.BapSshHostConfiguration>
      <name>BLR-iMan</name>
      <hostname>iman-cmbuild.labs.blr.novell.com</hostname>
      <username>build</username>
      <secretPassword>#secret#</secretPassword>
      <remoteRootDir/>
      <port>22</port>
      <commonConfig class="jenkins.plugins.publish_over_ssh.BapSshCommonConfiguration">
        <secretPassphrase>#secret#</secretPassphrase>
        <key/>
        <keyPath/>
        <disableAllExec>false</disableAllExec>
      </commonConfig>
      <timeout>300000</timeout>
      <overrideKey>true</overrideKey>
      <disableExec>false</disableExec>
      <keyInfo>
        <secretPassphrase>#secret#</secretPassphrase>
        <key/>
        <keyPath/>
      </keyInfo>
      <proxyType/>
      <proxyHost/>
      <proxyPort>0</proxyPort>
      <proxyUser/>
      <proxyPassword/>
    </jenkins.plugins.publish__over__ssh.BapSshHostConfiguration>
    <jenkins.plugins.publish__over__ssh.BapSshHostConfiguration>
      <name>CDN</name>
      <hostname>crenshaw.provo.novell.com</hostname>
      <username>rlcox</username>
      <secretPassword>#secret#</secretPassword>
      <remoteRootDir>/home/rlcox/designer</remoteRootDir>
      <port>22</port>
      <commonConfig class="jenkins.plugins.publish_over_ssh.BapSshCommonConfiguration" reference="../../jenkins.plugins.publish__over__ssh.BapSshHostConfiguration/commonConfig"/>
      <timeout>300000</timeout>
      <overrideKey>false</overrideKey>
      <disableExec>false</disableExec>
      <keyInfo>
        <secretPassphrase>#secret#</secretPassphrase>
        <key/>
        <keyPath/>
      </keyInfo>
      <proxyType/>
      <proxyHost/>
      <proxyPort>0</proxyPort>
      <proxyUser/>
      <proxyPassword/>
    </jenkins.plugins.publish__over__ssh.BapSshHostConfiguration>
    <jenkins.plugins.publish__over__ssh.BapSshHostConfiguration>
      <name>Internal-CDN</name>
      <hostname>10.204.96.35</hostname>
      <username>root</username>
      <secretPassword>#secret#</secretPassword>
      <remoteRootDir>/srv/www/htdocs</remoteRootDir>
      <port>22</port>
      <commonConfig class="jenkins.plugins.publish_over_ssh.BapSshCommonConfiguration" reference="../../jenkins.plugins.publish__over__ssh.BapSshHostConfiguration/commonConfig"/>
      <timeout>300000</timeout>
      <overrideKey>false</overrideKey>
      <disableExec>false</disableExec>
      <keyInfo>
        <secretPassphrase>#secret#</secretPassphrase>
        <key/>
        <keyPath/>
      </keyInfo>
      <proxyType/>
      <proxyHost/>
      <proxyPort>0</proxyPort>
      <proxyUser/>
      <proxyPassword/>
    </jenkins.plugins.publish__over__ssh.BapSshHostConfiguration>
    <jenkins.plugins.publish__over__ssh.BapSshHostConfiguration>
      <name>Goodfriend-SSH</name>
      <hostname>goodfriend.qalab.cam.novell.com</hostname>
      <username>qa_guest</username>
      <secretPassword>#secret#</secretPassword>
      <remoteRootDir>/mnt/share/idm_builds</remoteRootDir>
      <port>22</port>
      <commonConfig class="jenkins.plugins.publish_over_ssh.BapSshCommonConfiguration" reference="../../jenkins.plugins.publish__over__ssh.BapSshHostConfiguration/commonConfig"/>
      <timeout>300000</timeout>
      <overrideKey>true</overrideKey>
      <disableExec>true</disableExec>
      <keyInfo>
        <secretPassphrase>#secret#</secretPassphrase>
        <key/>
        <keyPath/>
      </keyInfo>
      <proxyType/>
      <proxyHost/>
      <proxyPort>0</proxyPort>
      <proxyUser/>
      <proxyPassword/>
    </jenkins.plugins.publish__over__ssh.BapSshHostConfiguration>
  </hostConfigurations>
  <commonConfig reference="../hostConfigurations/jenkins.plugins.publish__over__ssh.BapSshHostConfiguration/commonConfig"/>
  <defaults class="jenkins.plugins.publish_over_ssh.options.SshPluginDefaults"/>
</jenkins.plugins.publish__over__ssh.BapSshPublisherPlugin_-Descriptor>