<jenkins.plugins.publish__over__cifs.CifsPublisherPlugin_-Descriptor plugin="publish-over-cifs@0.3">
  <hostConfigurations>
    <jenkins.plugins.publish__over__cifs.CifsHostConfiguration>
      <name>IDM Beta Share</name>
      <hostname>houfiler02.us.netiq.corp</hostname>
      <username>idmbuild</username>
      <secretPassword>#secret#</secretPassword>
      <remoteRootDir>ProductImages</remoteRootDir>
      <port>445</port>
      <timeout>30000</timeout>
    </jenkins.plugins.publish__over__cifs.CifsHostConfiguration>
  </hostConfigurations>
  <defaults class="jenkins.plugins.publish_over_cifs.options.CifsPluginDefaults"/>
</jenkins.plugins.publish__over__cifs.CifsPublisherPlugin_-Descriptor>