<scriptApproval plugin="script-security@1.24">
  <approvedScriptHashes>
    <string>0016162d59712caacb1f9a0509624f1d828f3987</string>
    <string>017d0db438428731cd600b6ebda805065433520f</string>
    <string>0abc4d963879ad9d5e624ccd2f2e474757a48d47</string>
    <string>0c1aa5f328451be8a9c8fbbb27dda51c03778fff</string>
    <string>0db293f0416c838c6ea95b4d023319489ad31720</string>
    <string>1b82c686509e72316d508c1d61cdef1df655d857</string>
    <string>1fc634271763c497c76cc2151ddb7ecb903d6bcb</string>
    <string>2e6e9acd4816ad62608fda590ea7a3ba49b66bc8</string>
    <string>2ecbf0783dc75cc0962e7d5718eeaa08e5dc12b3</string>
    <string>2fb9d9716594eecef84165e0069f5a2c68f81fbf</string>
    <string>31b976792c681948eed7ede099a7703004a95937</string>
    <string>3a69a6404d191b32b463f8dbd7b38652f49df691</string>
    <string>445e54d83de41b1f5434e9a1d34f40f54d958dae</string>
    <string>496893f8dd46b34822b49227863621a51d4a55b1</string>
    <string>50321c5572f15ceac03a09cce84598b16a59f2e0</string>
    <string>51d3900f470717375a29b93841d4e1fe38deb929</string>
    <string>54c55c4e4c59b06ccc0750916f778ff9381deb8d</string>
    <string>5af0722eb6fa9b4a737f73b45813de17bed632c0</string>
    <string>5b1c4b92910652ebc27a9ea1271b23bd1c957372</string>
    <string>6b4db822ef169087de65e0747fd246c3a2647d7e</string>
    <string>7a24b01f968ab80c2ae0aa105b8cf5800fb0262f</string>
    <string>9593f25def6176386ff87ede90f210a2a6008eaa</string>
    <string>a32a5182d9054702540d1a619ac66c790fb953d2</string>
    <string>a580f2ef66f635633de4be47a70e52e6beb1fca7</string>
    <string>c5093c643c5f385e720aeac6918a07915a823191</string>
    <string>c7d9e4e3e23e3c01145d7cee0056fffe6853965d</string>
    <string>d4e158763ab6fb1e45145427d1b40370df81843b</string>
    <string>d9a673e2951e98d7feac4b86ffe54a4dd3d9d205</string>
    <string>df702ce3daffcc181752219924a521f2d00d73b8</string>
    <string>f56e651cbd57e15ebe0c33fb814a5b5b12764bc8</string>
    <string>fde36c2fa56782d152319b2954d7a100e439d47b</string>
  </approvedScriptHashes>
  <approvedSignatures>
    <string>staticMethod org.codehaus.groovy.runtime.DefaultGroovyMethods minus java.lang.String java.lang.Object</string>
    <string>staticMethod org.codehaus.groovy.runtime.ScriptBytecodeAdapter compareLessThan java.lang.Object java.lang.Object</string>
  </approvedSignatures>
  <aclApprovedSignatures/>
  <approvedClasspathEntries/>
  <pendingScripts/>
  <pendingSignatures/>
  <pendingClasspathEntries/>
</scriptApproval>