<settings>
  <interactiveMode>false</interactiveMode>
  <pluginGroups>
    <pluginGroup>org.jvnet.hudson.tools</pluginGroup>
    <pluginGroup>com.novell.ism.build</pluginGroup>
  </pluginGroups>
  <mirrors>
    <mirror>
      <!-- This sends everything else to /public -->
      <id>nexus</id>
      <mirrorOf>*</mirrorOf>
      <url>http://nexus.idmapps.nqbuild.lab/nexus/content/groups/public</url>
    </mirror>
  </mirrors>
  <profiles>
    <profile>
      <id>nexus</id>
      <repositories>
        <repository>
          <id>central</id>
          <url>http://central</url>
          <releases><enabled>true</enabled></releases>
          <snapshots><enabled>true</enabled></snapshots>
        </repository>
      </repositories>
      <pluginRepositories>
        <pluginRepository>
          <id>central</id>
          <url>http://central</url>
          <releases><enabled>true</enabled></releases>
          <snapshots><enabled>true</enabled></snapshots>
        </pluginRepository>
      </pluginRepositories>
    </profile>
    <profile>
      <id>hudson</id>
      <repositories>
        <repository>
          <id>java.net2</id>
          <url>http://download.java.net/maven/2</url>
          <releases>
            <enabled>true</enabled>
            <updatePolicy>never</updatePolicy>
          </releases>
          <snapshots>
            <enabled>false</enabled>
          </snapshots>
        </repository>
      </repositories>
    </profile>
  </profiles>
  <activeProfiles>
    <activeProfile>nexus</activeProfile>
  </activeProfiles>
  <servers>
    <server>
      <id>nexus</id>
      <username>cmb-jenkins</username>
      <password>berts20</password>
    </server>
  </servers>
</settings>