{
  "jvm" : {
    "vm" : {
      "name" : "Java HotSpot(TM) 64-Bit Server VM",
      "version" : "1.7.0_40-b43"
    },
    "memory" : {
      "totalInit" : 5.8122112E7,
      "totalUsed" : 4.5798408E7,
      "totalMax" : 6.1341696E8,
      "totalCommitted" : 6.979584E7,
      "heapInit" : 3.3546112E7,
      "heapUsed" : 1.016E7,
      "heapMax" : 4.7710208E8,
      "heapCommitted" : 3.2505856E7,
      "heap_usage" : 0.021295233087225276,
      "non_heap_usage" : 0.2614418029785156,
      "memory_pool_usages" : {
        "Code Cache" : 0.07176462809244792,
        "PS Eden Space" : 0.02183232026941636,
        "PS Old Gen" : 0.01753031263603143,
        "PS Perm Gen" : 0.3724723443752382,
        "PS Survivor Space" : 0.0
      }
    },
    "buffers" : {
      "direct" : {
        "count" : 0,
        "memoryUsed" : 0,
        "totalCapacity" : 0
      },
      "mapped" : {
        "count" : 0,
        "memoryUsed" : 0,
        "totalCapacity" : 0
      }
    },
    "daemon_thread_count" : 6,
    "thread_count" : 9,
    "current_time" : 1392126404989,
    "uptime" : 1759556,
    "fd_usage" : "NaN",
    "thread-states" : {
      "timed_waiting" : 0.1111111111111111,
      "new" : 0.0,
      "terminated" : 0.0,
      "blocked" : 0.0,
      "waiting" : 0.5555555555555556,
      "runnable" : 0.3333333333333333
    },
    "garbage-collectors" : {
      "PS MarkSweep" : {
        "runs" : 82,
        "time" : 5563
      },
      "PS Scavenge" : {
        "runs" : 2835,
        "time" : 5933
      }
    }
  }
}