{
  "jvm" : {
    "vm" : {
      "name" : "Java HotSpot(TM) 64-Bit Server VM",
      "version" : "1.7.0_40-b43"
    },
    "memory" : {
      "totalInit" : 5.7859968E7,
      "totalUsed" : 4.4698432E7,
      "totalMax" : 6.55294464E8,
      "totalCommitted" : 6.422528E7,
      "heapInit" : 3.3546112E7,
      "heapUsed" : 1.3366792E7,
      "heapMax" : 5.18979584E8,
      "heapCommitted" : 3.2571392E7,
      "heap_usage" : 0.025755911045626027,
      "non_heap_usage" : 0.22984754122220552,
      "memory_pool_usages" : {
        "Code Cache" : 0.05133056640625,
        "Eden Space" : 0.040683844150641024,
        "Perm Gen" : 0.3343452825778868,
        "Survivor Space" : 0.003398294413919414,
        "Tenured Gen" : 0.020904395747036342
      }
    },
    "buffers" : {
      "direct" : {
        "count" : 0,
        "memoryUsed" : 0,
        "totalCapacity" : 0
      },
      "mapped" : {
        "count" : 0,
        "memoryUsed" : 0,
        "totalCapacity" : 0
      }
    },
    "daemon_thread_count" : 6,
    "thread_count" : 9,
    "current_time" : 1392126405089,
    "uptime" : 1687109,
    "fd_usage" : "NaN",
    "thread-states" : {
      "runnable" : 0.3333333333333333,
      "timed_waiting" : 0.1111111111111111,
      "blocked" : 0.0,
      "terminated" : 0.0,
      "waiting" : 0.5555555555555556,
      "new" : 0.0
    },
    "garbage-collectors" : {
      "MarkSweepCompact" : {
        "runs" : 37,
        "time" : 2552
      },
      "Copy" : {
        "runs" : 2398,
        "time" : 3941
      }
    }
  }
}