<?xml version='1.0' encoding='UTF-8'?>
<changelog>
	<entry>
		<changenumber><changeInfo>665243</changeInfo>
		<clientId>USERNAME_HOST_5630</clientId>
		<msg>jenktest34
</msg>
		<changeUser>USERNAME</changeUser>
		<changeTime>2018-11-08 14:24:56</changeTime>
		<shelved>false</shelved>
		<files>
		<file endRevision="#52" action="EDIT" DEPOT_PATH />
		</files>
		<jobs>
		</jobs>
		</changenumber>
	</entry>
	<entry>
		<changenumber><changeInfo>665242</changeInfo>
		<clientId>USERNAME_HOST_5630</clientId>
		<msg>jenktest33
</msg>
		<changeUser>USERNAME</changeUser>
		<changeTime>2018-11-08 14:24:50</changeTime>
		<shelved>false</shelved>
		<files>
		<file endRevision="#51" action="EDIT" DEPOT_PATH />
		</files>
		<jobs>
		</jobs>
		</changenumber>
	</entry>
</changelog>
