<?xml version='1.0' encoding='UTF-8'?>
<org.jenkinsci.plugins.workflow.support.storage.SimpleXStreamFlowNodeStorage_-Tag plugin="workflow-support@2.14">
  <node class="org.jenkinsci.plugins.workflow.cps.nodes.StepStartNode" plugin="workflow-cps@2.29">
    <parentIds>
      <string>2</string>
    </parentIds>
    <id>3</id>
    <descriptorId>org.jenkinsci.plugins.workflow.support.steps.ExecutorStep</descriptorId>
  </node>
  <actions>
    <org.jenkinsci.plugins.workflow.support.actions.LogActionImpl>
      <charset>UTF-8</charset>
    </org.jenkinsci.plugins.workflow.support.actions.LogActionImpl>
    <org.jenkinsci.plugins.workflow.support.actions.WorkspaceActionImpl>
      <node></node>
      <path>/Users/abayer/IdeaProjects/blueocean/blueocean/work/workspace/appstoredemo</path>
      <labels class="sorted-set"/>
    </org.jenkinsci.plugins.workflow.support.actions.WorkspaceActionImpl>
    <org.jenkinsci.plugins.workflow.actions.TimingAction plugin="workflow-api@2.12">
      <startTime>1491347720180</startTime>
    </org.jenkinsci.plugins.workflow.actions.TimingAction>
  </actions>
</org.jenkinsci.plugins.workflow.support.storage.SimpleXStreamFlowNodeStorage_-Tag>