<?xml version='1.0' encoding='UTF-8'?>
<org.jenkinsci.plugins.workflow.support.storage.SimpleXStreamFlowNodeStorage_-Tag plugin="workflow-support@2.14">
  <node class="org.jenkinsci.plugins.workflow.cps.nodes.StepStartNode" plugin="workflow-cps@2.29">
    <parentIds>
      <string>5</string>
    </parentIds>
    <id>6</id>
    <descriptorId>org.jenkinsci.plugins.workflow.support.steps.StageStep</descriptorId>
  </node>
  <actions>
    <org.jenkinsci.plugins.workflow.actions.BodyInvocationAction plugin="workflow-api@2.12"/>
    <org.jenkinsci.plugins.workflow.actions.LabelAction plugin="workflow-api@2.12">
      <displayName>Declarative: Checkout SCM</displayName>
    </org.jenkinsci.plugins.workflow.actions.LabelAction>
    <org.jenkinsci.plugins.workflow.actions.TimingAction plugin="workflow-api@2.12">
      <startTime>1491347720304</startTime>
    </org.jenkinsci.plugins.workflow.actions.TimingAction>
    <org.jenkinsci.plugins.workflow.actions.TagsAction plugin="workflow-api@2.12">
      <tags>
        <entry>
          <string>SYNTHETIC_STAGE</string>
          <string>PRE</string>
        </entry>
      </tags>
    </org.jenkinsci.plugins.workflow.actions.TagsAction>
  </actions>
</org.jenkinsci.plugins.workflow.support.storage.SimpleXStreamFlowNodeStorage_-Tag>