<?xml version='1.0' encoding='UTF-8'?>
<org.jenkinsci.plugins.workflow.support.storage.SimpleXStreamFlowNodeStorage_-Tag plugin="workflow-support@2.14">
  <node class="org.jenkinsci.plugins.workflow.cps.nodes.StepEndNode" plugin="workflow-cps@2.29">
    <parentIds>
      <string>8</string>
    </parentIds>
    <id>9</id>
    <startId>5</startId>
  </node>
  <actions>
    <org.jenkinsci.plugins.workflow.actions.TimingAction plugin="workflow-api@2.12">
      <startTime>1491347721080</startTime>
    </org.jenkinsci.plugins.workflow.actions.TimingAction>
  </actions>
</org.jenkinsci.plugins.workflow.support.storage.SimpleXStreamFlowNodeStorage_-Tag>