{
  "jvm" : {
    "vm" : {
      "name" : "Java HotSpot(TM) 64-Bit Server VM",
      "version" : "1.7.0_40-b43"
    },
    "memory" : {
      "totalInit" : 9.1676544E7,
      "totalUsed" : 4.1675952E7,
      "totalMax" : 1.091043328E9,
      "totalCommitted" : 1.11673344E8,
      "heapInit" : 6.7100544E7,
      "heapUsed" : 1.8146472E7,
      "heapMax" : 9.54728448E8,
      "heapCommitted" : 6.1865984E7,
      "heap_usage" : 0.019006945941554262,
      "non_heap_usage" : 0.17261123657226562,
      "memory_pool_usages" : {
        "Code Cache" : 0.04901758829752604,
        "PS Eden Space" : 0.03718150134653772,
        "PS Old Gen" : 0.006577689481742216,
        "PS Perm Gen" : 0.2449587380013815,
        "PS Survivor Space" : 0.3125
      }
    },
    "buffers" : {
      "direct" : {
        "count" : 0,
        "memoryUsed" : 0,
        "totalCapacity" : 0
      },
      "mapped" : {
        "count" : 0,
        "memoryUsed" : 0,
        "totalCapacity" : 0
      }
    },
    "daemon_thread_count" : 5,
    "thread_count" : 8,
    "current_time" : 1391091714592,
    "uptime" : 119747,
    "fd_usage" : "NaN",
    "thread-states" : {
      "timed_waiting" : 0.125,
      "blocked" : 0.0,
      "runnable" : 0.375,
      "waiting" : 0.5,
      "new" : 0.0,
      "terminated" : 0.0
    },
    "garbage-collectors" : {
      "PS MarkSweep" : {
        "runs" : 2,
        "time" : 159
      },
      "PS Scavenge" : {
        "runs" : 170,
        "time" : 472
      }
    }
  }
}