<?xml version="1.1" encoding="UTF-8"?>
<map>
  <entry>
    <string>33</string>
    <Tag plugin="workflow-support@3.8">
      <node class="org.jenkinsci.plugins.workflow.graph.FlowEndNode" plugin="workflow-api@2.42">
        <parentIds>
          <string>32</string>
        </parentIds>
        <id>33</id>
        <startId>32</startId>
        <result>
          <name>FAILURE</name>
          <ordinal>2</ordinal>
          <color>RED</color>
          <completeBuild>true</completeBuild>
        </result>
      </node>
      <actions>
        <wf.a.ErrorAction plugin="workflow-api@2.42">
          <error class="java.io.IOException">
            <detailMessage>Tried to load head FlowNodes for execution Owner[DVLP/ALM_Pipeline/3219:DVLP/ALM_Pipeline #3219] but FlowNode was not found in storage for head id:FlowNodeId 1:30</detailMessage>
            <stackTrace>
              <trace>org.jenkinsci.plugins.workflow.cps.CpsFlowExecution.initializeStorage(CpsFlowExecution.java:689)</trace>
              <trace>org.jenkinsci.plugins.workflow.cps.CpsFlowExecution.onLoad(CpsFlowExecution.java:726)</trace>
              <trace>org.jenkinsci.plugins.workflow.job.WorkflowRun.getExecution(WorkflowRun.java:691)</trace>
              <trace>org.jenkinsci.plugins.workflow.job.WorkflowRun.onLoad(WorkflowRun.java:550)</trace>
              <trace>hudson.model.RunMap.retrieve(RunMap.java:225)</trace>
              <trace>hudson.model.RunMap.retrieve(RunMap.java:57)</trace>
              <trace>jenkins.model.lazy.AbstractLazyLoadRunMap.load(AbstractLazyLoadRunMap.java:501)</trace>
              <trace>jenkins.model.lazy.AbstractLazyLoadRunMap.load(AbstractLazyLoadRunMap.java:483)</trace>
              <trace>jenkins.model.lazy.AbstractLazyLoadRunMap.getByNumber(AbstractLazyLoadRunMap.java:381)</trace>
              <trace>hudson.model.RunMap.getById(RunMap.java:205)</trace>
              <trace>org.jenkinsci.plugins.workflow.job.WorkflowRun$Owner.run(WorkflowRun.java:940)</trace>
              <trace>org.jenkinsci.plugins.workflow.job.WorkflowRun$Owner.get(WorkflowRun.java:951)</trace>
              <trace>org.jenkinsci.plugins.workflow.flow.FlowExecutionList$1.computeNext(FlowExecutionList.java:65)</trace>
              <trace>org.jenkinsci.plugins.workflow.flow.FlowExecutionList$1.computeNext(FlowExecutionList.java:57)</trace>
              <trace>com.google.common.collect.AbstractIterator.tryToComputeNext(AbstractIterator.java:143)</trace>
              <trace>com.google.common.collect.AbstractIterator.hasNext(AbstractIterator.java:138)</trace>
              <trace>org.jenkinsci.plugins.workflow.flow.FlowExecutionList$ItemListenerImpl.onLoaded(FlowExecutionList.java:178)</trace>
              <trace>jenkins.model.Jenkins.&lt;init&gt;(Jenkins.java:1015)</trace>
              <trace>hudson.model.Hudson.&lt;init&gt;(Hudson.java:85)</trace>
              <trace>hudson.model.Hudson.&lt;init&gt;(Hudson.java:81)</trace>
              <trace>hudson.WebAppMain$3.run(WebAppMain.java:295)</trace>
            </stackTrace>
            <suppressedExceptions class="java.util.Collections$UnmodifiableRandomAccessList" resolves-to="java.util.Collections$UnmodifiableList">
              <c class="list"/>
              <list reference="../c"/>
            </suppressedExceptions>
          </error>
        </wf.a.ErrorAction>
        <wf.a.TimingAction plugin="workflow-api@2.42">
          <startTime>1620266729451</startTime>
        </wf.a.TimingAction>
      </actions>
    </Tag>
  </entry>
  <entry>
    <string>32</string>
    <Tag plugin="workflow-support@3.8">
      <node class="org.jenkinsci.plugins.workflow.graph.FlowStartNode" plugin="workflow-api@2.42">
        <parentIds/>
        <id>32</id>
      </node>
    </Tag>
  </entry>
</map>