{
  "version" : "3.0.0",
  "gauges" : {
    "jenkins.executor.count.value" : {
      "value" : 2
    },
    "jenkins.executor.free.value" : {
      "value" : 2
    },
    "jenkins.executor.in-use.value" : {
      "value" : 0
    },
    "jenkins.health-check.count" : {
      "value" : 4
    },
    "jenkins.health-check.inverse-score" : {
      "value" : 0.0
    },
    "jenkins.health-check.score" : {
      "value" : 1.0
    },
    "jenkins.job.averageDepth" : {
      "value" : 2.8
    },
    "jenkins.job.count.value" : {
      "value" : 20
    },
    "jenkins.node.count.value" : {
      "value" : 2
    },
    "jenkins.node.offline.value" : {
      "value" : 0
    },
    "jenkins.node.online.value" : {
      "value" : 2
    },
    "jenkins.plugins.active" : {
      "value" : 94
    },
    "jenkins.plugins.failed" : {
      "value" : 0
    },
    "jenkins.plugins.inactive" : {
      "value" : 0
    },
    "jenkins.plugins.withUpdate" : {
      "value" : 0
    },
    "jenkins.project.count.value" : {
      "value" : 1
    },
    "jenkins.project.disabled.count.value" : {
      "value" : 0
    },
    "jenkins.project.enabled.count.value" : {
      "value" : 1
    },
    "jenkins.queue.blocked.value" : {
      "value" : 0
    },
    "jenkins.queue.buildable.value" : {
      "value" : 0
    },
    "jenkins.queue.pending.value" : {
      "value" : 0
    },
    "jenkins.queue.size.value" : {
      "value" : 0
    },
    "jenkins.queue.stuck.value" : {
      "value" : 0
    },
    "jenkins.versions.core" : {
      "value" : "2.73.1.2"
    },
    "jenkins.versions.plugin.ace-editor" : {
      "value" : "1.1"
    },
    "jenkins.versions.plugin.antisamy-markup-formatter" : {
      "value" : "1.5"
    },
    "jenkins.versions.plugin.async-http-client" : {
      "value" : "1.7.24.1"
    },
    "jenkins.versions.plugin.authentication-tokens" : {
      "value" : "1.3"
    },
    "jenkins.versions.plugin.blueocean" : {
      "value" : "1.1.7"
    },
    "jenkins.versions.plugin.blueocean-autofavorite" : {
      "value" : "1.0.0"
    },
    "jenkins.versions.plugin.blueocean-commons" : {
      "value" : "1.1.7"
    },
    "jenkins.versions.plugin.blueocean-config" : {
      "value" : "1.1.7"
    },
    "jenkins.versions.plugin.blueocean-dashboard" : {
      "value" : "1.1.7"
    },
    "jenkins.versions.plugin.blueocean-display-url" : {
      "value" : "2.1.0"
    },
    "jenkins.versions.plugin.blueocean-events" : {
      "value" : "1.1.7"
    },
    "jenkins.versions.plugin.blueocean-git-pipeline" : {
      "value" : "1.1.7"
    },
    "jenkins.versions.plugin.blueocean-github-pipeline" : {
      "value" : "1.1.7"
    },
    "jenkins.versions.plugin.blueocean-i18n" : {
      "value" : "1.1.7"
    },
    "jenkins.versions.plugin.blueocean-jwt" : {
      "value" : "1.1.7"
    },
    "jenkins.versions.plugin.blueocean-personalization" : {
      "value" : "1.1.7"
    },
    "jenkins.versions.plugin.blueocean-pipeline-api-impl" : {
      "value" : "1.1.7"
    },
    "jenkins.versions.plugin.blueocean-pipeline-editor" : {
      "value" : "0.2.0"
    },
    "jenkins.versions.plugin.blueocean-pipeline-scm-api" : {
      "value" : "1.1.7"
    },
    "jenkins.versions.plugin.blueocean-rest" : {
      "value" : "1.1.7"
    },
    "jenkins.versions.plugin.blueocean-rest-impl" : {
      "value" : "1.1.7"
    },
    "jenkins.versions.plugin.blueocean-web" : {
      "value" : "1.1.7"
    },
    "jenkins.versions.plugin.bouncycastle-api" : {
      "value" : "2.16.1"
    },
    "jenkins.versions.plugin.branch-api" : {
      "value" : "2.0.10"
    },
    "jenkins.versions.plugin.cloudbees-assurance" : {
      "value" : "2.73.0.1"
    },
    "jenkins.versions.plugin.cloudbees-folder" : {
      "value" : "6.0.4"
    },
    "jenkins.versions.plugin.cloudbees-jenkins-advisor" : {
      "value" : "1.2"
    },
    "jenkins.versions.plugin.cloudbees-license" : {
      "value" : "9.14"
    },
    "jenkins.versions.plugin.cloudbees-support" : {
      "value" : "3.10"
    },
    "jenkins.versions.plugin.credentials" : {
      "value" : "2.1.13"
    },
    "jenkins.versions.plugin.credentials-binding" : {
      "value" : "1.12"
    },
    "jenkins.versions.plugin.display-url-api" : {
      "value" : "2.0"
    },
    "jenkins.versions.plugin.docker-commons" : {
      "value" : "1.8"
    },
    "jenkins.versions.plugin.docker-workflow" : {
      "value" : "1.12"
    },
    "jenkins.versions.plugin.durable-task" : {
      "value" : "1.14"
    },
    "jenkins.versions.plugin.email-ext" : {
      "value" : "2.57.2"
    },
    "jenkins.versions.plugin.favorite" : {
      "value" : "2.3.0"
    },
    "jenkins.versions.plugin.git" : {
      "value" : "3.3.2"
    },
    "jenkins.versions.plugin.git-client" : {
      "value" : "2.4.6"
    },
    "jenkins.versions.plugin.git-server" : {
      "value" : "1.7"
    },
    "jenkins.versions.plugin.github" : {
      "value" : "1.27.0"
    },
    "jenkins.versions.plugin.github-api" : {
      "value" : "1.85.1"
    },
    "jenkins.versions.plugin.github-branch-source" : {
      "value" : "2.0.8"
    },
    "jenkins.versions.plugin.github-organization-folder" : {
      "value" : "1.6"
    },
    "jenkins.versions.plugin.gradle" : {
      "value" : "1.26"
    },
    "jenkins.versions.plugin.handlebars" : {
      "value" : "1.1.1"
    },
    "jenkins.versions.plugin.icon-shim" : {
      "value" : "2.0.3"
    },
    "jenkins.versions.plugin.jackson2-api" : {
      "value" : "2.7.3"
    },
    "jenkins.versions.plugin.jquery-detached" : {
      "value" : "1.2.1"
    },
    "jenkins.versions.plugin.junit" : {
      "value" : "1.20"
    },
    "jenkins.versions.plugin.ldap" : {
      "value" : "1.15"
    },
    "jenkins.versions.plugin.mailer" : {
      "value" : "1.20"
    },
    "jenkins.versions.plugin.mapdb-api" : {
      "value" : "1.0.9.0"
    },
    "jenkins.versions.plugin.matrix-auth" : {
      "value" : "1.6"
    },
    "jenkins.versions.plugin.matrix-project" : {
      "value" : "1.11"
    },
    "jenkins.versions.plugin.metrics" : {
      "value" : "3.1.2.10"
    },
    "jenkins.versions.plugin.momentjs" : {
      "value" : "1.1.1"
    },
    "jenkins.versions.plugin.nectar-license" : {
      "value" : "8.6"
    },
    "jenkins.versions.plugin.pipeline-build-step" : {
      "value" : "2.5.1"
    },
    "jenkins.versions.plugin.pipeline-github-lib" : {
      "value" : "1.0"
    },
    "jenkins.versions.plugin.pipeline-graph-analysis" : {
      "value" : "1.4"
    },
    "jenkins.versions.plugin.pipeline-input-step" : {
      "value" : "2.8"
    },
    "jenkins.versions.plugin.pipeline-milestone-step" : {
      "value" : "1.3.1"
    },
    "jenkins.versions.plugin.pipeline-model-api" : {
      "value" : "1.1.6"
    },
    "jenkins.versions.plugin.pipeline-model-declarative-agent" : {
      "value" : "1.1.1"
    },
    "jenkins.versions.plugin.pipeline-model-definition" : {
      "value" : "1.1.6"
    },
    "jenkins.versions.plugin.pipeline-model-extensions" : {
      "value" : "1.1.6"
    },
    "jenkins.versions.plugin.pipeline-rest-api" : {
      "value" : "2.8"
    },
    "jenkins.versions.plugin.pipeline-stage-step" : {
      "value" : "2.2"
    },
    "jenkins.versions.plugin.pipeline-stage-tags-metadata" : {
      "value" : "1.1.6"
    },
    "jenkins.versions.plugin.pipeline-stage-view" : {
      "value" : "2.8"
    },
    "jenkins.versions.plugin.plain-credentials" : {
      "value" : "1.4"
    },
    "jenkins.versions.plugin.pubsub-light" : {
      "value" : "1.12"
    },
    "jenkins.versions.plugin.scm-api" : {
      "value" : "2.1.1"
    },
    "jenkins.versions.plugin.script-security" : {
      "value" : "1.33"
    },
    "jenkins.versions.plugin.sse-gateway" : {
      "value" : "1.15"
    },
    "jenkins.versions.plugin.ssh-credentials" : {
      "value" : "1.13"
    },
    "jenkins.versions.plugin.structs" : {
      "value" : "1.8"
    },
    "jenkins.versions.plugin.support-core" : {
      "value" : "2.41"
    },
    "jenkins.versions.plugin.swarm" : {
      "value" : "3.4"
    },
    "jenkins.versions.plugin.token-macro" : {
      "value" : "2.1"
    },
    "jenkins.versions.plugin.variant" : {
      "value" : "1.1"
    },
    "jenkins.versions.plugin.windows-slaves" : {
      "value" : "1.3.1"
    },
    "jenkins.versions.plugin.workflow-aggregator" : {
      "value" : "2.5"
    },
    "jenkins.versions.plugin.workflow-api" : {
      "value" : "2.18"
    },
    "jenkins.versions.plugin.workflow-basic-steps" : {
      "value" : "2.5"
    },
    "jenkins.versions.plugin.workflow-cps" : {
      "value" : "2.39"
    },
    "jenkins.versions.plugin.workflow-cps-global-lib" : {
      "value" : "2.8"
    },
    "jenkins.versions.plugin.workflow-durable-task-step" : {
      "value" : "2.12"
    },
    "jenkins.versions.plugin.workflow-job" : {
      "value" : "2.12.2"
    },
    "jenkins.versions.plugin.workflow-multibranch" : {
      "value" : "2.16"
    },
    "jenkins.versions.plugin.workflow-scm-step" : {
      "value" : "2.6"
    },
    "jenkins.versions.plugin.workflow-step-api" : {
      "value" : "2.11"
    },
    "jenkins.versions.plugin.workflow-support" : {
      "value" : "2.14"
    },
    "system.cpu.load" : {
      "value" : 0.5
    },
    "vm.blocked.count" : {
      "value" : 0
    },
    "vm.class.loaded" : {
      "value" : 15138
    },
    "vm.class.unloaded" : {
      "value" : 2
    },
    "vm.count" : {
      "value" : 62
    },
    "vm.cpu.load" : {
      "value" : 0.44879898862199746
    },
    "vm.daemon.count" : {
      "value" : 53
    },
    "vm.deadlock.count" : {
      "value" : 0
    },
    "vm.deadlocks" : {
      "value" : [ ]
    },
    "vm.file.descriptor.ratio" : {
      "value" : 4.69207763671875E-4
    },
    "vm.gc.PS-MarkSweep.count" : {
      "value" : 4
    },
    "vm.gc.PS-MarkSweep.time" : {
      "value" : 519
    },
    "vm.gc.PS-Scavenge.count" : {
      "value" : 73
    },
    "vm.gc.PS-Scavenge.time" : {
      "value" : 623
    },
    "vm.memory.heap.committed" : {
      "value" : 649592832
    },
    "vm.memory.heap.init" : {
      "value" : 98566144
    },
    "vm.memory.heap.max" : {
      "value" : 1388838912
    },
    "vm.memory.heap.usage" : {
      "value" : 0.3389410448776366
    },
    "vm.memory.heap.used" : {
      "value" : 470734512
    },
    "vm.memory.non-heap.committed" : {
      "value" : 148160512
    },
    "vm.memory.non-heap.init" : {
      "value" : 2555904
    },
    "vm.memory.non-heap.max" : {
      "value" : -1
    },
    "vm.memory.non-heap.usage" : {
      "value" : -1.36768888E8
    },
    "vm.memory.non-heap.used" : {
      "value" : 136768888
    },
    "vm.memory.pools.Code-Cache.committed" : {
      "value" : 38404096
    },
    "vm.memory.pools.Code-Cache.init" : {
      "value" : 2555904
    },
    "vm.memory.pools.Code-Cache.max" : {
      "value" : 251658240
    },
    "vm.memory.pools.Code-Cache.usage" : {
      "value" : 0.15057500203450522
    },
    "vm.memory.pools.Code-Cache.used" : {
      "value" : 37893440
    },
    "vm.memory.pools.Compressed-Class-Space.committed" : {
      "value" : 12279808
    },
    "vm.memory.pools.Compressed-Class-Space.init" : {
      "value" : 0
    },
    "vm.memory.pools.Compressed-Class-Space.max" : {
      "value" : 1073741824
    },
    "vm.memory.pools.Compressed-Class-Space.usage" : {
      "value" : 0.00952235609292984
    },
    "vm.memory.pools.Compressed-Class-Space.used" : {
      "value" : 10224552
    },
    "vm.memory.pools.Metaspace.committed" : {
      "value" : 97476608
    },
    "vm.memory.pools.Metaspace.init" : {
      "value" : 0
    },
    "vm.memory.pools.Metaspace.max" : {
      "value" : -1
    },
    "vm.memory.pools.Metaspace.usage" : {
      "value" : 0.9096020247237163
    },
    "vm.memory.pools.Metaspace.used" : {
      "value" : 88666752
    },
    "vm.memory.pools.PS-Eden-Space.committed" : {
      "value" : 496500736
    },
    "vm.memory.pools.PS-Eden-Space.init" : {
      "value" : 25165824
    },
    "vm.memory.pools.PS-Eden-Space.max" : {
      "value" : 497025024
    },
    "vm.memory.pools.PS-Eden-Space.usage" : {
      "value" : 0.7616869930476579
    },
    "vm.memory.pools.PS-Eden-Space.used" : {
      "value" : 378577496
    },
    "vm.memory.pools.PS-Old-Gen.committed" : {
      "value" : 141033472
    },
    "vm.memory.pools.PS-Old-Gen.init" : {
      "value" : 66060288
    },
    "vm.memory.pools.PS-Old-Gen.max" : {
      "value" : 1041760256
    },
    "vm.memory.pools.PS-Old-Gen.usage" : {
      "value" : 0.0853663589945977
    },
    "vm.memory.pools.PS-Old-Gen.used" : {
      "value" : 88931280
    },
    "vm.memory.pools.PS-Survivor-Space.committed" : {
      "value" : 12058624
    },
    "vm.memory.pools.PS-Survivor-Space.init" : {
      "value" : 3670016
    },
    "vm.memory.pools.PS-Survivor-Space.max" : {
      "value" : 12058624
    },
    "vm.memory.pools.PS-Survivor-Space.usage" : {
      "value" : 0.3808089546535326
    },
    "vm.memory.pools.PS-Survivor-Space.used" : {
      "value" : 4592032
    },
    "vm.memory.total.committed" : {
      "value" : 797753344
    },
    "vm.memory.total.init" : {
      "value" : 101122048
    },
    "vm.memory.total.max" : {
      "value" : 1388838911
    },
    "vm.memory.total.used" : {
      "value" : 608889832
    },
    "vm.new.count" : {
      "value" : 0
    },
    "vm.runnable.count" : {
      "value" : 11
    },
    "vm.terminated.count" : {
      "value" : 0
    },
    "vm.timed_waiting.count" : {
      "value" : 32
    },
    "vm.uptime.milliseconds" : {
      "value" : 330610
    },
    "vm.waiting.count" : {
      "value" : 19
    }
  },
  "counters" : {
    "http.activeRequests" : {
      "count" : 1
    }
  },
  "histograms" : {
    "jenkins.executor.count.history" : {
      "count" : 21,
      "max" : 2,
      "mean" : 1.9862853456866378,
      "min" : 0,
      "p50" : 2.0,
      "p75" : 2.0,
      "p95" : 2.0,
      "p98" : 2.0,
      "p99" : 2.0,
      "p999" : 2.0,
      "values" : [ 0, 0, 1, 2, 2, 2, 2, 2, 2, 2, 2, 2, 2, 2, 2, 2, 2, 2, 2, 2, 2 ],
      "stddev" : 0.1539463321030676
    },
    "jenkins.executor.free.history" : {
      "count" : 21,
      "max" : 2,
      "mean" : 1.9862853456866376,
      "min" : 0,
      "p50" : 2.0,
      "p75" : 2.0,
      "p95" : 2.0,
      "p98" : 2.0,
      "p99" : 2.0,
      "p999" : 2.0,
      "values" : [ 0, 0, 1, 2, 2, 2, 2, 2, 2, 2, 2, 2, 2, 2, 2, 2, 2, 2, 2, 2, 2 ],
      "stddev" : 0.15394633210306755
    },
    "jenkins.executor.in-use.history" : {
      "count" : 21,
      "max" : 0,
      "mean" : 0.0,
      "min" : 0,
      "p50" : 0.0,
      "p75" : 0.0,
      "p95" : 0.0,
      "p98" : 0.0,
      "p99" : 0.0,
      "p999" : 0.0,
      "values" : [ 0, 0, 0, 0, 0, 0, 0, 0, 0, 0, 0, 0, 0, 0, 0, 0, 0, 0, 0, 0, 0 ],
      "stddev" : 0.0
    },
    "jenkins.job.count.history" : {
      "count" : 21,
      "max" : 37,
      "mean" : 37.0,
      "min" : 37,
      "p50" : 37.0,
      "p75" : 37.0,
      "p95" : 37.0,
      "p98" : 37.0,
      "p99" : 37.0,
      "p999" : 37.0,
      "values" : [ 37, 37, 37, 37, 37, 37, 37, 37, 37, 37, 37, 37, 37, 37, 37, 37, 37, 37, 37, 37, 37 ],
      "stddev" : 0.0
    },
    "jenkins.node.count.history" : {
      "count" : 21,
      "max" : 2,
      "mean" : 1.9898270894024392,
      "min" : 0,
      "p50" : 2.0,
      "p75" : 2.0,
      "p95" : 2.0,
      "p98" : 2.0,
      "p99" : 2.0,
      "p999" : 2.0,
      "values" : [ 0, 0, 2, 2, 2, 2, 2, 2, 2, 2, 2, 2, 2, 2, 2, 2, 2, 2, 2, 2, 2 ],
      "stddev" : 0.14227555336422343
    },
    "jenkins.node.offline.history" : {
      "count" : 21,
      "max" : 1,
      "mean" : 0.0035417437158010456,
      "min" : 0,
      "p50" : 0.0,
      "p75" : 0.0,
      "p95" : 0.0,
      "p98" : 0.0,
      "p99" : 0.0,
      "p999" : 1.0,
      "values" : [ 0, 0, 0, 0, 0, 0, 0, 0, 0, 0, 0, 0, 0, 0, 0, 0, 0, 0, 0, 0, 1 ],
      "stddev" : 0.059407068327368494
    },
    "jenkins.node.online.history" : {
      "count" : 21,
      "max" : 2,
      "mean" : 1.9862853456866378,
      "min" : 0,
      "p50" : 2.0,
      "p75" : 2.0,
      "p95" : 2.0,
      "p98" : 2.0,
      "p99" : 2.0,
      "p999" : 2.0,
      "values" : [ 0, 0, 1, 2, 2, 2, 2, 2, 2, 2, 2, 2, 2, 2, 2, 2, 2, 2, 2, 2, 2 ],
      "stddev" : 0.1539463321030676
    },
    "jenkins.project.count.history" : {
      "count" : 21,
      "max" : 1,
      "mean" : 1.0000000000000002,
      "min" : 1,
      "p50" : 1.0,
      "p75" : 1.0,
      "p95" : 1.0,
      "p98" : 1.0,
      "p99" : 1.0,
      "p999" : 1.0,
      "values" : [ 1, 1, 1, 1, 1, 1, 1, 1, 1, 1, 1, 1, 1, 1, 1, 1, 1, 1, 1, 1, 1 ],
      "stddev" : 2.220446049250313E-16
    },
    "jenkins.project.disabled.count.history" : {
      "count" : 21,
      "max" : 0,
      "mean" : 0.0,
      "min" : 0,
      "p50" : 0.0,
      "p75" : 0.0,
      "p95" : 0.0,
      "p98" : 0.0,
      "p99" : 0.0,
      "p999" : 0.0,
      "values" : [ 0, 0, 0, 0, 0, 0, 0, 0, 0, 0, 0, 0, 0, 0, 0, 0, 0, 0, 0, 0, 0 ],
      "stddev" : 0.0
    },
    "jenkins.project.enabled.count.history" : {
      "count" : 21,
      "max" : 1,
      "mean" : 1.0000000000000002,
      "min" : 1,
      "p50" : 1.0,
      "p75" : 1.0,
      "p95" : 1.0,
      "p98" : 1.0,
      "p99" : 1.0,
      "p999" : 1.0,
      "values" : [ 1, 1, 1, 1, 1, 1, 1, 1, 1, 1, 1, 1, 1, 1, 1, 1, 1, 1, 1, 1, 1 ],
      "stddev" : 2.220446049250313E-16
    },
    "jenkins.queue.blocked.history" : {
      "count" : 21,
      "max" : 0,
      "mean" : 0.0,
      "min" : 0,
      "p50" : 0.0,
      "p75" : 0.0,
      "p95" : 0.0,
      "p98" : 0.0,
      "p99" : 0.0,
      "p999" : 0.0,
      "values" : [ 0, 0, 0, 0, 0, 0, 0, 0, 0, 0, 0, 0, 0, 0, 0, 0, 0, 0, 0, 0, 0 ],
      "stddev" : 0.0
    },
    "jenkins.queue.buildable.history" : {
      "count" : 21,
      "max" : 0,
      "mean" : 0.0,
      "min" : 0,
      "p50" : 0.0,
      "p75" : 0.0,
      "p95" : 0.0,
      "p98" : 0.0,
      "p99" : 0.0,
      "p999" : 0.0,
      "values" : [ 0, 0, 0, 0, 0, 0, 0, 0, 0, 0, 0, 0, 0, 0, 0, 0, 0, 0, 0, 0, 0 ],
      "stddev" : 0.0
    },
    "jenkins.queue.pending.history" : {
      "count" : 21,
      "max" : 0,
      "mean" : 0.0,
      "min" : 0,
      "p50" : 0.0,
      "p75" : 0.0,
      "p95" : 0.0,
      "p98" : 0.0,
      "p99" : 0.0,
      "p999" : 0.0,
      "values" : [ 0, 0, 0, 0, 0, 0, 0, 0, 0, 0, 0, 0, 0, 0, 0, 0, 0, 0, 0, 0, 0 ],
      "stddev" : 0.0
    },
    "jenkins.queue.size.history" : {
      "count" : 21,
      "max" : 0,
      "mean" : 0.0,
      "min" : 0,
      "p50" : 0.0,
      "p75" : 0.0,
      "p95" : 0.0,
      "p98" : 0.0,
      "p99" : 0.0,
      "p999" : 0.0,
      "values" : [ 0, 0, 0, 0, 0, 0, 0, 0, 0, 0, 0, 0, 0, 0, 0, 0, 0, 0, 0, 0, 0 ],
      "stddev" : 0.0
    },
    "jenkins.queue.stuck.history" : {
      "count" : 21,
      "max" : 0,
      "mean" : 0.0,
      "min" : 0,
      "p50" : 0.0,
      "p75" : 0.0,
      "p95" : 0.0,
      "p98" : 0.0,
      "p99" : 0.0,
      "p999" : 0.0,
      "values" : [ 0, 0, 0, 0, 0, 0, 0, 0, 0, 0, 0, 0, 0, 0, 0, 0, 0, 0, 0, 0, 0 ],
      "stddev" : 0.0
    },
    "system.cpu.load.x100.history" : {
      "count" : 21,
      "max" : 133,
      "mean" : 40.72870285665522,
      "min" : 21,
      "p50" : 39.0,
      "p75" : 50.0,
      "p95" : 55.0,
      "p98" : 91.0,
      "p99" : 117.0,
      "p999" : 133.0,
      "values" : [ 21, 23, 24, 26, 27, 30, 34, 39, 43, 46, 50, 50, 55, 56, 67, 71, 91, 92, 117, 118, 133 ],
      "stddev" : 16.829460029970694
    },
    "system.cpu.load.x100.window.15m" : {
      "count" : 21,
      "max" : 133,
      "mean" : 57.76190476190476,
      "min" : 21,
      "p50" : 50.0,
      "p75" : 81.0,
      "p95" : 131.49999999999997,
      "p98" : 133.0,
      "p99" : 133.0,
      "p999" : 133.0,
      "values" : [ 21, 23, 24, 26, 27, 30, 34, 39, 43, 46, 50, 50, 55, 56, 67, 71, 91, 92, 117, 118, 133 ],
      "stddev" : 34.03366680495177
    },
    "system.cpu.load.x100.window.1h" : {
      "count" : 21,
      "max" : 133,
      "mean" : 57.76190476190476,
      "min" : 21,
      "p50" : 50.0,
      "p75" : 81.0,
      "p95" : 131.49999999999997,
      "p98" : 133.0,
      "p99" : 133.0,
      "p999" : 133.0,
      "values" : [ 21, 23, 24, 26, 27, 30, 34, 39, 43, 46, 50, 50, 55, 56, 67, 71, 91, 92, 117, 118, 133 ],
      "stddev" : 34.03366680495177
    },
    "system.cpu.load.x100.window.5m" : {
      "count" : 21,
      "max" : 133,
      "mean" : 57.3,
      "min" : 21,
      "p50" : 48.0,
      "p75" : 86.0,
      "p95" : 132.25,
      "p98" : 133.0,
      "p99" : 133.0,
      "p999" : 133.0,
      "values" : [ 21, 23, 24, 26, 27, 30, 34, 39, 43, 46, 50, 50, 55, 56, 71, 91, 92, 117, 118, 133 ],
      "stddev" : 34.850205768478084
    },
    "vm.cpu.load.x100.history" : {
      "count" : 21,
      "max" : 169,
      "mean" : 12.467895288965225,
      "min" : 1,
      "p50" : 2.0,
      "p75" : 21.0,
      "p95" : 39.0,
      "p98" : 39.0,
      "p99" : 39.0,
      "p999" : 169.0,
      "values" : [ 1, 1, 1, 1, 1, 2, 2, 2, 2, 2, 2, 3, 3, 7, 18, 21, 30, 36, 39, 47, 169 ],
      "stddev" : 15.739337815235931
    },
    "vm.cpu.load.x100.window.15m" : {
      "count" : 21,
      "max" : 169,
      "mean" : 18.571428571428573,
      "min" : 1,
      "p50" : 2.0,
      "p75" : 25.5,
      "p95" : 156.79999999999984,
      "p98" : 169.0,
      "p99" : 169.0,
      "p999" : 169.0,
      "values" : [ 1, 1, 1, 1, 1, 2, 2, 2, 2, 2, 2, 3, 3, 7, 18, 21, 30, 36, 39, 47, 169 ],
      "stddev" : 37.4867595673078
    },
    "vm.cpu.load.x100.window.1h" : {
      "count" : 21,
      "max" : 169,
      "mean" : 18.571428571428573,
      "min" : 1,
      "p50" : 2.0,
      "p75" : 25.5,
      "p95" : 156.79999999999984,
      "p98" : 169.0,
      "p99" : 169.0,
      "p999" : 169.0,
      "values" : [ 1, 1, 1, 1, 1, 2, 2, 2, 2, 2, 2, 3, 3, 7, 18, 21, 30, 36, 39, 47, 169 ],
      "stddev" : 37.4867595673078
    },
    "vm.cpu.load.x100.window.5m" : {
      "count" : 21,
      "max" : 47,
      "mean" : 11.05,
      "min" : 1,
      "p50" : 2.0,
      "p75" : 20.25,
      "p95" : 46.599999999999994,
      "p98" : 47.0,
      "p99" : 47.0,
      "p999" : 47.0,
      "values" : [ 1, 1, 1, 1, 1, 2, 2, 2, 2, 2, 2, 3, 3, 7, 18, 21, 30, 36, 39, 47 ],
      "stddev" : 15.122221362860962
    },
    "vm.file.descriptor.ratio.x100.history" : {
      "count" : 21,
      "max" : 0,
      "mean" : 0.0,
      "min" : 0,
      "p50" : 0.0,
      "p75" : 0.0,
      "p95" : 0.0,
      "p98" : 0.0,
      "p99" : 0.0,
      "p999" : 0.0,
      "values" : [ 0, 0, 0, 0, 0, 0, 0, 0, 0, 0, 0, 0, 0, 0, 0, 0, 0, 0, 0, 0, 0 ],
      "stddev" : 0.0
    },
    "vm.file.descriptor.ratio.x100.window.15m" : {
      "count" : 21,
      "max" : 0,
      "mean" : 0.0,
      "min" : 0,
      "p50" : 0.0,
      "p75" : 0.0,
      "p95" : 0.0,
      "p98" : 0.0,
      "p99" : 0.0,
      "p999" : 0.0,
      "values" : [ 0, 0, 0, 0, 0, 0, 0, 0, 0, 0, 0, 0, 0, 0, 0, 0, 0, 0, 0, 0, 0 ],
      "stddev" : 0.0
    },
    "vm.file.descriptor.ratio.x100.window.1h" : {
      "count" : 21,
      "max" : 0,
      "mean" : 0.0,
      "min" : 0,
      "p50" : 0.0,
      "p75" : 0.0,
      "p95" : 0.0,
      "p98" : 0.0,
      "p99" : 0.0,
      "p999" : 0.0,
      "values" : [ 0, 0, 0, 0, 0, 0, 0, 0, 0, 0, 0, 0, 0, 0, 0, 0, 0, 0, 0, 0, 0 ],
      "stddev" : 0.0
    },
    "vm.file.descriptor.ratio.x100.window.5m" : {
      "count" : 21,
      "max" : 0,
      "mean" : 0.0,
      "min" : 0,
      "p50" : 0.0,
      "p75" : 0.0,
      "p95" : 0.0,
      "p98" : 0.0,
      "p99" : 0.0,
      "p999" : 0.0,
      "values" : [ 0, 0, 0, 0, 0, 0, 0, 0, 0, 0, 0, 0, 0, 0, 0, 0, 0, 0, 0, 0 ],
      "stddev" : 0.0
    },
    "vm.memory.heap.committed.history" : {
      "count" : 21,
      "max" : 654835712,
      "mean" : 6.479063208394438E8,
      "min" : 607649792,
      "p50" : 6.49592832E8,
      "p75" : 6.49592832E8,
      "p95" : 6.49592832E8,
      "p98" : 6.49592832E8,
      "p99" : 6.49592832E8,
      "p999" : 6.54835712E8,
      "values" : [ 607649792, 644349952, 644349952, 644349952, 644349952, 644349952, 644349952, 644349952, 644349952, 644349952, 644349952, 644349952, 644349952, 644349952, 649592832, 649592832, 649592832, 649592832, 649592832, 654835712, 654835712 ],
      "stddev" : 3134374.8338277135
    },
    "vm.memory.heap.committed.window.15m" : {
      "count" : 21,
      "max" : 654835712,
      "mean" : 6.448492739047619E8,
      "min" : 607649792,
      "p50" : 6.44349952E8,
      "p75" : 6.49592832E8,
      "p95" : 6.54835712E8,
      "p98" : 6.54835712E8,
      "p99" : 6.54835712E8,
      "p999" : 6.54835712E8,
      "values" : [ 607649792, 644349952, 644349952, 644349952, 644349952, 644349952, 644349952, 644349952, 644349952, 644349952, 644349952, 644349952, 644349952, 644349952, 649592832, 649592832, 649592832, 649592832, 649592832, 654835712, 654835712 ],
      "stddev" : 9216852.101983417
    },
    "vm.memory.heap.committed.window.1h" : {
      "count" : 21,
      "max" : 654835712,
      "mean" : 6.448492739047619E8,
      "min" : 607649792,
      "p50" : 6.44349952E8,
      "p75" : 6.49592832E8,
      "p95" : 6.54835712E8,
      "p98" : 6.54835712E8,
      "p99" : 6.54835712E8,
      "p999" : 6.54835712E8,
      "values" : [ 607649792, 644349952, 644349952, 644349952, 644349952, 644349952, 644349952, 644349952, 644349952, 644349952, 644349952, 644349952, 644349952, 644349952, 649592832, 649592832, 649592832, 649592832, 649592832, 654835712, 654835712 ],
      "stddev" : 9216852.101983417
    },
    "vm.memory.heap.committed.window.5m" : {
      "count" : 21,
      "max" : 654835712,
      "mean" : 6.46709248E8,
      "min" : 644349952,
      "p50" : 6.44349952E8,
      "p75" : 6.49592832E8,
      "p95" : 6.54835712E8,
      "p98" : 6.54835712E8,
      "p99" : 6.54835712E8,
      "p999" : 6.54835712E8,
      "values" : [ 644349952, 644349952, 644349952, 644349952, 644349952, 644349952, 644349952, 644349952, 644349952, 644349952, 644349952, 644349952, 644349952, 649592832, 649592832, 649592832, 649592832, 649592832, 654835712, 654835712 ],
      "stddev" : 3598360.2019376024
    },
    "vm.memory.heap.usage.x100.history" : {
      "count" : 21,
      "max" : 40,
      "mean" : 31.0540521724447,
      "min" : 6,
      "p50" : 33.0,
      "p75" : 37.0,
      "p95" : 40.0,
      "p98" : 40.0,
      "p99" : 40.0,
      "p999" : 40.0,
      "values" : [ 6, 14, 14, 28, 28, 28, 33, 34, 35, 36, 36, 36, 37, 37, 37, 38, 38, 39, 39, 39, 40 ],
      "stddev" : 6.967431375940449
    },
    "vm.memory.heap.usage.x100.window.15m" : {
      "count" : 21,
      "max" : 40,
      "mean" : 32.0,
      "min" : 6,
      "p50" : 36.0,
      "p75" : 38.0,
      "p95" : 39.9,
      "p98" : 40.0,
      "p99" : 40.0,
      "p999" : 40.0,
      "values" : [ 6, 14, 14, 28, 28, 28, 33, 34, 35, 36, 36, 36, 37, 37, 37, 38, 38, 39, 39, 39, 40 ],
      "stddev" : 9.465727652959385
    },
    "vm.memory.heap.usage.x100.window.1h" : {
      "count" : 21,
      "max" : 40,
      "mean" : 32.0,
      "min" : 6,
      "p50" : 36.0,
      "p75" : 38.0,
      "p95" : 39.9,
      "p98" : 40.0,
      "p99" : 40.0,
      "p999" : 40.0,
      "values" : [ 6, 14, 14, 28, 28, 28, 33, 34, 35, 36, 36, 36, 37, 37, 37, 38, 38, 39, 39, 39, 40 ],
      "stddev" : 9.465727652959385
    },
    "vm.memory.heap.usage.x100.window.5m" : {
      "count" : 21,
      "max" : 40,
      "mean" : 33.3,
      "min" : 14,
      "p50" : 36.0,
      "p75" : 38.0,
      "p95" : 39.95,
      "p98" : 40.0,
      "p99" : 40.0,
      "p999" : 40.0,
      "values" : [ 14, 14, 28, 28, 28, 33, 34, 35, 36, 36, 36, 37, 37, 37, 38, 38, 39, 39, 39, 40 ],
      "stddev" : 7.547045430951247
    },
    "vm.memory.heap.used.history" : {
      "count" : 21,
      "max" : 552564032,
      "mean" : 4.3110701691416734E8,
      "min" : 85849088,
      "p50" : 4.51409248E8,
      "p75" : 5.2034684E8,
      "p95" : 5.52564032E8,
      "p98" : 5.52564032E8,
      "p99" : 5.52564032E8,
      "p999" : 5.52564032E8,
      "values" : [ 85849088, 195576256, 200823792, 388774864, 391740200, 391770016, 451409248, 472004888, 490267672, 494512112, 497273352, 505563992, 509623872, 516534728, 520346840, 529780176, 531528328, 536765608, 542841920, 547698896, 552564032 ],
      "stddev" : 9.602582066695687E7
    },
    "vm.memory.heap.used.window.15m" : {
      "count" : 21,
      "max" : 552564032,
      "mean" : 4.454981965714286E8,
      "min" : 88061336,
      "p50" : 4.97273352E8,
      "p75" : 5.30654252E8,
      "p95" : 5.520775184E8,
      "p98" : 5.52564032E8,
      "p99" : 5.52564032E8,
      "p999" : 5.52564032E8,
      "values" : [ 88061336, 195576256, 200823792, 388774864, 391740200, 391770016, 451409248, 472004888, 490267672, 494512112, 497273352, 505563992, 509623872, 516534728, 520346840, 529780176, 531528328, 536765608, 542841920, 547698896, 552564032 ],
      "stddev" : 1.302868893100955E8
    },
    "vm.memory.heap.used.window.1h" : {
      "count" : 21,
      "max" : 552564032,
      "mean" : 4.454981965714286E8,
      "min" : 88061336,
      "p50" : 4.97273352E8,
      "p75" : 5.30654252E8,
      "p95" : 5.520775184E8,
      "p98" : 5.52564032E8,
      "p99" : 5.52564032E8,
      "p999" : 5.52564032E8,
      "values" : [ 88061336, 195576256, 200823792, 388774864, 391740200, 391770016, 451409248, 472004888, 490267672, 494512112, 497273352, 505563992, 509623872, 516534728, 520346840, 529780176, 531528328, 536765608, 542841920, 547698896, 552564032 ],
      "stddev" : 1.302868893100955E8
    },
    "vm.memory.heap.used.window.5m" : {
      "count" : 21,
      "max" : 552564032,
      "mean" : 4.633700396E8,
      "min" : 195576256,
      "p50" : 5.01418672E8,
      "p75" : 5.3109129E8,
      "p95" : 5.523207752E8,
      "p98" : 5.52564032E8,
      "p99" : 5.52564032E8,
      "p999" : 5.52564032E8,
      "values" : [ 195576256, 200823792, 388774864, 391740200, 391770016, 451409248, 472004888, 490267672, 494512112, 497273352, 505563992, 509623872, 516534728, 520346840, 529780176, 531528328, 536765608, 542841920, 547698896, 552564032 ],
      "stddev" : 1.039595836857323E8
    },
    "vm.memory.non-heap.committed.history" : {
      "count" : 21,
      "max" : 147767296,
      "mean" : 1.4393750939082456E8,
      "min" : 112967680,
      "p50" : 1.46784256E8,
      "p75" : 1.46784256E8,
      "p95" : 1.47767296E8,
      "p98" : 1.47767296E8,
      "p99" : 1.47767296E8,
      "p999" : 1.47767296E8,
      "values" : [ 112967680, 126337024, 133545984, 135774208, 136101888, 136298496, 136626176, 136626176, 137019392, 137019392, 138264576, 138526720, 138592256, 138788864, 138854400, 138854400, 144031744, 146784256, 146784256, 146784256, 147767296 ],
      "stddev" : 4448983.620147462
    },
    "vm.memory.non-heap.committed.window.15m" : {
      "count" : 21,
      "max" : 147767296,
      "mean" : 1.377309257142857E8,
      "min" : 112967680,
      "p50" : 1.38264576E8,
      "p75" : 1.41443072E8,
      "p95" : 1.47668992E8,
      "p98" : 1.47767296E8,
      "p99" : 1.47767296E8,
      "p999" : 1.47767296E8,
      "values" : [ 112967680, 126337024, 133545984, 135774208, 136101888, 136298496, 136626176, 136626176, 137019392, 137019392, 138264576, 138526720, 138592256, 138788864, 138854400, 138854400, 144031744, 146784256, 146784256, 146784256, 147767296 ],
      "stddev" : 7629423.077082626
    },
    "vm.memory.non-heap.committed.window.1h" : {
      "count" : 21,
      "max" : 147767296,
      "mean" : 1.377309257142857E8,
      "min" : 112967680,
      "p50" : 1.38264576E8,
      "p75" : 1.41443072E8,
      "p95" : 1.47668992E8,
      "p98" : 1.47767296E8,
      "p99" : 1.47767296E8,
      "p999" : 1.47767296E8,
      "values" : [ 112967680, 126337024, 133545984, 135774208, 136101888, 136298496, 136626176, 136626176, 137019392, 137019392, 138264576, 138526720, 138592256, 138788864, 138854400, 138854400, 144031744, 146784256, 146784256, 146784256, 147767296 ],
      "stddev" : 7629423.077082626
    },
    "vm.memory.non-heap.committed.window.5m" : {
      "count" : 21,
      "max" : 147767296,
      "mean" : 1.38969088E8,
      "min" : 126337024,
      "p50" : 1.38395648E8,
      "p75" : 1.42737408E8,
      "p95" : 1.47718144E8,
      "p98" : 1.47767296E8,
      "p99" : 1.47767296E8,
      "p999" : 1.47767296E8,
      "values" : [ 126337024, 133545984, 135774208, 136101888, 136298496, 136626176, 136626176, 137019392, 137019392, 138264576, 138526720, 138592256, 138788864, 138854400, 138854400, 144031744, 146784256, 146784256, 146784256, 147767296 ],
      "stddev" : 5232905.374751824
    },
    "vm.memory.non-heap.usage.x100.history" : {
      "count" : 21,
      "max" : -10349314400,
      "mean" : -1.3307963847706816E10,
      "min" : -13679313600,
      "p50" : -1.3583532E10,
      "p75" : -1.28146824E10,
      "p95" : -1.26439184E10,
      "p98" : -1.26200472E10,
      "p99" : -1.25540568E10,
      "p999" : -1.03493144E10,
      "values" : [ -13679313600, -13586240800, -13584357600, -13583532000, -13292902400, -12815336000, -12814682400, -12810674400, -12775227200, -12773544000, -12750407200, -12667227200, -12643918400, -12635978400, -12621752000, -12620047200, -12589102400, -12554056800, -12363142400, -11696070400, -10349314400 ],
      "stddev" : 4.273734023627677E8
    },
    "vm.memory.non-heap.usage.x100.window.15m" : {
      "count" : 21,
      "max" : -10349314400,
      "mean" : -1.2724146095238094E10,
      "min" : -13679313600,
      "p50" : -1.27504072E10,
      "p75" : -1.26045748E10,
      "p95" : -1.0483990000000002E10,
      "p98" : -1.03493144E10,
      "p99" : -1.03493144E10,
      "p999" : -1.03493144E10,
      "values" : [ -13679313600, -13586240800, -13584357600, -13583532000, -13292902400, -12815336000, -12814682400, -12810674400, -12775227200, -12773544000, -12750407200, -12667227200, -12643918400, -12635978400, -12621752000, -12620047200, -12589102400, -12554056800, -12363383200, -11696070400, -10349314400 ],
      "stddev" : 7.211149615879664E8
    },
    "vm.memory.non-heap.usage.x100.window.1h" : {
      "count" : 21,
      "max" : -10349314400,
      "mean" : -1.2724146095238094E10,
      "min" : -13679313600,
      "p50" : -1.27504072E10,
      "p75" : -1.26045748E10,
      "p95" : -1.0483990000000002E10,
      "p98" : -1.03493144E10,
      "p99" : -1.03493144E10,
      "p999" : -1.03493144E10,
      "values" : [ -13679313600, -13586240800, -13584357600, -13583532000, -13292902400, -12815336000, -12814682400, -12810674400, -12775227200, -12773544000, -12750407200, -12667227200, -12643918400, -12635978400, -12621752000, -12620047200, -12589102400, -12554056800, -12363383200, -11696070400, -10349314400 ],
      "stddev" : 7.211149615879664E8
    },
    "vm.memory.non-heap.usage.x100.window.5m" : {
      "count" : 21,
      "max" : -11696070400,
      "mean" : -1.284288768E10,
      "min" : -13679313600,
      "p50" : -1.27619756E10,
      "p75" : -1.26204734E10,
      "p95" : -1.172943604E10,
      "p98" : -1.16960704E10,
      "p99" : -1.16960704E10,
      "p999" : -1.16960704E10,
      "values" : [ -13679313600, -13586240800, -13584357600, -13583532000, -13292902400, -12815336000, -12814682400, -12810674400, -12775227200, -12773544000, -12750407200, -12667227200, -12643918400, -12635978400, -12621752000, -12620047200, -12589102400, -12554056800, -12363383200, -11696070400 ],
      "stddev" : 4.8549046804982215E8
    },
    "vm.memory.non-heap.used.history" : {
      "count" : 21,
      "max" : 136793136,
      "mean" : 1.330796471501192E8,
      "min" : 103493208,
      "p50" : 1.3583532E8,
      "p75" : 1.35862408E8,
      "p95" : 1.36793136E8,
      "p98" : 1.36793136E8,
      "p99" : 1.36793136E8,
      "p999" : 1.36793136E8,
      "values" : [ 103493208, 116960704, 123633832, 125540568, 125891024, 126200472, 126217520, 126359784, 126439184, 126672272, 127504072, 127735440, 127752272, 128106744, 128146824, 128153360, 132929024, 135835320, 135843576, 135862408, 136793136 ],
      "stddev" : 4273714.170862489
    },
    "vm.memory.non-heap.used.window.15m" : {
      "count" : 21,
      "max" : 136793136,
      "mean" : 1.27241464E8,
      "min" : 103493208,
      "p50" : 1.27504072E8,
      "p75" : 1.30541192E8,
      "p95" : 1.367000632E8,
      "p98" : 1.36793136E8,
      "p99" : 1.36793136E8,
      "p999" : 1.36793136E8,
      "values" : [ 103493208, 116960704, 123633832, 125540568, 125891024, 126200472, 126217520, 126359784, 126439184, 126672272, 127504072, 127735440, 127752272, 128106744, 128146824, 128153360, 132929024, 135835320, 135843576, 135862408, 136793136 ],
      "stddev" : 7211139.077397412
    },
    "vm.memory.non-heap.used.window.1h" : {
      "count" : 21,
      "max" : 136793136,
      "mean" : 1.2724147847619048E8,
      "min" : 103493208,
      "p50" : 1.27504072E8,
      "p75" : 1.30541192E8,
      "p95" : 1.367000632E8,
      "p98" : 1.36793136E8,
      "p99" : 1.36793136E8,
      "p999" : 1.36793136E8,
      "values" : [ 103493208, 116960704, 123633832, 125540568, 125891024, 126200472, 126217520, 126359784, 126439184, 126672272, 127504072, 127735440, 127752576, 128106744, 128146824, 128153360, 132929024, 135835320, 135843576, 135862408, 136793136 ],
      "stddev" : 7211140.154409146
    },
    "vm.memory.non-heap.used.window.5m" : {
      "count" : 21,
      "max" : 136793136,
      "mean" : 1.28428892E8,
      "min" : 116960704,
      "p50" : 1.27619756E8,
      "p75" : 1.31735108E8,
      "p95" : 1.367465996E8,
      "p98" : 1.36793136E8,
      "p99" : 1.36793136E8,
      "p999" : 1.36793136E8,
      "values" : [ 116960704, 123633832, 125540568, 125891024, 126200472, 126217520, 126359784, 126439184, 126672272, 127504072, 127735440, 127752576, 128106744, 128146824, 128153360, 132929024, 135835320, 135843576, 135862408, 136793136 ],
      "stddev" : 4854902.451130274
    },
    "vm.memory.pools.Code-Cache.committed.history" : {
      "count" : 21,
      "max" : 38273024,
      "mean" : 3.629872617780965E7,
      "min" : 21561344,
      "p50" : 3.7552128E7,
      "p75" : 3.7552128E7,
      "p95" : 3.8273024E7,
      "p98" : 3.8273024E7,
      "p99" : 3.8273024E7,
      "p999" : 3.8273024E7,
      "values" : [ 21561344, 28377088, 31391744, 32571392, 32636928, 32833536, 33161216, 33161216, 33292288, 33292288, 33488896, 33751040, 33816576, 34013184, 34078720, 34078720, 35848192, 37552128, 37552128, 37552128, 38273024 ],
      "stddev" : 2056633.0476695949
    },
    "vm.memory.pools.Code-Cache.committed.window.15m" : {
      "count" : 21,
      "max" : 38273024,
      "mean" : 3.344208457142857E7,
      "min" : 21561344,
      "p50" : 3.3488896E7,
      "p75" : 3.4963456E7,
      "p95" : 3.82009344E7,
      "p98" : 3.8273024E7,
      "p99" : 3.8273024E7,
      "p999" : 3.8273024E7,
      "values" : [ 21561344, 28377088, 31391744, 32571392, 32636928, 32833536, 33161216, 33161216, 33292288, 33292288, 33488896, 33751040, 33816576, 34013184, 34078720, 34078720, 35848192, 37552128, 37552128, 37552128, 38273024 ],
      "stddev" : 3564889.912579357
    },
    "vm.memory.pools.Code-Cache.committed.window.1h" : {
      "count" : 21,
      "max" : 38273024,
      "mean" : 3.344208457142857E7,
      "min" : 21561344,
      "p50" : 3.3488896E7,
      "p75" : 3.4963456E7,
      "p95" : 3.82009344E7,
      "p98" : 3.8273024E7,
      "p99" : 3.8273024E7,
      "p999" : 3.8273024E7,
      "values" : [ 21561344, 28377088, 31391744, 32571392, 32636928, 32833536, 33161216, 33161216, 33292288, 33292288, 33488896, 33751040, 33816576, 34013184, 34078720, 34078720, 35848192, 37552128, 37552128, 37552128, 38273024 ],
      "stddev" : 3564889.912579357
    },
    "vm.memory.pools.Code-Cache.committed.window.5m" : {
      "count" : 21,
      "max" : 38273024,
      "mean" : 3.40361216E7,
      "min" : 28377088,
      "p50" : 3.3619968E7,
      "p75" : 3.5405824E7,
      "p95" : 3.82369792E7,
      "p98" : 3.8273024E7,
      "p99" : 3.8273024E7,
      "p999" : 3.8273024E7,
      "values" : [ 28377088, 31391744, 32571392, 32636928, 32833536, 33161216, 33161216, 33292288, 33292288, 33488896, 33751040, 33816576, 34013184, 34078720, 34078720, 35848192, 37552128, 37552128, 37552128, 38273024 ],
      "stddev" : 2361524.991502567
    },
    "vm.memory.pools.Code-Cache.usage.x100.history" : {
      "count" : 21,
      "max" : 15,
      "mean" : 14.259643970770608,
      "min" : 8,
      "p50" : 15.0,
      "p75" : 15.0,
      "p95" : 15.0,
      "p98" : 15.0,
      "p99" : 15.0,
      "p999" : 15.0,
      "values" : [ 8, 11, 12, 13, 13, 13, 13, 13, 13, 13, 13, 13, 13, 13, 13, 13, 14, 15, 15, 15, 15 ],
      "stddev" : 0.9809312108260666
    },
    "vm.memory.pools.Code-Cache.usage.x100.window.15m" : {
      "count" : 21,
      "max" : 15,
      "mean" : 13.047619047619047,
      "min" : 8,
      "p50" : 13.0,
      "p75" : 13.5,
      "p95" : 15.0,
      "p98" : 15.0,
      "p99" : 15.0,
      "p999" : 15.0,
      "values" : [ 8, 11, 12, 13, 13, 13, 13, 13, 13, 13, 13, 13, 13, 13, 13, 13, 14, 15, 15, 15, 15 ],
      "stddev" : 1.532194193834139
    },
    "vm.memory.pools.Code-Cache.usage.x100.window.1h" : {
      "count" : 21,
      "max" : 15,
      "mean" : 13.047619047619047,
      "min" : 8,
      "p50" : 13.0,
      "p75" : 13.5,
      "p95" : 15.0,
      "p98" : 15.0,
      "p99" : 15.0,
      "p999" : 15.0,
      "values" : [ 8, 11, 12, 13, 13, 13, 13, 13, 13, 13, 13, 13, 13, 13, 13, 13, 14, 15, 15, 15, 15 ],
      "stddev" : 1.532194193834139
    },
    "vm.memory.pools.Code-Cache.usage.x100.window.5m" : {
      "count" : 21,
      "max" : 15,
      "mean" : 13.3,
      "min" : 11,
      "p50" : 13.0,
      "p75" : 13.75,
      "p95" : 15.0,
      "p98" : 15.0,
      "p99" : 15.0,
      "p999" : 15.0,
      "values" : [ 11, 12, 13, 13, 13, 13, 13, 13, 13, 13, 13, 13, 13, 13, 13, 14, 15, 15, 15, 15 ],
      "stddev" : 1.0310954828418377
    },
    "vm.memory.pools.Code-Cache.used.history" : {
      "count" : 21,
      "max" : 37984768,
      "mean" : 3.599827918049723E7,
      "min" : 20888384,
      "p50" : 3.7241536E7,
      "p75" : 3.7263488E7,
      "p95" : 3.7984768E7,
      "p98" : 3.7984768E7,
      "p99" : 3.7984768E7,
      "p999" : 3.7984768E7,
      "values" : [ 20888384, 28127680, 30959168, 32129280, 32419072, 32553024, 32603264, 32640320, 32647872, 32900928, 33252864, 33461760, 33469568, 33775040, 33778944, 33818752, 35611328, 37241536, 37248576, 37263488, 37984768 ],
      "stddev" : 2077910.6961064688
    },
    "vm.memory.pools.Code-Cache.used.window.15m" : {
      "count" : 21,
      "max" : 37984768,
      "mean" : 3.308463238095238E7,
      "min" : 20888384,
      "p50" : 3.3252864E7,
      "p75" : 3.471504E7,
      "p95" : 3.791264E7,
      "p98" : 3.7984768E7,
      "p99" : 3.7984768E7,
      "p999" : 3.7984768E7,
      "values" : [ 20888384, 28127680, 30959168, 32130944, 32419072, 32553024, 32603264, 32640320, 32647872, 32900928, 33252864, 33461760, 33469568, 33775040, 33778944, 33818752, 35611328, 37241536, 37248576, 37263488, 37984768 ],
      "stddev" : 3636063.665711898
    },
    "vm.memory.pools.Code-Cache.used.window.1h" : {
      "count" : 21,
      "max" : 37984768,
      "mean" : 3.308463238095238E7,
      "min" : 20888384,
      "p50" : 3.3252864E7,
      "p75" : 3.471504E7,
      "p95" : 3.791264E7,
      "p98" : 3.7984768E7,
      "p99" : 3.7984768E7,
      "p999" : 3.7984768E7,
      "values" : [ 20888384, 28127680, 30959168, 32130944, 32419072, 32553024, 32603264, 32640320, 32647872, 32900928, 33252864, 33461760, 33469568, 33775040, 33778944, 33818752, 35611328, 37241536, 37248576, 37263488, 37984768 ],
      "stddev" : 3636063.665711898
    },
    "vm.memory.pools.Code-Cache.used.window.5m" : {
      "count" : 21,
      "max" : 37984768,
      "mean" : 3.36944448E7,
      "min" : 28127680,
      "p50" : 3.3357312E7,
      "p75" : 3.5163184E7,
      "p95" : 3.7948704E7,
      "p98" : 3.7984768E7,
      "p99" : 3.7984768E7,
      "p999" : 3.7984768E7,
      "values" : [ 28127680, 30959168, 32130944, 32419072, 32553024, 32603264, 32640320, 32647872, 32900928, 33252864, 33461760, 33469568, 33775040, 33778944, 33818752, 35611328, 37241536, 37248576, 37263488, 37984768 ],
      "stddev" : 2386731.759274123
    },
    "vm.memory.pools.Compressed-Class-Space.committed.history" : {
      "count" : 21,
      "max" : 12279808,
      "mean" : 1.2086697755306166E7,
      "min" : 10313728,
      "p50" : 1.2279808E7,
      "p75" : 1.2279808E7,
      "p95" : 1.2279808E7,
      "p98" : 1.2279808E7,
      "p99" : 1.2279808E7,
      "p999" : 1.2279808E7,
      "values" : [ 10313728, 10969088, 11493376, 11624448, 11624448, 11624448, 11624448, 11624448, 11624448, 11624448, 11755520, 11755520, 11755520, 11755520, 11755520, 11755520, 12148736, 12279808, 12279808, 12279808, 12279808 ],
      "stddev" : 274818.7021439274
    },
    "vm.memory.pools.Compressed-Class-Space.committed.window.15m" : {
      "count" : 21,
      "max" : 12279808,
      "mean" : 1.1711829333333334E7,
      "min" : 10313728,
      "p50" : 1.175552E7,
      "p75" : 1.1952128E7,
      "p95" : 1.2279808E7,
      "p98" : 1.2279808E7,
      "p99" : 1.2279808E7,
      "p999" : 1.2279808E7,
      "values" : [ 10313728, 10969088, 11493376, 11624448, 11624448, 11624448, 11624448, 11624448, 11624448, 11624448, 11755520, 11755520, 11755520, 11755520, 11755520, 11755520, 12148736, 12279808, 12279808, 12279808, 12279808 ],
      "stddev" : 452783.7293849388
    },
    "vm.memory.pools.Compressed-Class-Space.committed.window.1h" : {
      "count" : 21,
      "max" : 12279808,
      "mean" : 1.1711829333333334E7,
      "min" : 10313728,
      "p50" : 1.175552E7,
      "p75" : 1.1952128E7,
      "p95" : 1.2279808E7,
      "p98" : 1.2279808E7,
      "p99" : 1.2279808E7,
      "p999" : 1.2279808E7,
      "values" : [ 10313728, 10969088, 11493376, 11624448, 11624448, 11624448, 11624448, 11624448, 11624448, 11624448, 11755520, 11755520, 11755520, 11755520, 11755520, 11755520, 12148736, 12279808, 12279808, 12279808, 12279808 ],
      "stddev" : 452783.7293849388
    },
    "vm.memory.pools.Compressed-Class-Space.committed.window.5m" : {
      "count" : 21,
      "max" : 12279808,
      "mean" : 1.17817344E7,
      "min" : 10969088,
      "p50" : 1.175552E7,
      "p75" : 1.2050432E7,
      "p95" : 1.2279808E7,
      "p98" : 1.2279808E7,
      "p99" : 1.2279808E7,
      "p999" : 1.2279808E7,
      "values" : [ 10969088, 11493376, 11624448, 11624448, 11624448, 11624448, 11624448, 11624448, 11624448, 11755520, 11755520, 11755520, 11755520, 11755520, 11755520, 12148736, 12279808, 12279808, 12279808, 12279808 ],
      "stddev" : 328300.2802901155
    },
    "vm.memory.pools.Compressed-Class-Space.usage.x100.history" : {
      "count" : 21,
      "max" : 1,
      "mean" : 1.0,
      "min" : 1,
      "p50" : 1.0,
      "p75" : 1.0,
      "p95" : 1.0,
      "p98" : 1.0,
      "p99" : 1.0,
      "p999" : 1.0,
      "values" : [ 1, 1, 1, 1, 1, 1, 1, 1, 1, 1, 1, 1, 1, 1, 1, 1, 1, 1, 1, 1, 1 ],
      "stddev" : 0.0
    },
    "vm.memory.pools.Compressed-Class-Space.usage.x100.window.15m" : {
      "count" : 21,
      "max" : 1,
      "mean" : 1.0,
      "min" : 1,
      "p50" : 1.0,
      "p75" : 1.0,
      "p95" : 1.0,
      "p98" : 1.0,
      "p99" : 1.0,
      "p999" : 1.0,
      "values" : [ 1, 1, 1, 1, 1, 1, 1, 1, 1, 1, 1, 1, 1, 1, 1, 1, 1, 1, 1, 1, 1 ],
      "stddev" : 0.0
    },
    "vm.memory.pools.Compressed-Class-Space.usage.x100.window.1h" : {
      "count" : 21,
      "max" : 1,
      "mean" : 1.0,
      "min" : 1,
      "p50" : 1.0,
      "p75" : 1.0,
      "p95" : 1.0,
      "p98" : 1.0,
      "p99" : 1.0,
      "p999" : 1.0,
      "values" : [ 1, 1, 1, 1, 1, 1, 1, 1, 1, 1, 1, 1, 1, 1, 1, 1, 1, 1, 1, 1, 1 ],
      "stddev" : 0.0
    },
    "vm.memory.pools.Compressed-Class-Space.usage.x100.window.5m" : {
      "count" : 21,
      "max" : 1,
      "mean" : 1.0,
      "min" : 1,
      "p50" : 1.0,
      "p75" : 1.0,
      "p95" : 1.0,
      "p98" : 1.0,
      "p99" : 1.0,
      "p999" : 1.0,
      "values" : [ 1, 1, 1, 1, 1, 1, 1, 1, 1, 1, 1, 1, 1, 1, 1, 1, 1, 1, 1, 1 ],
      "stddev" : 0.0
    },
    "vm.memory.pools.Compressed-Class-Space.used.history" : {
      "count" : 21,
      "max" : 10216792,
      "mean" : 1.005090591631722E7,
      "min" : 8576168,
      "p50" : 1.0196064E7,
      "p75" : 1.0196064E7,
      "p95" : 1.0216792E7,
      "p98" : 1.0216792E7,
      "p99" : 1.0216792E7,
      "p999" : 1.0216792E7,
      "values" : [ 8576168, 9173160, 9595832, 9683776, 9686536, 9705776, 9706328, 9711744, 9715608, 9715608, 9784056, 9784056, 9784056, 9784608, 9784608, 9784608, 10099680, 10196064, 10196064, 10196064, 10216792 ],
      "stddev" : 217003.759533683
    },
    "vm.memory.pools.Compressed-Class-Space.used.window.15m" : {
      "count" : 21,
      "max" : 10216792,
      "mean" : 9756247.238095239,
      "min" : 8576168,
      "p50" : 9784056.0,
      "p75" : 9942144.0,
      "p95" : 1.02147192E7,
      "p98" : 1.0216792E7,
      "p99" : 1.0216792E7,
      "p999" : 1.0216792E7,
      "values" : [ 8576168, 9173160, 9595832, 9683776, 9686536, 9705776, 9706328, 9711744, 9715608, 9715608, 9784056, 9784056, 9784056, 9784608, 9784608, 9784608, 10099680, 10196064, 10196064, 10196064, 10216792 ],
      "stddev" : 367004.2440378455
    },
    "vm.memory.pools.Compressed-Class-Space.used.window.1h" : {
      "count" : 21,
      "max" : 10216792,
      "mean" : 9756247.238095239,
      "min" : 8576168,
      "p50" : 9784056.0,
      "p75" : 9942144.0,
      "p95" : 1.02147192E7,
      "p98" : 1.0216792E7,
      "p99" : 1.0216792E7,
      "p999" : 1.0216792E7,
      "values" : [ 8576168, 9173160, 9595832, 9683776, 9686536, 9705776, 9706328, 9711744, 9715608, 9715608, 9784056, 9784056, 9784056, 9784608, 9784608, 9784608, 10099680, 10196064, 10196064, 10196064, 10216792 ],
      "stddev" : 367004.2440378455
    },
    "vm.memory.pools.Compressed-Class-Space.used.window.5m" : {
      "count" : 21,
      "max" : 10216792,
      "mean" : 9815251.2,
      "min" : 9173160,
      "p50" : 9784056.0,
      "p75" : 1.0020912E7,
      "p95" : 1.02157556E7,
      "p98" : 1.0216792E7,
      "p99" : 1.0216792E7,
      "p999" : 1.0216792E7,
      "values" : [ 9173160, 9595832, 9683776, 9686536, 9705776, 9706328, 9711744, 9715608, 9715608, 9784056, 9784056, 9784056, 9784608, 9784608, 9784608, 10099680, 10196064, 10196064, 10196064, 10216792 ],
      "stddev" : 254602.4707618981
    },
    "vm.memory.pools.Metaspace.committed.history" : {
      "count" : 21,
      "max" : 97214464,
      "mean" : 9.555208545770875E7,
      "min" : 81092608,
      "p50" : 9.695232E7,
      "p75" : 9.695232E7,
      "p95" : 9.7214464E7,
      "p98" : 9.7214464E7,
      "p99" : 9.7214464E7,
      "p999" : 9.7214464E7,
      "values" : [ 81092608, 86990848, 90660864, 91578368, 91840512, 91840512, 91840512, 91840512, 92102656, 92102656, 93020160, 93020160, 93020160, 93020160, 93020160, 93020160, 96034816, 96952320, 96952320, 96952320, 97214464 ],
      "stddev" : 2134214.5667278757
    },
    "vm.memory.pools.Metaspace.committed.window.15m" : {
      "count" : 21,
      "max" : 97214464,
      "mean" : 9.25770118095238E7,
      "min" : 81092608,
      "p50" : 9.302016E7,
      "p75" : 9.4527488E7,
      "p95" : 9.71882496E7,
      "p98" : 9.7214464E7,
      "p99" : 9.7214464E7,
      "p999" : 9.7214464E7,
      "values" : [ 81092608, 86990848, 90660864, 91578368, 91840512, 91840512, 91840512, 91840512, 92102656, 92102656, 93020160, 93020160, 93020160, 93020160, 93020160, 93020160, 96034816, 96952320, 96952320, 96952320, 97214464 ],
      "stddev" : 3622540.844731493
    },
    "vm.memory.pools.Metaspace.committed.window.1h" : {
      "count" : 21,
      "max" : 97214464,
      "mean" : 9.25770118095238E7,
      "min" : 81092608,
      "p50" : 9.302016E7,
      "p75" : 9.4527488E7,
      "p95" : 9.71882496E7,
      "p98" : 9.7214464E7,
      "p99" : 9.7214464E7,
      "p999" : 9.7214464E7,
      "values" : [ 81092608, 86990848, 90660864, 91578368, 91840512, 91840512, 91840512, 91840512, 92102656, 92102656, 93020160, 93020160, 93020160, 93020160, 93020160, 93020160, 96034816, 96952320, 96952320, 96952320, 97214464 ],
      "stddev" : 3622540.844731493
    },
    "vm.memory.pools.Metaspace.committed.window.5m" : {
      "count" : 21,
      "max" : 97214464,
      "mean" : 9.3151232E7,
      "min" : 86990848,
      "p50" : 9.302016E7,
      "p75" : 9.5281152E7,
      "p95" : 9.72013568E7,
      "p98" : 9.7214464E7,
      "p99" : 9.7214464E7,
      "p999" : 9.7214464E7,
      "values" : [ 86990848, 90660864, 91578368, 91840512, 91840512, 91840512, 91840512, 92102656, 92102656, 93020160, 93020160, 93020160, 93020160, 93020160, 93020160, 96034816, 96952320, 96952320, 96952320, 97214464 ],
      "stddev" : 2554355.7848026864
    },
    "vm.memory.pools.Metaspace.usage.x100.history" : {
      "count" : 21,
      "max" : 92,
      "mean" : 91.00636988351556,
      "min" : 91,
      "p50" : 91.0,
      "p75" : 91.0,
      "p95" : 91.0,
      "p98" : 91.0,
      "p99" : 91.0,
      "p999" : 92.0,
      "values" : [ 91, 91, 91, 91, 91, 91, 91, 91, 91, 91, 91, 91, 91, 91, 91, 91, 91, 91, 91, 92, 92 ],
      "stddev" : 0.07955694878233777
    },
    "vm.memory.pools.Metaspace.usage.x100.window.15m" : {
      "count" : 21,
      "max" : 92,
      "mean" : 91.0952380952381,
      "min" : 91,
      "p50" : 91.0,
      "p75" : 91.0,
      "p95" : 92.0,
      "p98" : 92.0,
      "p99" : 92.0,
      "p999" : 92.0,
      "values" : [ 91, 91, 91, 91, 91, 91, 91, 91, 91, 91, 91, 91, 91, 91, 91, 91, 91, 91, 91, 92, 92 ],
      "stddev" : 0.30079260375911915
    },
    "vm.memory.pools.Metaspace.usage.x100.window.1h" : {
      "count" : 21,
      "max" : 92,
      "mean" : 91.0952380952381,
      "min" : 91,
      "p50" : 91.0,
      "p75" : 91.0,
      "p95" : 92.0,
      "p98" : 92.0,
      "p99" : 92.0,
      "p999" : 92.0,
      "values" : [ 91, 91, 91, 91, 91, 91, 91, 91, 91, 91, 91, 91, 91, 91, 91, 91, 91, 91, 91, 92, 92 ],
      "stddev" : 0.30079260375911915
    },
    "vm.memory.pools.Metaspace.usage.x100.window.5m" : {
      "count" : 21,
      "max" : 92,
      "mean" : 91.1,
      "min" : 91,
      "p50" : 91.0,
      "p75" : 91.0,
      "p95" : 92.0,
      "p98" : 92.0,
      "p99" : 92.0,
      "p999" : 92.0,
      "values" : [ 91, 91, 91, 91, 91, 91, 91, 91, 91, 91, 91, 91, 91, 91, 91, 91, 91, 91, 92, 92 ],
      "stddev" : 0.30779350562554625
    },
    "vm.memory.pools.Metaspace.used.history" : {
      "count" : 21,
      "max" : 88591576,
      "mean" : 8.703051772995822E7,
      "min" : 74029208,
      "p50" : 8.839772E7,
      "p75" : 8.8402856E7,
      "p95" : 8.8591576E7,
      "p98" : 8.8591576E7,
      "p99" : 8.8591576E7,
      "p999" : 8.8591576E7,
      "values" : [ 74029208, 79660192, 83082680, 83728688, 83785416, 83908480, 83941120, 84007720, 84055736, 84075704, 84467816, 84481816, 84507064, 84547096, 84550000, 84583272, 87218016, 88397720, 88398936, 88402856, 88591576 ],
      "stddev" : 1991628.3774169018
    },
    "vm.memory.pools.Metaspace.used.window.15m" : {
      "count" : 21,
      "max" : 88591576,
      "mean" : 8.440100533333333E7,
      "min" : 74029208,
      "p50" : 8.4467816E7,
      "p75" : 8.5900644E7,
      "p95" : 8.8572704E7,
      "p98" : 8.8591576E7,
      "p99" : 8.8591576E7,
      "p999" : 8.8591576E7,
      "values" : [ 74029208, 79660192, 83082680, 83728688, 83785416, 83908480, 83941120, 84007720, 84055736, 84075704, 84467816, 84481816, 84507064, 84547096, 84550000, 84583272, 87218016, 88397720, 88398936, 88402856, 88591576 ],
      "stddev" : 3217294.1896189307
    },
    "vm.memory.pools.Metaspace.used.window.1h" : {
      "count" : 21,
      "max" : 88591576,
      "mean" : 8.440100533333333E7,
      "min" : 74029208,
      "p50" : 8.4467816E7,
      "p75" : 8.5900644E7,
      "p95" : 8.8572704E7,
      "p98" : 8.8591576E7,
      "p99" : 8.8591576E7,
      "p999" : 8.8591576E7,
      "values" : [ 74029208, 79660192, 83082680, 83728688, 83785416, 83908480, 83941120, 84007720, 84055736, 84075704, 84467816, 84481816, 84507064, 84547096, 84550000, 84583272, 87218016, 88397720, 88398936, 88402856, 88591576 ],
      "stddev" : 3217294.1896189307
    },
    "vm.memory.pools.Metaspace.used.window.5m" : {
      "count" : 21,
      "max" : 88591576,
      "mean" : 8.49196172E7,
      "min" : 79660632,
      "p50" : 8.4474816E7,
      "p75" : 8.655933E7,
      "p95" : 8.858214E7,
      "p98" : 8.8591576E7,
      "p99" : 8.8591576E7,
      "p999" : 8.8591576E7,
      "values" : [ 79660632, 83082680, 83728688, 83785416, 83908480, 83941120, 84007720, 84055736, 84075704, 84467816, 84481816, 84507064, 84547096, 84550000, 84583272, 87218016, 88397720, 88398936, 88402856, 88591576 ],
      "stddev" : 2225002.9099956276
    },
    "vm.memory.pools.PS-Eden-Space.committed.history" : {
      "count" : 21,
      "max" : 508035072,
      "mean" : 4.965481602069895E8,
      "min" : 484966400,
      "p50" : 4.96500736E8,
      "p75" : 4.96500736E8,
      "p95" : 4.96500736E8,
      "p98" : 4.96500736E8,
      "p99" : 4.96500736E8,
      "p999" : 5.08035072E8,
      "values" : [ 484966400, 496500736, 496500736, 496500736, 496500736, 496500736, 496500736, 496500736, 496500736, 496500736, 496500736, 496500736, 496500736, 496500736, 496500736, 496500736, 496500736, 496500736, 496500736, 508035072, 508035072 ],
      "stddev" : 1070352.4498642723
    },
    "vm.memory.pools.PS-Eden-Space.committed.window.15m" : {
      "count" : 21,
      "max" : 508035072,
      "mean" : 4.970499900952381E8,
      "min" : 484966400,
      "p50" : 4.96500736E8,
      "p75" : 4.96500736E8,
      "p95" : 5.08035072E8,
      "p98" : 5.08035072E8,
      "p99" : 5.08035072E8,
      "p999" : 5.08035072E8,
      "values" : [ 484966400, 496500736, 496500736, 496500736, 496500736, 496500736, 496500736, 496500736, 496500736, 496500736, 496500736, 496500736, 496500736, 496500736, 496500736, 496500736, 496500736, 496500736, 496500736, 508035072, 508035072 ],
      "stddev" : 4431633.105294457
    },
    "vm.memory.pools.PS-Eden-Space.committed.window.1h" : {
      "count" : 21,
      "max" : 508035072,
      "mean" : 4.970499900952381E8,
      "min" : 484966400,
      "p50" : 4.96500736E8,
      "p75" : 4.96500736E8,
      "p95" : 5.08035072E8,
      "p98" : 5.08035072E8,
      "p99" : 5.08035072E8,
      "p999" : 5.08035072E8,
      "values" : [ 484966400, 496500736, 496500736, 496500736, 496500736, 496500736, 496500736, 496500736, 496500736, 496500736, 496500736, 496500736, 496500736, 496500736, 496500736, 496500736, 496500736, 496500736, 496500736, 508035072, 508035072 ],
      "stddev" : 4431633.105294457
    },
    "vm.memory.pools.PS-Eden-Space.committed.window.5m" : {
      "count" : 21,
      "max" : 508035072,
      "mean" : 4.976541696E8,
      "min" : 496500736,
      "p50" : 4.96500736E8,
      "p75" : 4.96500736E8,
      "p95" : 5.08035072E8,
      "p98" : 5.08035072E8,
      "p99" : 5.08035072E8,
      "p999" : 5.08035072E8,
      "values" : [ 496500736, 496500736, 496500736, 496500736, 496500736, 496500736, 496500736, 496500736, 496500736, 496500736, 496500736, 496500736, 496500736, 496500736, 496500736, 496500736, 496500736, 496500736, 508035072, 508035072 ],
      "stddev" : 3550193.7125029406
    },
    "vm.memory.pools.PS-Eden-Space.usage.x100.history" : {
      "count" : 21,
      "max" : 92,
      "mean" : 67.88511936574812,
      "min" : 7,
      "p50" : 72.0,
      "p75" : 86.0,
      "p95" : 92.0,
      "p98" : 92.0,
      "p99" : 92.0,
      "p999" : 92.0,
      "values" : [ 7, 21, 24, 59, 60, 60, 72, 77, 80, 81, 81, 83, 84, 85, 86, 88, 88, 89, 90, 91, 92 ],
      "stddev" : 19.090020772863674
    },
    "vm.memory.pools.PS-Eden-Space.usage.x100.window.15m" : {
      "count" : 21,
      "max" : 92,
      "mean" : 71.33333333333333,
      "min" : 7,
      "p50" : 81.0,
      "p75" : 88.0,
      "p95" : 91.9,
      "p98" : 92.0,
      "p99" : 92.0,
      "p999" : 92.0,
      "values" : [ 7, 21, 24, 59, 60, 60, 72, 77, 80, 81, 81, 83, 84, 85, 86, 88, 88, 89, 90, 91, 92 ],
      "stddev" : 24.844181075924666
    },
    "vm.memory.pools.PS-Eden-Space.usage.x100.window.1h" : {
      "count" : 21,
      "max" : 92,
      "mean" : 71.33333333333333,
      "min" : 7,
      "p50" : 81.0,
      "p75" : 88.0,
      "p95" : 91.9,
      "p98" : 92.0,
      "p99" : 92.0,
      "p999" : 92.0,
      "values" : [ 7, 21, 24, 59, 60, 60, 72, 77, 80, 81, 81, 83, 84, 85, 86, 88, 88, 89, 90, 91, 92 ],
      "stddev" : 24.844181075924666
    },
    "vm.memory.pools.PS-Eden-Space.usage.x100.window.5m" : {
      "count" : 21,
      "max" : 92,
      "mean" : 74.55,
      "min" : 21,
      "p50" : 82.0,
      "p75" : 88.0,
      "p95" : 91.95,
      "p98" : 92.0,
      "p99" : 92.0,
      "p999" : 92.0,
      "values" : [ 21, 24, 59, 60, 60, 72, 77, 80, 81, 81, 83, 84, 85, 86, 88, 88, 89, 90, 91, 92 ],
      "stddev" : 20.51822040092787
    },
    "vm.memory.pools.PS-Eden-Space.used.history" : {
      "count" : 21,
      "max" : 462460560,
      "mean" : 3.388198235408017E8,
      "min" : 34443624,
      "p50" : 3.57885936E8,
      "p75" : 4.30243368E8,
      "p95" : 4.6246056E8,
      "p98" : 4.6246056E8,
      "p99" : 4.6246056E8,
      "p999" : 4.6246056E8,
      "values" : [ 34443624, 102052944, 119708272, 295251552, 298216888, 298246704, 357885936, 390889368, 400164200, 404408640, 407169880, 415460520, 419520400, 426431256, 430243368, 439676704, 441424856, 446662136, 452783256, 457595424, 462460560 ],
      "stddev" : 9.68116196684017E7
    },
    "vm.memory.pools.PS-Eden-Space.used.window.15m" : {
      "count" : 21,
      "max" : 462460560,
      "mean" : 3.572284841904762E8,
      "min" : 35545304,
      "p50" : 4.0716988E8,
      "p75" : 4.4055078E8,
      "p95" : 4.619740464E8,
      "p98" : 4.6246056E8,
      "p99" : 4.6246056E8,
      "p999" : 4.6246056E8,
      "values" : [ 35545304, 102052944, 119708272, 295251552, 298216888, 298246704, 357885936, 390889368, 400164200, 404408640, 407169880, 415460520, 419520400, 426431256, 430243368, 439676704, 441424856, 446662136, 452783256, 457595424, 462460560 ],
      "stddev" : 1.2511284917809276E8
    },
    "vm.memory.pools.PS-Eden-Space.used.window.1h" : {
      "count" : 21,
      "max" : 462460560,
      "mean" : 3.572284841904762E8,
      "min" : 35545304,
      "p50" : 4.0716988E8,
      "p75" : 4.4055078E8,
      "p95" : 4.619740464E8,
      "p98" : 4.6246056E8,
      "p99" : 4.6246056E8,
      "p999" : 4.6246056E8,
      "values" : [ 35545304, 102052944, 119708272, 295251552, 298216888, 298246704, 357885936, 390889368, 400164200, 404408640, 407169880, 415460520, 419520400, 426431256, 430243368, 439676704, 441424856, 446662136, 452783256, 457595424, 462460560 ],
      "stddev" : 1.2511284917809276E8
    },
    "vm.memory.pools.PS-Eden-Space.used.window.5m" : {
      "count" : 21,
      "max" : 462460560,
      "mean" : 3.733126432E8,
      "min" : 102052944,
      "p50" : 4.113152E8,
      "p75" : 4.40987818E8,
      "p95" : 4.622173032E8,
      "p98" : 4.6246056E8,
      "p99" : 4.6246056E8,
      "p999" : 4.6246056E8,
      "values" : [ 102052944, 119708272, 295251552, 298216888, 298246704, 357885936, 390889368, 400164200, 404408640, 407169880, 415460520, 419520400, 426431256, 430243368, 439676704, 441424856, 446662136, 452783256, 457595424, 462460560 ],
      "stddev" : 1.037229175181019E8
    },
    "vm.memory.pools.PS-Old-Gen.committed.history" : {
      "count" : 21,
      "max" : 141033472,
      "mean" : 1.4095532749072075E8,
      "min" : 106430464,
      "p50" : 1.41033472E8,
      "p75" : 1.41033472E8,
      "p95" : 1.41033472E8,
      "p98" : 1.41033472E8,
      "p99" : 1.41033472E8,
      "p999" : 1.41033472E8,
      "values" : [ 106430464, 141033472, 141033472, 141033472, 141033472, 141033472, 141033472, 141033472, 141033472, 141033472, 141033472, 141033472, 141033472, 141033472, 141033472, 141033472, 141033472, 141033472, 141033472, 141033472, 141033472 ],
      "stddev" : 1642537.2188829752
    },
    "vm.memory.pools.PS-Old-Gen.committed.window.15m" : {
      "count" : 21,
      "max" : 141033472,
      "mean" : 1.393857097142857E8,
      "min" : 106430464,
      "p50" : 1.41033472E8,
      "p75" : 1.41033472E8,
      "p95" : 1.41033472E8,
      "p98" : 1.41033472E8,
      "p99" : 1.41033472E8,
      "p999" : 1.41033472E8,
      "values" : [ 106430464, 141033472, 141033472, 141033472, 141033472, 141033472, 141033472, 141033472, 141033472, 141033472, 141033472, 141033472, 141033472, 141033472, 141033472, 141033472, 141033472, 141033472, 141033472, 141033472, 141033472 ],
      "stddev" : 7550995.401579166
    },
    "vm.memory.pools.PS-Old-Gen.committed.window.1h" : {
      "count" : 21,
      "max" : 141033472,
      "mean" : 1.393857097142857E8,
      "min" : 106430464,
      "p50" : 1.41033472E8,
      "p75" : 1.41033472E8,
      "p95" : 1.41033472E8,
      "p98" : 1.41033472E8,
      "p99" : 1.41033472E8,
      "p999" : 1.41033472E8,
      "values" : [ 106430464, 141033472, 141033472, 141033472, 141033472, 141033472, 141033472, 141033472, 141033472, 141033472, 141033472, 141033472, 141033472, 141033472, 141033472, 141033472, 141033472, 141033472, 141033472, 141033472, 141033472 ],
      "stddev" : 7550995.401579166
    },
    "vm.memory.pools.PS-Old-Gen.committed.window.5m" : {
      "count" : 21,
      "max" : 141033472,
      "mean" : 1.41033472E8,
      "min" : 141033472,
      "p50" : 1.41033472E8,
      "p75" : 1.41033472E8,
      "p95" : 1.41033472E8,
      "p98" : 1.41033472E8,
      "p99" : 1.41033472E8,
      "p999" : 1.41033472E8,
      "values" : [ 141033472, 141033472, 141033472, 141033472, 141033472, 141033472, 141033472, 141033472, 141033472, 141033472, 141033472, 141033472, 141033472, 141033472, 141033472, 141033472, 141033472, 141033472, 141033472, 141033472 ],
      "stddev" : 0.0
    },
    "vm.memory.pools.PS-Old-Gen.usage.x100.history" : {
      "count" : 21,
      "max" : 9,
      "mean" : 8.670505451317455,
      "min" : 6,
      "p50" : 9.0,
      "p75" : 9.0,
      "p95" : 9.0,
      "p98" : 9.0,
      "p99" : 9.0,
      "p999" : 9.0,
      "values" : [ 6, 7, 7, 8, 8, 8, 8, 8, 8, 8, 8, 8, 8, 8, 8, 8, 9, 9, 9, 9, 9 ],
      "stddev" : 0.4972097656887794
    },
    "vm.memory.pools.PS-Old-Gen.usage.x100.window.15m" : {
      "count" : 21,
      "max" : 9,
      "mean" : 8.047619047619047,
      "min" : 6,
      "p50" : 8.0,
      "p75" : 8.5,
      "p95" : 9.0,
      "p98" : 9.0,
      "p99" : 9.0,
      "p999" : 9.0,
      "values" : [ 6, 7, 7, 8, 8, 8, 8, 8, 8, 8, 8, 8, 8, 8, 8, 8, 9, 9, 9, 9, 9 ],
      "stddev" : 0.740012869900955
    },
    "vm.memory.pools.PS-Old-Gen.usage.x100.window.1h" : {
      "count" : 21,
      "max" : 9,
      "mean" : 8.047619047619047,
      "min" : 6,
      "p50" : 8.0,
      "p75" : 8.5,
      "p95" : 9.0,
      "p98" : 9.0,
      "p99" : 9.0,
      "p999" : 9.0,
      "values" : [ 6, 7, 7, 8, 8, 8, 8, 8, 8, 8, 8, 8, 8, 8, 8, 8, 9, 9, 9, 9, 9 ],
      "stddev" : 0.740012869900955
    },
    "vm.memory.pools.PS-Old-Gen.usage.x100.window.5m" : {
      "count" : 21,
      "max" : 9,
      "mean" : 8.15,
      "min" : 7,
      "p50" : 8.0,
      "p75" : 8.75,
      "p95" : 9.0,
      "p98" : 9.0,
      "p99" : 9.0,
      "p999" : 9.0,
      "values" : [ 7, 7, 8, 8, 8, 8, 8, 8, 8, 8, 8, 8, 8, 8, 8, 9, 9, 9, 9, 9 ],
      "stddev" : 0.5871429486123997
    },
    "vm.memory.pools.PS-Old-Gen.used.history" : {
      "count" : 21,
      "max" : 88931280,
      "mean" : 8.704135593607242E7,
      "min" : 61726352,
      "p50" : 8.893128E7,
      "p75" : 8.893128E7,
      "p95" : 8.893128E7,
      "p98" : 8.893128E7,
      "p99" : 8.893128E7,
      "p999" : 8.893128E7,
      "values" : [ 61726352, 75369776, 75369776, 83311232, 83311232, 83311232, 83311232, 83311232, 83311232, 83311232, 83311232, 83311232, 83311232, 83311232, 83311232, 83311232, 88931280, 88931280, 88931280, 88931280, 88931280 ],
      "stddev" : 3010281.0890380708
    },
    "vm.memory.pools.PS-Old-Gen.used.window.15m" : {
      "count" : 21,
      "max" : 88931280,
      "mean" : 8.286515809523809E7,
      "min" : 61726352,
      "p50" : 8.3311232E7,
      "p75" : 8.6121256E7,
      "p95" : 8.893128E7,
      "p98" : 8.893128E7,
      "p99" : 8.893128E7,
      "p999" : 8.893128E7,
      "values" : [ 61726352, 75369776, 75369776, 83311232, 83311232, 83311232, 83311232, 83311232, 83311232, 83311232, 83311232, 83311232, 83311232, 83311232, 83311232, 83311232, 88931280, 88931280, 88931280, 88931280, 88931280 ],
      "stddev" : 6106498.868120309
    },
    "vm.memory.pools.PS-Old-Gen.used.window.1h" : {
      "count" : 21,
      "max" : 88931280,
      "mean" : 8.286515809523809E7,
      "min" : 61726352,
      "p50" : 8.3311232E7,
      "p75" : 8.6121256E7,
      "p95" : 8.893128E7,
      "p98" : 8.893128E7,
      "p99" : 8.893128E7,
      "p999" : 8.893128E7,
      "values" : [ 61726352, 75369776, 75369776, 83311232, 83311232, 83311232, 83311232, 83311232, 83311232, 83311232, 83311232, 83311232, 83311232, 83311232, 83311232, 83311232, 88931280, 88931280, 88931280, 88931280, 88931280 ],
      "stddev" : 6106498.868120309
    },
    "vm.memory.pools.PS-Old-Gen.used.window.5m" : {
      "count" : 21,
      "max" : 88931280,
      "mean" : 8.39220984E7,
      "min" : 75369776,
      "p50" : 8.3311232E7,
      "p75" : 8.7526268E7,
      "p95" : 8.893128E7,
      "p98" : 8.893128E7,
      "p99" : 8.893128E7,
      "p999" : 8.893128E7,
      "values" : [ 75369776, 75369776, 83311232, 83311232, 83311232, 83311232, 83311232, 83311232, 83311232, 83311232, 83311232, 83311232, 83311232, 83311232, 83311232, 88931280, 88931280, 88931280, 88931280, 88931280 ],
      "stddev" : 3815446.3713369165
    },
    "vm.memory.pools.PS-Survivor-Space.committed.history" : {
      "count" : 21,
      "max" : 16252928,
      "mean" : 1.0402833141733488E7,
      "min" : 5767168,
      "p50" : 1.2058624E7,
      "p75" : 1.2058624E7,
      "p95" : 1.2058624E7,
      "p98" : 1.2058624E7,
      "p99" : 1.2058624E7,
      "p999" : 1.6252928E7,
      "values" : [ 5767168, 5767168, 6815744, 6815744, 6815744, 6815744, 6815744, 6815744, 6815744, 6815744, 6815744, 6815744, 6815744, 6815744, 6815744, 12058624, 12058624, 12058624, 12058624, 12058624, 16252928 ],
      "stddev" : 2463915.900358631
    },
    "vm.memory.pools.PS-Survivor-Space.committed.window.15m" : {
      "count" : 21,
      "max" : 16252928,
      "mean" : 8413574.095238095,
      "min" : 5767168,
      "p50" : 6815744.0,
      "p75" : 1.2058624E7,
      "p95" : 1.5833497599999994E7,
      "p98" : 1.6252928E7,
      "p99" : 1.6252928E7,
      "p999" : 1.6252928E7,
      "values" : [ 5767168, 5767168, 6815744, 6815744, 6815744, 6815744, 6815744, 6815744, 6815744, 6815744, 6815744, 6815744, 6815744, 6815744, 6815744, 12058624, 12058624, 12058624, 12058624, 12058624, 16252928 ],
      "stddev" : 2958750.8960639774
    },
    "vm.memory.pools.PS-Survivor-Space.committed.window.1h" : {
      "count" : 21,
      "max" : 16252928,
      "mean" : 8413574.095238095,
      "min" : 5767168,
      "p50" : 6815744.0,
      "p75" : 1.2058624E7,
      "p95" : 1.5833497599999994E7,
      "p98" : 1.6252928E7,
      "p99" : 1.6252928E7,
      "p999" : 1.6252928E7,
      "values" : [ 5767168, 5767168, 6815744, 6815744, 6815744, 6815744, 6815744, 6815744, 6815744, 6815744, 6815744, 6815744, 6815744, 6815744, 6815744, 12058624, 12058624, 12058624, 12058624, 12058624, 16252928 ],
      "stddev" : 2958750.8960639774
    },
    "vm.memory.pools.PS-Survivor-Space.committed.window.5m" : {
      "count" : 21,
      "max" : 12058624,
      "mean" : 8021606.4,
      "min" : 5767168,
      "p50" : 6815744.0,
      "p75" : 1.0747904E7,
      "p95" : 1.2058624E7,
      "p98" : 1.2058624E7,
      "p99" : 1.2058624E7,
      "p999" : 1.2058624E7,
      "values" : [ 5767168, 5767168, 6815744, 6815744, 6815744, 6815744, 6815744, 6815744, 6815744, 6815744, 6815744, 6815744, 6815744, 6815744, 6815744, 12058624, 12058624, 12058624, 12058624, 12058624 ],
      "stddev" : 2412204.649746094
    },
    "vm.memory.pools.PS-Survivor-Space.usage.x100.history" : {
      "count" : 21,
      "max" : 100,
      "mean" : 57.53689983056789,
      "min" : 4,
      "p50" : 38.0,
      "p75" : 100.0,
      "p95" : 100.0,
      "p98" : 100.0,
      "p99" : 100.0,
      "p999" : 100.0,
      "values" : [ 4, 38, 38, 38, 38, 38, 100, 100, 100, 100, 100, 100, 100, 100, 100, 100, 100, 100, 100, 100, 100 ],
      "stddev" : 28.930407468516247
    },
    "vm.memory.pools.PS-Survivor-Space.usage.x100.window.15m" : {
      "count" : 21,
      "max" : 100,
      "mean" : 80.66666666666667,
      "min" : 4,
      "p50" : 100.0,
      "p75" : 100.0,
      "p95" : 100.0,
      "p98" : 100.0,
      "p99" : 100.0,
      "p999" : 100.0,
      "values" : [ 4, 38, 38, 38, 38, 38, 100, 100, 100, 100, 100, 100, 100, 100, 100, 100, 100, 100, 100, 100, 100 ],
      "stddev" : 32.08322510804257
    },
    "vm.memory.pools.PS-Survivor-Space.usage.x100.window.1h" : {
      "count" : 21,
      "max" : 100,
      "mean" : 80.66666666666667,
      "min" : 4,
      "p50" : 100.0,
      "p75" : 100.0,
      "p95" : 100.0,
      "p98" : 100.0,
      "p99" : 100.0,
      "p999" : 100.0,
      "values" : [ 4, 38, 38, 38, 38, 38, 100, 100, 100, 100, 100, 100, 100, 100, 100, 100, 100, 100, 100, 100, 100 ],
      "stddev" : 32.08322510804257
    },
    "vm.memory.pools.PS-Survivor-Space.usage.x100.window.5m" : {
      "count" : 21,
      "max" : 100,
      "mean" : 84.5,
      "min" : 38,
      "p50" : 100.0,
      "p75" : 100.0,
      "p95" : 100.0,
      "p98" : 100.0,
      "p99" : 100.0,
      "p999" : 100.0,
      "values" : [ 38, 38, 38, 38, 38, 100, 100, 100, 100, 100, 100, 100, 100, 100, 100, 100, 100, 100, 100, 100 ],
      "stddev" : 27.544222815797795
    },
    "vm.memory.pools.PS-Survivor-Space.used.history" : {
      "count" : 21,
      "max" : 6792240,
      "mean" : 5272661.118017141,
      "min" : 721888,
      "p50" : 4592032.0,
      "p75" : 6792240.0,
      "p95" : 6792240.0,
      "p98" : 6792240.0,
      "p99" : 6792240.0,
      "p999" : 6792240.0,
      "values" : [ 721888, 4592032, 4592032, 4592032, 4592032, 4592032, 5745744, 5745744, 6792240, 6792240, 6792240, 6792240, 6792240, 6792240, 6792240, 6792240, 6792240, 6792240, 6792240, 6792240, 6792240 ],
      "stddev" : 1039054.2996012183
    },
    "vm.memory.pools.PS-Survivor-Space.used.window.15m" : {
      "count" : 21,
      "max" : 6792240,
      "mean" : 5879650.285714285,
      "min" : 721888,
      "p50" : 6792240.0,
      "p75" : 6792240.0,
      "p95" : 6792240.0,
      "p98" : 6792240.0,
      "p99" : 6792240.0,
      "p999" : 6792240.0,
      "values" : [ 721888, 4592032, 4592032, 4592032, 4592032, 4592032, 5745744, 5745744, 6792240, 6792240, 6792240, 6792240, 6792240, 6792240, 6792240, 6792240, 6792240, 6792240, 6792240, 6792240, 6792240 ],
      "stddev" : 1512528.3081191299
    },
    "vm.memory.pools.PS-Survivor-Space.used.window.1h" : {
      "count" : 21,
      "max" : 6792240,
      "mean" : 5879650.285714285,
      "min" : 721888,
      "p50" : 6792240.0,
      "p75" : 6792240.0,
      "p95" : 6792240.0,
      "p98" : 6792240.0,
      "p99" : 6792240.0,
      "p999" : 6792240.0,
      "values" : [ 721888, 4592032, 4592032, 4592032, 4592032, 4592032, 5745744, 5745744, 6792240, 6792240, 6792240, 6792240, 6792240, 6792240, 6792240, 6792240, 6792240, 6792240, 6792240, 6792240, 6792240 ],
      "stddev" : 1512528.3081191299
    },
    "vm.memory.pools.PS-Survivor-Space.used.window.5m" : {
      "count" : 21,
      "max" : 6792240,
      "mean" : 6137538.4,
      "min" : 4592032,
      "p50" : 6792240.0,
      "p75" : 6792240.0,
      "p95" : 6792240.0,
      "p98" : 6792240.0,
      "p99" : 6792240.0,
      "p999" : 6792240.0,
      "values" : [ 4592032, 4592032, 4592032, 4592032, 4592032, 5745744, 5745744, 6792240, 6792240, 6792240, 6792240, 6792240, 6792240, 6792240, 6792240, 6792240, 6792240, 6792240, 6792240, 6792240 ],
      "stddev" : 968509.4427032213
    },
    "vm.memory.total.committed.history" : {
      "count" : 21,
      "max" : 797360128,
      "mean" : 7.918438302302681E8,
      "min" : 720617472,
      "p50" : 7.96377088E8,
      "p75" : 7.96377088E8,
      "p95" : 7.97360128E8,
      "p98" : 7.97360128E8,
      "p99" : 7.97360128E8,
      "p999" : 7.97360128E8,
      "values" : [ 720617472, 780124160, 780451840, 780648448, 780976128, 780976128, 781172736, 781369344, 781369344, 782614528, 782876672, 782942208, 783138816, 783204352, 783204352, 788381696, 793624576, 796377088, 796377088, 796377088, 797360128 ],
      "stddev" : 7279105.488478551
    },
    "vm.memory.total.committed.window.15m" : {
      "count" : 21,
      "max" : 797360128,
      "mean" : 7.825801996190476E8,
      "min" : 720617472,
      "p50" : 7.82876672E8,
      "p75" : 7.91003136E8,
      "p95" : 7.97261824E8,
      "p98" : 7.97360128E8,
      "p99" : 7.97360128E8,
      "p999" : 7.97360128E8,
      "values" : [ 720617472, 780124160, 780451840, 780648448, 780976128, 780976128, 781172736, 781369344, 781369344, 782614528, 782876672, 782942208, 783138816, 783204352, 783204352, 788381696, 793624576, 796377088, 796377088, 796377088, 797360128 ],
      "stddev" : 1.550836596884424E7
    },
    "vm.memory.total.committed.window.1h" : {
      "count" : 21,
      "max" : 797360128,
      "mean" : 7.825801996190476E8,
      "min" : 720617472,
      "p50" : 7.82876672E8,
      "p75" : 7.91003136E8,
      "p95" : 7.97261824E8,
      "p98" : 7.97360128E8,
      "p99" : 7.97360128E8,
      "p999" : 7.97360128E8,
      "values" : [ 720617472, 780124160, 780451840, 780648448, 780976128, 780976128, 781172736, 781369344, 781369344, 782614528, 782876672, 782942208, 783138816, 783204352, 783204352, 788381696, 793624576, 796377088, 796377088, 796377088, 797360128 ],
      "stddev" : 1.550836596884424E7
    },
    "vm.memory.total.committed.window.5m" : {
      "count" : 21,
      "max" : 797360128,
      "mean" : 7.85678336E8,
      "min" : 780124160,
      "p50" : 7.8290944E8,
      "p75" : 7.92313856E8,
      "p95" : 7.97310976E8,
      "p98" : 7.97360128E8,
      "p99" : 7.97360128E8,
      "p999" : 7.97360128E8,
      "values" : [ 780124160, 780451840, 780648448, 780976128, 780976128, 781172736, 781369344, 781369344, 782614528, 782876672, 782942208, 783138816, 783204352, 783204352, 788381696, 793624576, 796377088, 796377088, 796377088, 797360128 ],
      "stddev" : 6402465.420610802
    },
    "vm.memory.total.used.history" : {
      "count" : 21,
      "max" : 680710856,
      "mean" : 5.642201946767862E8,
      "min" : 202589672,
      "p50" : 5.88202384E8,
      "p75" : 6.46786024E8,
      "p95" : 6.80710856E8,
      "p98" : 6.80710856E8,
      "p99" : 6.80710856E8,
      "p999" : 6.80710856E8,
      "values" : [ 202589672, 317788136, 328505280, 524610184, 527583776, 527632424, 588202384, 595662600, 615815952, 620403136, 623490872, 631764464, 635983656, 643207000, 646786024, 657355120, 659263768, 664520280, 670993472, 675852256, 680710856 ],
      "stddev" : 9.425134529073606E7
    },
    "vm.memory.total.used.window.15m" : {
      "count" : 21,
      "max" : 680710856,
      "mean" : 5.733248986666666E8,
      "min" : 203690048,
      "p50" : 6.23490872E8,
      "p75" : 6.58309444E8,
      "p95" : 6.80224996E8,
      "p98" : 6.80710856E8,
      "p99" : 6.80710856E8,
      "p999" : 6.80710856E8,
      "values" : [ 203690048, 317788136, 328505280, 524610184, 527583776, 527632424, 588202384, 595662600, 615817136, 620403136, 623490872, 631764464, 635983656, 643207000, 646786024, 657355120, 659263768, 664520280, 670993472, 675852256, 680710856 ],
      "stddev" : 1.3184174893523261E8
    },
    "vm.memory.total.used.window.1h" : {
      "count" : 21,
      "max" : 680710856,
      "mean" : 5.733248986666666E8,
      "min" : 203690048,
      "p50" : 6.23490872E8,
      "p75" : 6.58309444E8,
      "p95" : 6.80224996E8,
      "p98" : 6.80710856E8,
      "p99" : 6.80710856E8,
      "p999" : 6.80710856E8,
      "values" : [ 203690048, 317788136, 328505280, 524610184, 527583776, 527632424, 588202384, 595662600, 615817136, 620403136, 623490872, 631764464, 635983656, 643207000, 646786024, 657355120, 659263768, 664520280, 670993472, 675852256, 680710856 ],
      "stddev" : 1.3184174893523261E8
    },
    "vm.memory.total.used.window.5m" : {
      "count" : 21,
      "max" : 680710856,
      "mean" : 5.918066412E8,
      "min" : 317788136,
      "p50" : 6.27627668E8,
      "p75" : 6.58786606E8,
      "p95" : 6.80467926E8,
      "p98" : 6.80710856E8,
      "p99" : 6.80710856E8,
      "p999" : 6.80710856E8,
      "values" : [ 317788136, 328505280, 524610184, 527583776, 527632424, 588202384, 595662600, 615817136, 620403136, 623490872, 631764464, 635983656, 643207000, 646786024, 657355120, 659263768, 664520280, 670993472, 675852256, 680710856 ],
      "stddev" : 1.0366533102584963E8
    }
  },
  "meters" : {
    "http.responseCodes.badRequest" : {
      "count" : 0,
      "m15_rate" : 0.0,
      "m1_rate" : 0.0,
      "m5_rate" : 0.0,
      "mean_rate" : 0.0,
      "units" : "events/minute"
    },
    "http.responseCodes.created" : {
      "count" : 0,
      "m15_rate" : 0.0,
      "m1_rate" : 0.0,
      "m5_rate" : 0.0,
      "mean_rate" : 0.0,
      "units" : "events/minute"
    },
    "http.responseCodes.forbidden" : {
      "count" : 0,
      "m15_rate" : 0.0,
      "m1_rate" : 0.0,
      "m5_rate" : 0.0,
      "mean_rate" : 0.0,
      "units" : "events/minute"
    },
    "http.responseCodes.noContent" : {
      "count" : 0,
      "m15_rate" : 0.0,
      "m1_rate" : 0.0,
      "m5_rate" : 0.0,
      "mean_rate" : 0.0,
      "units" : "events/minute"
    },
    "http.responseCodes.notFound" : {
      "count" : 2,
      "m15_rate" : 0.09850189303964803,
      "m1_rate" : 0.02131743170630369,
      "m5_rate" : 0.1612801294980421,
      "mean_rate" : 0.37231331999900774,
      "units" : "events/minute"
    },
    "http.responseCodes.notModified" : {
      "count" : 3,
      "m15_rate" : 0.18762208690309626,
      "m1_rate" : 1.1509276742425816,
      "m5_rate" : 0.4953549432103495,
      "mean_rate" : 0.5584696849103546,
      "units" : "events/minute"
    },
    "http.responseCodes.ok" : {
      "count" : 148,
      "m15_rate" : 7.9013836496348935,
      "m1_rate" : 19.701729741722097,
      "m5_rate" : 15.877543930880783,
      "mean_rate" : 27.551184134522682,
      "units" : "events/minute"
    },
    "http.responseCodes.other" : {
      "count" : 0,
      "m15_rate" : 0.0,
      "m1_rate" : 0.0,
      "m5_rate" : 0.0,
      "mean_rate" : 0.0,
      "units" : "events/minute"
    },
    "http.responseCodes.serverError" : {
      "count" : 0,
      "m15_rate" : 0.0,
      "m1_rate" : 0.0,
      "m5_rate" : 0.0,
      "mean_rate" : 0.0,
      "units" : "events/minute"
    },
    "http.responseCodes.serviceUnavailable" : {
      "count" : 10,
      "m15_rate" : 0.4739878728764331,
      "m1_rate" : 0.05999628045161762,
      "m5_rate" : 0.7188072606607868,
      "mean_rate" : 1.8615660098209104,
      "units" : "events/minute"
    },
    "jenkins.job.scheduled" : {
      "count" : 4,
      "m15_rate" : 0.24981629757776774,
      "m1_rate" : 1.5038958670189821,
      "m5_rate" : 0.6577440919292853,
      "mean_rate" : 0.786321799341305,
      "units" : "events/minute"
    },
    "jenkins.runs.aborted" : {
      "count" : 0,
      "m15_rate" : 0.0,
      "m1_rate" : 0.0,
      "m5_rate" : 0.0,
      "mean_rate" : 0.0,
      "units" : "events/minute"
    },
    "jenkins.runs.failure" : {
      "count" : 0,
      "m15_rate" : 0.0,
      "m1_rate" : 0.0,
      "m5_rate" : 0.0,
      "mean_rate" : 0.0,
      "units" : "events/minute"
    },
    "jenkins.runs.not_built" : {
      "count" : 0,
      "m15_rate" : 0.0,
      "m1_rate" : 0.0,
      "m5_rate" : 0.0,
      "mean_rate" : 0.0,
      "units" : "events/minute"
    },
    "jenkins.runs.success" : {
      "count" : 0,
      "m15_rate" : 0.0,
      "m1_rate" : 0.0,
      "m5_rate" : 0.0,
      "mean_rate" : 0.0,
      "units" : "events/minute"
    },
    "jenkins.runs.total" : {
      "count" : 0,
      "m15_rate" : 0.0,
      "m1_rate" : 0.0,
      "m5_rate" : 0.0,
      "mean_rate" : 0.0,
      "units" : "events/minute"
    },
    "jenkins.runs.unstable" : {
      "count" : 0,
      "m15_rate" : 0.0,
      "m1_rate" : 0.0,
      "m5_rate" : 0.0,
      "mean_rate" : 0.0,
      "units" : "events/minute"
    }
  },
  "timers" : {
    "http.requests" : {
      "count" : 163,
      "max" : 5.896471219,
      "mean" : 0.05807917181000121,
      "min" : 0.001244866,
      "p50" : 0.021757253,
      "p75" : 0.053687494,
      "p95" : 0.156963599,
      "p98" : 0.364204397,
      "p99" : 0.797558529,
      "p999" : 1.6193371170000002,
      "values" : [ 0.001244866, 0.0035471150000000004, 0.004699689, 0.004803969, 0.004917439, 0.00497797, 0.005127098, 0.005143377, 0.005171347000000001, 0.005537625, 0.005633115, 0.00568106, 0.005721713000000001, 0.005741688, 0.005853261, 0.006079801, 0.006109067, 0.006179685000000001, 0.006986857000000001, 0.007281817, 0.007336254, 0.00840842, 0.008654534, 0.009065764, 0.009725201000000001, 0.009757267, 0.00988512, 0.010157806, 0.010298942, 0.010474142, 0.010837124, 0.010863392000000001, 0.010973365, 0.011185521, 0.011607534000000001, 0.011617423, 0.012009974000000001, 0.012134031, 0.012205146, 0.012226425, 0.012437881000000001, 0.012685996000000001, 0.012916031000000001, 0.012977460000000001, 0.013079140000000001, 0.013127784, 0.013436329, 0.013470593000000001, 0.014038838000000001, 0.014163092, 0.014549847000000001, 0.014684191000000001, 0.015078441000000001, 0.015505944, 0.015690533, 0.015701720000000002, 0.015910081, 0.01618237, 0.01634308, 0.016521777, 0.017110898, 0.017255829, 0.017581060000000003, 0.018125433, 0.018949285, 0.019333838000000002, 0.019490558, 0.020162683, 0.020243091, 0.02060917, 0.020697168000000002, 0.021757253, 0.022138414000000002, 0.02273253, 0.023707402000000002, 0.024212420000000002, 0.024782670000000003, 0.024982734000000003, 0.025894289, 0.026301215000000003, 0.026491403, 0.026832503, 0.027653359000000002, 0.027722778, 0.02773557, 0.028072076, 0.028426768, 0.029311655000000002, 0.029765134000000002, 0.030513365, 0.031122064, 0.031438508000000004, 0.031860621, 0.032526355, 0.035285679, 0.035617484000000005, 0.036060387, 0.036516553, 0.037043654, 0.037332313, 0.037739953, 0.03854222, 0.039453967, 0.039914341000000006, 0.041297248, 0.042892122000000005, 0.043408018, 0.044250558, 0.046019921000000005, 0.04610691, 0.046404168, 0.049474632000000004, 0.049671007, 0.050175736000000005, 0.050254435, 0.052171422, 0.052433837000000004, 0.053266866, 0.053687494, 0.053960368, 0.05422967, 0.055157489000000004, 0.05625903300000001, 0.057984334000000005, 0.058006508000000005, 0.058290881, 0.06102293600000001, 0.064671434, 0.0660907, 0.070646869, 0.07110722400000001, 0.07639173, 0.08191050300000001, 0.08692521, 0.08754179000000001, 0.093110209, 0.093164047, 0.100457928, 0.10207766300000001, 0.11319295100000001, 0.11997887700000001, 0.12002849400000001, 0.123857013, 0.12699849600000002, 0.12911413100000002, 0.140999378, 0.14821024400000002, 0.156963599, 0.15955997500000002, 0.17762681100000002, 0.213783839, 0.24708958900000003, 0.257247793, 0.364204397, 0.392327056, 0.707569393, 0.797558529, 1.2273894250000001, 1.491862298, 1.51299906, 1.6193371170000002, 2.08255215, 5.896471219 ],
      "stddev" : 0.1873225709137396,
      "m15_rate" : 8.661495502454072,
      "m1_rate" : 20.933971128122604,
      "m5_rate" : 17.25298626424997,
      "mean_rate" : 30.34429932117235,
      "duration_units" : "seconds",
      "rate_units" : "calls/minute"
    },
    "jenkins.health-check.duration" : {
      "count" : 5,
      "max" : 0.003333262,
      "mean" : 0.0015023269074183783,
      "min" : 0.001116315,
      "p50" : 0.001470607,
      "p75" : 0.001549716,
      "p95" : 0.001549716,
      "p98" : 0.001549716,
      "p99" : 0.003333262,
      "p999" : 0.003333262,
      "values" : [ 0.001116315, 0.001431952, 0.001470607, 0.001549716, 0.003333262 ],
      "stddev" : 2.5023982905237436E-4,
      "m15_rate" : 0.28106457535746915,
      "m1_rate" : 0.841308998148512,
      "m5_rate" : 0.615494245443041,
      "mean_rate" : 0.9873216667306557,
      "duration_units" : "seconds",
      "rate_units" : "calls/minute"
    },
    "jenkins.job.blocked.duration" : {
      "count" : 0,
      "max" : 0.0,
      "mean" : 0.0,
      "min" : 0.0,
      "p50" : 0.0,
      "p75" : 0.0,
      "p95" : 0.0,
      "p98" : 0.0,
      "p99" : 0.0,
      "p999" : 0.0,
      "values" : [ ],
      "stddev" : 0.0,
      "m15_rate" : 0.0,
      "m1_rate" : 0.0,
      "m5_rate" : 0.0,
      "mean_rate" : 0.0,
      "duration_units" : "seconds",
      "rate_units" : "calls/minute"
    },
    "jenkins.job.buildable.duration" : {
      "count" : 0,
      "max" : 0.0,
      "mean" : 0.0,
      "min" : 0.0,
      "p50" : 0.0,
      "p75" : 0.0,
      "p95" : 0.0,
      "p98" : 0.0,
      "p99" : 0.0,
      "p999" : 0.0,
      "values" : [ ],
      "stddev" : 0.0,
      "m15_rate" : 0.0,
      "m1_rate" : 0.0,
      "m5_rate" : 0.0,
      "mean_rate" : 0.0,
      "duration_units" : "seconds",
      "rate_units" : "calls/minute"
    },
    "jenkins.job.building.duration" : {
      "count" : 0,
      "max" : 0.0,
      "mean" : 0.0,
      "min" : 0.0,
      "p50" : 0.0,
      "p75" : 0.0,
      "p95" : 0.0,
      "p98" : 0.0,
      "p99" : 0.0,
      "p999" : 0.0,
      "values" : [ ],
      "stddev" : 0.0,
      "m15_rate" : 0.0,
      "m1_rate" : 0.0,
      "m5_rate" : 0.0,
      "mean_rate" : 0.0,
      "duration_units" : "seconds",
      "rate_units" : "calls/minute"
    },
    "jenkins.job.queuing.duration" : {
      "count" : 4,
      "max" : 0.14400000000000002,
      "mean" : 0.04310879021016531,
      "min" : 0.008,
      "p50" : 0.011000000000000001,
      "p75" : 0.021,
      "p95" : 0.14400000000000002,
      "p98" : 0.14400000000000002,
      "p99" : 0.14400000000000002,
      "p999" : 0.14400000000000002,
      "values" : [ 0.008, 0.011000000000000001, 0.021, 0.14400000000000002 ],
      "stddev" : 0.05507031369007428,
      "m15_rate" : 0.24981629757776774,
      "m1_rate" : 1.5038958670189821,
      "m5_rate" : 0.6577440919292853,
      "mean_rate" : 0.7863503559773773,
      "duration_units" : "seconds",
      "rate_units" : "calls/minute"
    },
    "jenkins.job.total.duration" : {
      "count" : 0,
      "max" : 0.0,
      "mean" : 0.0,
      "min" : 0.0,
      "p50" : 0.0,
      "p75" : 0.0,
      "p95" : 0.0,
      "p98" : 0.0,
      "p99" : 0.0,
      "p999" : 0.0,
      "values" : [ ],
      "stddev" : 0.0,
      "m15_rate" : 0.0,
      "m1_rate" : 0.0,
      "m5_rate" : 0.0,
      "mean_rate" : 0.0,
      "duration_units" : "seconds",
      "rate_units" : "calls/minute"
    },
    "jenkins.job.waiting.duration" : {
      "count" : 4,
      "max" : 0.06356632100000001,
      "mean" : 0.015302199605872228,
      "min" : 6.457570000000001E-4,
      "p50" : 7.830990000000001E-4,
      "p75" : 0.0016901540000000001,
      "p95" : 0.06356632100000001,
      "p98" : 0.06356632100000001,
      "p99" : 0.06356632100000001,
      "p999" : 0.06356632100000001,
      "values" : [ 6.457570000000001E-4, 7.830990000000001E-4, 0.0016901540000000001, 0.06356632100000001 ],
      "stddev" : 0.026244707833866093,
      "m15_rate" : 0.24981629757776774,
      "m1_rate" : 1.5038958670189821,
      "m5_rate" : 0.6577440919292853,
      "mean_rate" : 0.7863490676924053,
      "duration_units" : "seconds",
      "rate_units" : "calls/minute"
    },
    "jenkins.node.39c634d0d212-f096f61d.builds" : {
      "count" : 0,
      "max" : 0.0,
      "mean" : 0.0,
      "min" : 0.0,
      "p50" : 0.0,
      "p75" : 0.0,
      "p95" : 0.0,
      "p98" : 0.0,
      "p99" : 0.0,
      "p999" : 0.0,
      "values" : [ ],
      "stddev" : 0.0,
      "m15_rate" : 0.0,
      "m1_rate" : 0.0,
      "m5_rate" : 0.0,
      "mean_rate" : 0.0,
      "duration_units" : "seconds",
      "rate_units" : "calls/minute"
    },
    "jenkins.node.a6b76ba11522-22a9369a.builds" : {
      "count" : 0,
      "max" : 0.0,
      "mean" : 0.0,
      "min" : 0.0,
      "p50" : 0.0,
      "p75" : 0.0,
      "p95" : 0.0,
      "p98" : 0.0,
      "p99" : 0.0,
      "p999" : 0.0,
      "values" : [ ],
      "stddev" : 0.0,
      "m15_rate" : 0.0,
      "m1_rate" : 0.0,
      "m5_rate" : 0.0,
      "mean_rate" : 0.0,
      "duration_units" : "seconds",
      "rate_units" : "calls/minute"
    }
  }
}