<?xml version="1.0" encoding="UTF-8"?><InteractionHistory Id="https://issues.jenkins-ci.org-141746" Version="1"><InteractionEvent Delta="null" EndDate="2011-10-27 10:25:07.164 EDT" Interest="1.0" Kind="propagation" Navigation="org.eclipse.mylyn.core.model.edges.containment" OriginId="org.eclipse.mylyn.core.model.interest.propagation" StartDate="2011-10-27 10:25:07.164 EDT" StructureHandle="/jenkins-cloudformation-plugin/src/main/java/com/syncapse/jenkinsci" StructureKind="resource"/><InteractionEvent Delta="null" EndDate="2011-10-27 10:27:02.533 EDT" Interest="1.0" Kind="propagation" Navigation="org.eclipse.mylyn.core.model.edges.containment" OriginId="org.eclipse.mylyn.core.model.interest.propagation" StartDate="2011-10-27 10:27:02.533 EDT" StructureHandle="/jenkins-cloudformation-plugin/src/main/java/com" StructureKind="resource"/><InteractionEvent Delta="null" EndDate="2011-10-27 10:24:14.19 EDT" Interest="1.0" Kind="propagation" Navigation="null" OriginId="org.eclipse.mylyn.internal.context.ui.ContextPopulationStrategy" StartDate="2011-10-27 10:24:14.19 EDT" StructureHandle="/" StructureKind="resource"/><InteractionEvent Delta="null" EndDate="2011-10-27 10:25:05.779 EDT" Interest="1.0" Kind="selection" Navigation="null" OriginId="org.eclipse.jdt.ui.CompilationUnitEditor" StartDate="2011-10-27 10:25:05.779 EDT" StructureHandle="=jenkins-cloudformation-plugin/src\/main\/java&amp;lt;com.syncapse.jenkinsci.plugins.awscloudformationwrapper{CloudFormationBuildWrapper.java" StructureKind="java"/><InteractionEvent Delta="null" EndDate="2011-10-27 10:25:07.165 EDT" Interest="1.0" Kind="propagation" Navigation="org.eclipse.mylyn.core.model.edges.containment" OriginId="org.eclipse.mylyn.core.model.interest.propagation" StartDate="2011-10-27 10:25:07.165 EDT" StructureHandle="=jenkins-cloudformation-plugin/src\/main\/java&amp;lt;com.syncapse.jenkinsci.plugins.awscloudformationwrapper" StructureKind="java"/><InteractionEvent Delta="null" EndDate="2011-10-27 10:24:14.45 EDT" Interest="1.0" Kind="propagation" Navigation="null" OriginId="org.eclipse.mylyn.internal.context.ui.ContextPopulationStrategy" StartDate="2011-10-27 10:24:14.45 EDT" StructureHandle="/" StructureKind="resource"/><InteractionEvent Delta="null" EndDate="2011-10-27 10:25:08.628 EDT" Interest="1.0" Kind="propagation" Navigation="null" OriginId="org.eclipse.jdt.ui.CompilationUnitEditor" StartDate="2011-10-27 10:25:08.628 EDT" StructureHandle="/jenkins-cloudformation-plugin/src/main/java/com/syncapse/jenkinsci/plugins/awscloudformationwrapper/CloudFormationBuildWrapper.java" StructureKind="resource"/><InteractionEvent Delta="null" EndDate="2011-10-27 10:25:15.275 EDT" Interest="1.0000002" Kind="propagation" Navigation="org.eclipse.mylyn.core.model.edges.containment" OriginId="org.eclipse.mylyn.core.model.interest.propagation" StartDate="2011-10-27 10:25:15.275 EDT" StructureHandle="/jenkins-cloudformation-plugin/src/main/java" StructureKind="resource"/><InteractionEvent Delta="null" EndDate="2011-10-27 10:24:13.903 EDT" Interest="0.01699996" Kind="propagation" Navigation="org.eclipse.mylyn.core.model.edges.containment" OriginId="org.eclipse.mylyn.core.model.interest.propagation" StartDate="2011-10-27 10:24:13.903 EDT" StructureHandle="" StructureKind="java"/><InteractionEvent Delta="null" EndDate="2011-10-27 10:27:23.412 EDT" Interest="1.0" Kind="propagation" Navigation="null" OriginId="org.eclipse.jdt.ui.CompilationUnitEditor" StartDate="2011-10-27 10:27:23.412 EDT" StructureHandle="/jenkins-cloudformation-plugin" StructureKind="resource"/><InteractionEvent Delta="null" EndDate="2011-10-27 10:27:02.533 EDT" Interest="1.0" Kind="propagation" Navigation="org.eclipse.mylyn.core.model.edges.containment" OriginId="org.eclipse.mylyn.core.model.interest.propagation" StartDate="2011-10-27 10:27:02.533 EDT" StructureHandle="/jenkins-cloudformation-plugin/src/main/java/com/syncapse/jenkinsci/plugins" StructureKind="resource"/><InteractionEvent Delta="null" EndDate="2011-10-27 10:27:22.807 EDT" Interest="1.0" Kind="propagation" Navigation="org.eclipse.mylyn.core.model.edges.containment" OriginId="org.eclipse.mylyn.core.model.interest.propagation" StartDate="2011-10-27 10:27:22.807 EDT" StructureHandle="/jenkins-cloudformation-plugin/src/main/java/com" StructureKind="resource"/><InteractionEvent Delta="null" EndDate="2011-10-27 10:27:02.535 EDT" Interest="1.0" Kind="propagation" Navigation="null" OriginId="org.eclipse.jdt.ui.PackageExplorer" StartDate="2011-10-27 10:27:02.535 EDT" StructureHandle="/" StructureKind="resource"/><InteractionEvent Delta="null" EndDate="2011-10-27 10:25:15.275 EDT" Interest="1.0000002" Kind="propagation" Navigation="org.eclipse.mylyn.core.model.edges.containment" OriginId="org.eclipse.mylyn.core.model.interest.propagation" StartDate="2011-10-27 10:25:15.275 EDT" StructureHandle="/jenkins-cloudformation-plugin/src/main/java/com" StructureKind="resource"/><InteractionEvent Delta="null" EndDate="2011-10-27 10:27:02.532 EDT" Interest="1.0" Kind="propagation" Navigation="null" OriginId="org.eclipse.jdt.ui.PackageExplorer" StartDate="2011-10-27 10:27:02.532 EDT" StructureHandle="/jenkins-cloudformation-plugin/src/main/java/com/syncapse/jenkinsci/plugins/awscloudformationwrapper/CloudFormationBuildWrapper.java" StructureKind="resource"/><InteractionEvent Delta="null" EndDate="2011-10-27 10:27:23.410 EDT" Interest="0.9999995" Kind="propagation" Navigation="org.eclipse.mylyn.core.model.edges.containment" OriginId="org.eclipse.mylyn.core.model.interest.propagation" StartDate="2011-10-27 10:27:23.410 EDT" StructureHandle="/jenkins-cloudformation-plugin/src/main/java/com/syncapse/jenkinsci/plugins" StructureKind="resource"/><InteractionEvent Delta="null" EndDate="2011-10-27 10:25:15.274 EDT" Interest="0.70000005" Kind="propagation" Navigation="org.eclipse.mylyn.core.model.edges.containment" OriginId="org.eclipse.mylyn.core.model.interest.propagation" StartDate="2011-10-27 10:25:15.274 EDT" StructureHandle="=jenkins-cloudformation-plugin/src\/main\/java&amp;lt;com.syncapse.jenkinsci.plugins.awscloudformationwrapper{CloudFormationBuildWrapper.java[CloudFormationBuildWrapper" StructureKind="java"/><InteractionEvent Delta="null" EndDate="2011-10-27 10:27:17.355 EDT" Interest="1.0" Kind="propagation" Navigation="null" OriginId="org.eclipse.jdt.ui.PackageExplorer" StartDate="2011-10-27 10:27:17.355 EDT" StructureHandle="/" StructureKind="resource"/><InteractionEvent Delta="null" EndDate="2011-10-27 10:27:22.807 EDT" Interest="1.0" Kind="propagation" Navigation="org.eclipse.mylyn.core.model.edges.containment" OriginId="org.eclipse.mylyn.core.model.interest.propagation" StartDate="2011-10-27 10:27:22.807 EDT" StructureHandle="/jenkins-cloudformation-plugin/src/main/java/com/syncapse" StructureKind="resource"/><InteractionEvent Delta="null" EndDate="2011-10-27 10:27:22.809 EDT" Interest="4.7683716E-7" Kind="propagation" Navigation="org.eclipse.mylyn.core.model.edges.containment" OriginId="org.eclipse.mylyn.core.model.interest.propagation" StartDate="2011-10-27 10:27:22.809 EDT" StructureHandle="" StructureKind="java"/><InteractionEvent Delta="null" EndDate="2011-10-27 10:27:03.593 EDT" Interest="0.9999995" Kind="propagation" Navigation="org.eclipse.mylyn.core.model.edges.containment" OriginId="org.eclipse.mylyn.core.model.interest.propagation" StartDate="2011-10-27 10:27:03.593 EDT" StructureHandle="" StructureKind="java"/><InteractionEvent Delta="null" EndDate="2011-10-27 10:25:05.780 EDT" Interest="1.0" Kind="propagation" Navigation="org.eclipse.mylyn.core.model.edges.containment" OriginId="org.eclipse.mylyn.core.model.interest.propagation" StartDate="2011-10-27 10:25:05.780 EDT" StructureHandle="/jenkins-cloudformation-plugin/src" StructureKind="resource"/><InteractionEvent Delta="null" EndDate="2011-10-27 10:27:02.533 EDT" Interest="0.9999995" Kind="propagation" Navigation="org.eclipse.mylyn.core.model.edges.containment" OriginId="org.eclipse.mylyn.core.model.interest.propagation" StartDate="2011-10-27 10:27:02.533 EDT" StructureHandle="=jenkins-cloudformation-plugin" StructureKind="resource"/><InteractionEvent Delta="null" EndDate="2011-10-27 10:25:07.164 EDT" Interest="1.0" Kind="propagation" Navigation="org.eclipse.mylyn.core.model.edges.containment" OriginId="org.eclipse.mylyn.core.model.interest.propagation" StartDate="2011-10-27 10:25:07.164 EDT" StructureHandle="/jenkins-cloudformation-plugin/src/main/java" StructureKind="resource"/><InteractionEvent Delta="null" EndDate="2011-10-27 10:25:12.568 EDT" Interest="1.0" Kind="propagation" Navigation="org.eclipse.mylyn.core.model.edges.containment" OriginId="org.eclipse.mylyn.core.model.interest.propagation" StartDate="2011-10-27 10:25:12.568 EDT" StructureHandle="/jenkins-cloudformation-plugin/src/main/java" StructureKind="resource"/><InteractionEvent Delta="null" EndDate="2011-10-27 10:24:14.39 EDT" Interest="1.0" Kind="propagation" Navigation="null" OriginId="org.eclipse.mylyn.internal.context.ui.ContextPopulationStrategy" StartDate="2011-10-27 10:24:14.39 EDT" StructureHandle="/" StructureKind="resource"/><InteractionEvent Delta="null" EndDate="2011-10-27 10:27:02.533 EDT" Interest="1.0" Kind="propagation" Navigation="org.eclipse.mylyn.core.model.edges.containment" OriginId="org.eclipse.mylyn.core.model.interest.propagation" StartDate="2011-10-27 10:27:02.533 EDT" StructureHandle="/jenkins-cloudformation-plugin/src" StructureKind="resource"/><InteractionEvent Delta="null" EndDate="2011-10-27 10:24:14.34 EDT" Interest="1.0" Kind="propagation" Navigation="null" OriginId="org.eclipse.mylyn.internal.context.ui.ContextPopulationStrategy" StartDate="2011-10-27 10:24:14.34 EDT" StructureHandle="/" StructureKind="resource"/><InteractionEvent Delta="null" EndDate="2011-10-27 10:27:03.592 EDT" Interest="1.0" Kind="selection" Navigation="null" OriginId="org.eclipse.jdt.ui.PackageExplorer" StartDate="2011-10-27 10:27:03.592 EDT" StructureHandle="=jenkins-cloudformation-plugin" StructureKind="java"/><InteractionEvent Delta="null" EndDate="2011-10-27 10:25:08.635 EDT" Interest="1.0" Kind="propagation" Navigation="null" OriginId="org.eclipse.jdt.ui.CompilationUnitEditor" StartDate="2011-10-27 10:25:08.635 EDT" StructureHandle="/" StructureKind="resource"/><InteractionEvent Delta="null" EndDate="2011-10-27 10:25:05.780 EDT" Interest="1.0" Kind="propagation" Navigation="org.eclipse.mylyn.core.model.edges.containment" OriginId="org.eclipse.mylyn.core.model.interest.propagation" StartDate="2011-10-27 10:25:05.780 EDT" StructureHandle="/jenkins-cloudformation-plugin/src/main/java/com" StructureKind="resource"/><InteractionEvent Delta="null" EndDate="2011-10-27 10:27:22.807 EDT" Interest="1.0" Kind="propagation" Navigation="org.eclipse.mylyn.core.model.edges.containment" OriginId="org.eclipse.mylyn.core.model.interest.propagation" StartDate="2011-10-27 10:27:22.807 EDT" StructureHandle="/jenkins-cloudformation-plugin/src" StructureKind="resource"/><InteractionEvent Delta="null" EndDate="2011-10-27 10:27:22.807 EDT" Interest="1.0" Kind="propagation" Navigation="org.eclipse.mylyn.core.model.edges.containment" OriginId="org.eclipse.mylyn.core.model.interest.propagation" StartDate="2011-10-27 10:27:22.807 EDT" StructureHandle="/jenkins-cloudformation-plugin/src/main/java/com/syncapse/jenkinsci/plugins/awscloudformationwrapper" StructureKind="resource"/><InteractionEvent Delta="null" EndDate="2011-10-27 10:25:05.780 EDT" Interest="1.0" Kind="propagation" Navigation="org.eclipse.mylyn.core.model.edges.containment" OriginId="org.eclipse.mylyn.core.model.interest.propagation" StartDate="2011-10-27 10:25:05.780 EDT" StructureHandle="/jenkins-cloudformation-plugin/src/main/java/com/syncapse/jenkinsci/plugins/awscloudformationwrapper" StructureKind="resource"/><InteractionEvent Delta="null" EndDate="2011-10-27 10:27:02.532 EDT" Interest="1.0" Kind="propagation" Navigation="org.eclipse.mylyn.core.model.edges.containment" OriginId="org.eclipse.mylyn.core.model.interest.propagation" StartDate="2011-10-27 10:27:02.532 EDT" StructureHandle="/jenkins-cloudformation-plugin/src/main/java/com/syncapse/jenkinsci/plugins/awscloudformationwrapper" StructureKind="resource"/><InteractionEvent Delta="null" EndDate="2011-10-27 10:24:13.920 EDT" Interest="1.0" Kind="propagation" Navigation="org.eclipse.mylyn.core.model.edges.containment" OriginId="org.eclipse.mylyn.core.model.interest.propagation" StartDate="2011-10-27 10:24:13.920 EDT" StructureHandle="=jenkins-cloudformation-plugin" StructureKind="java"/><InteractionEvent Delta="null" EndDate="2011-10-27 10:24:14.62 EDT" Interest="1.0" Kind="propagation" Navigation="null" OriginId="org.eclipse.mylyn.internal.context.ui.ContextPopulationStrategy" StartDate="2011-10-27 10:24:14.62 EDT" StructureHandle="/" StructureKind="resource"/><InteractionEvent Delta="null" EndDate="2011-10-27 10:27:23.412 EDT" Interest="0.69999933" Kind="propagation" Navigation="org.eclipse.mylyn.core.model.edges.containment" OriginId="org.eclipse.mylyn.core.model.interest.propagation" StartDate="2011-10-27 10:27:23.412 EDT" StructureHandle="=jenkins-cloudformation-plugin/src\/main\/java" StructureKind="java"/><InteractionEvent Delta="null" EndDate="2011-10-27 10:24:47.495 EDT" Interest="1.0" Kind="propagation" Navigation="org.eclipse.mylyn.core.model.edges.containment" OriginId="org.eclipse.mylyn.core.model.interest.propagation" StartDate="2011-10-27 10:24:47.495 EDT" StructureHandle="" StructureKind="java"/><InteractionEvent Delta="null" EndDate="2011-10-27 10:24:14.56 EDT" Interest="1.0" Kind="propagation" Navigation="null" OriginId="org.eclipse.mylyn.internal.context.ui.ContextPopulationStrategy" StartDate="2011-10-27 10:24:14.56 EDT" StructureHandle="/" StructureKind="resource"/><InteractionEvent Delta="null" EndDate="2011-10-27 10:27:02.533 EDT" Interest="1.0" Kind="propagation" Navigation="org.eclipse.mylyn.core.model.edges.containment" OriginId="org.eclipse.mylyn.core.model.interest.propagation" StartDate="2011-10-27 10:27:02.533 EDT" StructureHandle="/jenkins-cloudformation-plugin/src/main/java/com/syncapse" StructureKind="resource"/><InteractionEvent Delta="null" EndDate="2011-10-27 10:26:37.555 EDT" Interest="1.0" Kind="propagation" Navigation="org.eclipse.mylyn.core.model.edges.containment" OriginId="org.eclipse.mylyn.core.model.interest.propagation" StartDate="2011-10-27 10:26:37.555 EDT" StructureHandle="/jenkins-cloudformation-plugin/src/main/java/com/syncapse/jenkinsci" StructureKind="resource"/><InteractionEvent Delta="null" EndDate="2011-10-27 10:24:13.892 EDT" Interest="1.0" Kind="propagation" Navigation="org.eclipse.mylyn.core.model.edges.containment" OriginId="org.eclipse.mylyn.core.model.interest.propagation" StartDate="2011-10-27 10:24:13.892 EDT" StructureHandle="" StructureKind="java"/><InteractionEvent Delta="null" EndDate="2011-10-27 10:24:13.920 EDT" Interest="1.0" Kind="propagation" Navigation="null" OriginId="org.eclipse.mylyn.internal.context.ui.ContextPopulationStrategy" StartDate="2011-10-27 10:24:13.920 EDT" StructureHandle="/" StructureKind="resource"/><InteractionEvent Delta="null" EndDate="2011-10-27 10:25:12.567 EDT" Interest="1.0" Kind="selection" Navigation="null" OriginId="org.eclipse.jdt.ui.CompilationUnitEditor" StartDate="2011-10-27 10:25:12.567 EDT" StructureHandle="=jenkins-cloudformation-plugin/src\/main\/java&amp;lt;com.syncapse.jenkinsci.plugins.awscloudformationwrapper{CloudFormationBuildWrapper.java[CloudFormationBuildWrapper^cloudFormations" StructureKind="java"/><InteractionEvent Delta="null" EndDate="2011-10-27 10:24:13.920 EDT" Interest="0.01700002" Kind="propagation" Navigation="org.eclipse.mylyn.core.model.edges.containment" OriginId="org.eclipse.mylyn.core.model.interest.propagation" StartDate="2011-10-27 10:24:13.920 EDT" StructureHandle="" StructureKind="java"/><InteractionEvent Delta="null" EndDate="2011-10-27 10:25:15.279 EDT" Interest="1.0" Kind="propagation" Navigation="null" OriginId="org.eclipse.jdt.ui.CompilationUnitEditor" StartDate="2011-10-27 10:25:15.279 EDT" StructureHandle="/" StructureKind="resource"/><InteractionEvent Delta="null" EndDate="2011-10-27 10:25:15.274 EDT" Interest="1.0000002" Kind="propagation" Navigation="org.eclipse.mylyn.core.model.edges.containment" OriginId="org.eclipse.mylyn.core.model.interest.propagation" StartDate="2011-10-27 10:25:15.274 EDT" StructureHandle="/jenkins-cloudformation-plugin/src/main/java/com/syncapse/jenkinsci" StructureKind="resource"/><InteractionEvent Delta="null" EndDate="2011-10-27 10:24:13.996 EDT" Interest="2.3841858E-7" Kind="propagation" Navigation="org.eclipse.mylyn.core.model.edges.containment" OriginId="org.eclipse.mylyn.core.model.interest.propagation" StartDate="2011-10-27 10:24:13.996 EDT" StructureHandle="=jenkins-cloudformation-plugin" StructureKind="java"/><InteractionEvent Delta="null" EndDate="2011-10-27 10:25:08.629 EDT" Interest="1.0000001" Kind="propagation" Navigation="org.eclipse.mylyn.core.model.edges.containment" OriginId="org.eclipse.mylyn.core.model.interest.propagation" StartDate="2011-10-27 10:25:08.629 EDT" StructureHandle="/jenkins-cloudformation-plugin/src/main/java/com/syncapse" StructureKind="resource"/><InteractionEvent Delta="null" EndDate="2011-10-27 10:27:02.533 EDT" Interest="1.0" Kind="propagation" Navigation="org.eclipse.mylyn.core.model.edges.containment" OriginId="org.eclipse.mylyn.core.model.interest.propagation" StartDate="2011-10-27 10:27:02.533 EDT" StructureHandle="/jenkins-cloudformation-plugin/src/main/java" StructureKind="resource"/><InteractionEvent Delta="null" EndDate="2011-10-27 10:25:07.164 EDT" Interest="1.0" Kind="propagation" Navigation="org.eclipse.mylyn.core.model.edges.containment" OriginId="org.eclipse.mylyn.core.model.interest.propagation" StartDate="2011-10-27 10:25:07.164 EDT" StructureHandle="/jenkins-cloudformation-plugin/src" StructureKind="resource"/><InteractionEvent Delta="null" EndDate="2011-10-27 10:25:15.275 EDT" Interest="1.0" Kind="propagation" Navigation="org.eclipse.mylyn.core.model.edges.containment" OriginId="org.eclipse.mylyn.core.model.interest.propagation" StartDate="2011-10-27 10:25:15.275 EDT" StructureHandle="=jenkins-cloudformation-plugin" StructureKind="resource"/><InteractionEvent Delta="null" EndDate="2011-10-27 10:25:07.166 EDT" Interest="1.0" Kind="propagation" Navigation="null" OriginId="org.eclipse.jdt.ui.CompilationUnitEditor" StartDate="2011-10-27 10:25:07.166 EDT" StructureHandle="/" StructureKind="resource"/><InteractionEvent Delta="null" EndDate="2011-10-27 10:25:07.164 EDT" Interest="1.0" Kind="propagation" Navigation="org.eclipse.mylyn.core.model.edges.containment" OriginId="org.eclipse.mylyn.core.model.interest.propagation" StartDate="2011-10-27 10:25:07.164 EDT" StructureHandle="/jenkins-cloudformation-plugin/src/main/java/com" StructureKind="resource"/><InteractionEvent Delta="null" EndDate="2011-10-27 10:25:12.571 EDT" Interest="0.11899972" Kind="propagation" Navigation="org.eclipse.mylyn.core.model.edges.containment" OriginId="org.eclipse.mylyn.core.model.interest.propagation" StartDate="2011-10-27 10:25:12.571 EDT" StructureHandle="" StructureKind="java"/><InteractionEvent Delta="null" EndDate="2011-10-27 10:24:14.51 EDT" Interest="1.0" Kind="propagation" Navigation="null" OriginId="org.eclipse.mylyn.internal.context.ui.ContextPopulationStrategy" StartDate="2011-10-27 10:24:14.51 EDT" StructureHandle="/" StructureKind="resource"/><InteractionEvent Delta="null" EndDate="2011-10-27 10:25:12.568 EDT" Interest="1.0" Kind="propagation" Navigation="org.eclipse.mylyn.core.model.edges.containment" OriginId="org.eclipse.mylyn.core.model.interest.propagation" StartDate="2011-10-27 10:25:12.568 EDT" StructureHandle="/jenkins-cloudformation-plugin/src/main" StructureKind="resource"/><InteractionEvent Delta="null" EndDate="2011-10-27 10:27:23.409 EDT" Interest="1.0" Kind="edit" Navigation="null" OriginId="org.eclipse.jdt.ui.CompilationUnitEditor" StartDate="2011-10-27 10:27:23.409 EDT" StructureHandle="=jenkins-cloudformation-plugin/src\/main\/java&amp;lt;com.syncapse.jenkinsci.plugins.awscloudformationwrapper{CloudFormationBuildWrapper.java[CloudFormationBuildWrapper" StructureKind="java"/><InteractionEvent Delta="null" EndDate="2011-10-27 10:27:22.807 EDT" Interest="1.0" Kind="propagation" Navigation="org.eclipse.mylyn.core.model.edges.containment" OriginId="org.eclipse.mylyn.core.model.interest.propagation" StartDate="2011-10-27 10:27:22.807 EDT" StructureHandle="/jenkins-cloudformation-plugin/src/main/java/com/syncapse/jenkinsci" StructureKind="resource"/><InteractionEvent Delta="null" EndDate="2011-10-27 10:25:07.164 EDT" Interest="1.0" Kind="propagation" Navigation="org.eclipse.mylyn.core.model.edges.containment" OriginId="org.eclipse.mylyn.core.model.interest.propagation" StartDate="2011-10-27 10:25:07.164 EDT" StructureHandle="/jenkins-cloudformation-plugin/src/main/java/com/syncapse/jenkinsci/plugins" StructureKind="resource"/><InteractionEvent Delta="null" EndDate="2011-10-27 10:25:12.568 EDT" Interest="1.0" Kind="propagation" Navigation="org.eclipse.mylyn.core.model.edges.containment" OriginId="org.eclipse.mylyn.core.model.interest.propagation" StartDate="2011-10-27 10:25:12.568 EDT" StructureHandle="/jenkins-cloudformation-plugin/src/main/java/com/syncapse/jenkinsci" StructureKind="resource"/><InteractionEvent Delta="null" EndDate="2011-10-27 10:25:05.780 EDT" Interest="1.0" Kind="propagation" Navigation="org.eclipse.mylyn.core.model.edges.containment" OriginId="org.eclipse.mylyn.core.model.interest.propagation" StartDate="2011-10-27 10:25:05.780 EDT" StructureHandle="/jenkins-cloudformation-plugin/src/main/java/com/syncapse/jenkinsci/plugins" StructureKind="resource"/><InteractionEvent Delta="null" EndDate="2011-10-27 10:24:13.950 EDT" Interest="0.01700002" Kind="propagation" Navigation="org.eclipse.mylyn.core.model.edges.containment" OriginId="org.eclipse.mylyn.core.model.interest.propagation" StartDate="2011-10-27 10:24:13.950 EDT" StructureHandle="" StructureKind="java"/><InteractionEvent Delta="null" EndDate="2011-10-27 10:24:13.892 EDT" Interest="1.0" Kind="propagation" Navigation="org.eclipse.mylyn.core.model.edges.containment" OriginId="org.eclipse.mylyn.core.model.interest.propagation" StartDate="2011-10-27 10:24:13.892 EDT" StructureHandle="/" StructureKind="resource"/><InteractionEvent Delta="null" EndDate="2011-10-27 10:27:23.412 EDT" Interest="0.99999905" Kind="propagation" Navigation="org.eclipse.mylyn.core.model.edges.containment" OriginId="org.eclipse.mylyn.core.model.interest.propagation" StartDate="2011-10-27 10:27:23.412 EDT" StructureHandle="" StructureKind="java"/><InteractionEvent Delta="null" EndDate="2011-10-27 10:27:02.533 EDT" Interest="0.99999976" Kind="propagation" Navigation="org.eclipse.mylyn.core.model.edges.containment" OriginId="org.eclipse.mylyn.core.model.interest.propagation" StartDate="2011-10-27 10:27:02.533 EDT" StructureHandle="=jenkins-cloudformation-plugin/src\/main\/java&amp;lt;com.syncapse.jenkinsci.plugins.awscloudformationwrapper{CloudFormationBuildWrapper.java" StructureKind="java"/><InteractionEvent Delta="null" EndDate="2011-10-27 10:27:02.535 EDT" Interest="0.99999976" Kind="propagation" Navigation="org.eclipse.mylyn.core.model.edges.containment" OriginId="org.eclipse.mylyn.core.model.interest.propagation" StartDate="2011-10-27 10:27:02.535 EDT" StructureHandle="=jenkins-cloudformation-plugin/src\/main\/java" StructureKind="java"/><InteractionEvent Delta="null" EndDate="2011-10-27 10:24:13.903 EDT" Interest="1.0" Kind="propagation" Navigation="org.eclipse.mylyn.core.model.edges.containment" OriginId="org.eclipse.mylyn.core.model.interest.propagation" StartDate="2011-10-27 10:24:13.903 EDT" StructureHandle="/" StructureKind="resource"/><InteractionEvent Delta="null" EndDate="2011-10-27 10:27:23.410 EDT" Interest="0.9999995" Kind="propagation" Navigation="org.eclipse.mylyn.core.model.edges.containment" OriginId="org.eclipse.mylyn.core.model.interest.propagation" StartDate="2011-10-27 10:27:23.410 EDT" StructureHandle="/jenkins-cloudformation-plugin/src/main/java/com/syncapse/jenkinsci/plugins/awscloudformationwrapper" StructureKind="resource"/><InteractionEvent Delta="null" EndDate="2011-10-27 10:27:22.807 EDT" Interest="1.0" Kind="propagation" Navigation="null" OriginId="org.eclipse.jdt.ui.CompilationUnitEditor" StartDate="2011-10-27 10:27:22.807 EDT" StructureHandle="/jenkins-cloudformation-plugin/src/main/java/com/syncapse/jenkinsci/plugins/awscloudformationwrapper/CloudFormationBuildWrapper.java" StructureKind="resource"/><InteractionEvent Delta="null" EndDate="2011-10-27 10:24:13.950 EDT" Interest="1.0" Kind="propagation" Navigation="null" OriginId="org.eclipse.mylyn.internal.context.ui.ContextPopulationStrategy" StartDate="2011-10-27 10:24:13.950 EDT" StructureHandle="/" StructureKind="resource"/><InteractionEvent Delta="null" EndDate="2011-10-27 10:25:07.164 EDT" Interest="1.0" Kind="propagation" Navigation="org.eclipse.mylyn.core.model.edges.containment" OriginId="org.eclipse.mylyn.core.model.interest.propagation" StartDate="2011-10-27 10:25:07.164 EDT" StructureHandle="/jenkins-cloudformation-plugin/src/main" StructureKind="resource"/><InteractionEvent Delta="null" EndDate="2011-10-27 10:25:08.630 EDT" Interest="1.0000001" Kind="propagation" Navigation="org.eclipse.mylyn.core.model.edges.containment" OriginId="org.eclipse.mylyn.core.model.interest.propagation" StartDate="2011-10-27 10:25:08.630 EDT" StructureHandle="/jenkins-cloudformation-plugin/src/main" StructureKind="resource"/><InteractionEvent Delta="null" EndDate="2011-10-27 10:27:23.411 EDT" Interest="0.69999933" Kind="propagation" Navigation="org.eclipse.mylyn.core.model.edges.containment" OriginId="org.eclipse.mylyn.core.model.interest.propagation" StartDate="2011-10-27 10:27:23.411 EDT" StructureHandle="=jenkins-cloudformation-plugin/src\/main\/java&amp;lt;com.syncapse.jenkinsci.plugins.awscloudformationwrapper" StructureKind="java"/><InteractionEvent Delta="null" EndDate="2011-10-27 10:25:12.571 EDT" Interest="1.0" Kind="propagation" Navigation="null" OriginId="org.eclipse.jdt.ui.CompilationUnitEditor" StartDate="2011-10-27 10:25:12.571 EDT" StructureHandle="/" StructureKind="resource"/><InteractionEvent Delta="null" EndDate="2011-10-27 10:26:37.556 EDT" Interest="1.0" Kind="propagation" Navigation="org.eclipse.mylyn.core.model.edges.containment" OriginId="org.eclipse.mylyn.core.model.interest.propagation" StartDate="2011-10-27 10:26:37.556 EDT" StructureHandle="/jenkins-cloudformation-plugin/src" StructureKind="resource"/><InteractionEvent Delta="null" EndDate="2011-10-27 10:25:07.165 EDT" Interest="1.0" Kind="propagation" Navigation="org.eclipse.mylyn.core.model.edges.containment" OriginId="org.eclipse.mylyn.core.model.interest.propagation" StartDate="2011-10-27 10:25:07.165 EDT" StructureHandle="=jenkins-cloudformation-plugin/src\/main\/java" StructureKind="java"/><InteractionEvent Delta="null" EndDate="2011-10-27 10:24:14.56 EDT" Interest="1.0000006" Kind="propagation" Navigation="org.eclipse.mylyn.core.model.edges.containment" OriginId="org.eclipse.mylyn.core.model.interest.propagation" StartDate="2011-10-27 10:24:14.56 EDT" StructureHandle="" StructureKind="java"/><InteractionEvent Delta="null" EndDate="2011-10-27 10:27:23.410 EDT" Interest="0.9999995" Kind="propagation" Navigation="org.eclipse.mylyn.core.model.edges.containment" OriginId="org.eclipse.mylyn.core.model.interest.propagation" StartDate="2011-10-27 10:27:23.410 EDT" StructureHandle="=jenkins-cloudformation-plugin" StructureKind="resource"/><InteractionEvent Delta="null" EndDate="2011-10-27 10:26:37.558 EDT" Interest="0.9999995" Kind="propagation" Navigation="org.eclipse.mylyn.core.model.edges.containment" OriginId="org.eclipse.mylyn.core.model.interest.propagation" StartDate="2011-10-27 10:26:37.558 EDT" StructureHandle="" StructureKind="java"/><InteractionEvent Delta="null" EndDate="2011-10-27 10:27:02.534 EDT" Interest="0.99999976" Kind="propagation" Navigation="org.eclipse.mylyn.core.model.edges.containment" OriginId="org.eclipse.mylyn.core.model.interest.propagation" StartDate="2011-10-27 10:27:02.534 EDT" StructureHandle="=jenkins-cloudformation-plugin/src\/main\/java&amp;lt;com.syncapse.jenkinsci.plugins.awscloudformationwrapper" StructureKind="java"/><InteractionEvent Delta="null" EndDate="2011-10-27 10:25:08.629 EDT" Interest="1.0000001" Kind="propagation" Navigation="org.eclipse.mylyn.core.model.edges.containment" OriginId="org.eclipse.mylyn.core.model.interest.propagation" StartDate="2011-10-27 10:25:08.629 EDT" StructureHandle="/jenkins-cloudformation-plugin/src/main/java/com" StructureKind="resource"/><InteractionEvent Delta="null" EndDate="2011-10-27 10:25:05.781 EDT" Interest="1.0" Kind="propagation" Navigation="org.eclipse.mylyn.core.model.edges.containment" OriginId="org.eclipse.mylyn.core.model.interest.propagation" StartDate="2011-10-27 10:25:05.781 EDT" StructureHandle="=jenkins-cloudformation-plugin/src\/main\/java" StructureKind="java"/><InteractionEvent Delta="null" EndDate="2011-10-27 10:25:15.275 EDT" Interest="1.0000002" Kind="propagation" Navigation="org.eclipse.mylyn.core.model.edges.containment" OriginId="org.eclipse.mylyn.core.model.interest.propagation" StartDate="2011-10-27 10:25:15.275 EDT" StructureHandle="/jenkins-cloudformation-plugin/src/main" StructureKind="resource"/><InteractionEvent Delta="null" EndDate="2011-10-27 10:25:08.635 EDT" Interest="1.0" Kind="propagation" Navigation="null" OriginId="org.eclipse.jdt.ui.CompilationUnitEditor" StartDate="2011-10-27 10:25:08.635 EDT" StructureHandle="/jenkins-cloudformation-plugin" StructureKind="resource"/><InteractionEvent Delta="null" EndDate="2011-10-27 10:25:08.628 EDT" Interest="1.0" Kind="selection" Navigation="null" OriginId="org.eclipse.jdt.ui.CompilationUnitEditor" StartDate="2011-10-27 10:25:08.628 EDT" StructureHandle="=jenkins-cloudformation-plugin/src\/main\/java&amp;lt;com.syncapse.jenkinsci.plugins.awscloudformationwrapper{CloudFormationBuildWrapper.java[CloudFormationBuildWrapper" StructureKind="java"/><InteractionEvent Delta="null" EndDate="2011-10-27 10:25:08.630 EDT" Interest="1.0000001" Kind="propagation" Navigation="org.eclipse.mylyn.core.model.edges.containment" OriginId="org.eclipse.mylyn.core.model.interest.propagation" StartDate="2011-10-27 10:25:08.630 EDT" StructureHandle="/jenkins-cloudformation-plugin/src/main/java" StructureKind="resource"/><InteractionEvent Delta="null" EndDate="2011-10-27 10:25:08.630 EDT" Interest="1.0000001" Kind="propagation" Navigation="org.eclipse.mylyn.core.model.edges.containment" OriginId="org.eclipse.mylyn.core.model.interest.propagation" StartDate="2011-10-27 10:25:08.630 EDT" StructureHandle="/jenkins-cloudformation-plugin/src" StructureKind="resource"/><InteractionEvent Delta="null" EndDate="2011-10-27 10:25:07.163 EDT" Interest="1.0" Kind="selection" Navigation="null" OriginId="org.eclipse.jdt.ui.CompilationUnitEditor" StartDate="2011-10-27 10:25:07.163 EDT" StructureHandle="=jenkins-cloudformation-plugin/src\/main\/java&amp;lt;com.syncapse.jenkinsci.plugins.awscloudformationwrapper{CloudFormationBuildWrapper.java" StructureKind="java"/><InteractionEvent Delta="null" EndDate="2011-10-27 10:26:37.556 EDT" Interest="0.75100017" Kind="propagation" Navigation="org.eclipse.mylyn.core.model.edges.containment" OriginId="org.eclipse.mylyn.core.model.interest.propagation" StartDate="2011-10-27 10:26:37.556 EDT" StructureHandle="=jenkins-cloudformation-plugin/src\/main\/java&amp;lt;com.syncapse.jenkinsci.plugins.awscloudformationwrapper{CloudFormationBuildWrapper.java" StructureKind="java"/><InteractionEvent Delta="null" EndDate="2011-10-27 10:25:12.568 EDT" Interest="1.0" Kind="propagation" Navigation="org.eclipse.mylyn.core.model.edges.containment" OriginId="org.eclipse.mylyn.core.model.interest.propagation" StartDate="2011-10-27 10:25:12.568 EDT" StructureHandle="/jenkins-cloudformation-plugin/src/main/java/com" StructureKind="resource"/><InteractionEvent Delta="null" EndDate="2011-10-27 10:27:22.809 EDT" Interest="1.0000005" Kind="propagation" Navigation="org.eclipse.mylyn.core.model.edges.containment" OriginId="org.eclipse.mylyn.core.model.interest.propagation" StartDate="2011-10-27 10:27:22.809 EDT" StructureHandle="=jenkins-cloudformation-plugin/src\/main\/java" StructureKind="java"/><InteractionEvent Delta="null" EndDate="2011-10-27 10:25:12.568 EDT" Interest="1.0" Kind="propagation" Navigation="org.eclipse.mylyn.core.model.edges.containment" OriginId="org.eclipse.mylyn.core.model.interest.propagation" StartDate="2011-10-27 10:25:12.568 EDT" StructureHandle="/jenkins-cloudformation-plugin/src/main/java/com/syncapse/jenkinsci/plugins/awscloudformationwrapper" StructureKind="resource"/><InteractionEvent Delta="null" EndDate="2011-10-27 10:24:13.971 EDT" Interest="1.0" Kind="propagation" Navigation="org.eclipse.mylyn.core.model.edges.containment" OriginId="org.eclipse.mylyn.core.model.interest.propagation" StartDate="2011-10-27 10:24:13.971 EDT" StructureHandle="" StructureKind="java"/><InteractionEvent Delta="null" EndDate="2011-10-27 10:26:37.555 EDT" Interest="1.0" Kind="propagation" Navigation="org.eclipse.mylyn.core.model.edges.containment" OriginId="org.eclipse.mylyn.core.model.interest.propagation" StartDate="2011-10-27 10:26:37.555 EDT" StructureHandle="/jenkins-cloudformation-plugin/src/main/java/com/syncapse/jenkinsci/plugins" StructureKind="resource"/><InteractionEvent Delta="null" EndDate="2011-10-27 10:25:12.568 EDT" Interest="1.0" Kind="propagation" Navigation="org.eclipse.mylyn.core.model.edges.containment" OriginId="org.eclipse.mylyn.core.model.interest.propagation" StartDate="2011-10-27 10:25:12.568 EDT" StructureHandle="/jenkins-cloudformation-plugin/src/main/java/com/syncapse/jenkinsci/plugins" StructureKind="resource"/><InteractionEvent Delta="null" EndDate="2011-10-27 10:25:05.781 EDT" Interest="1.0" Kind="propagation" Navigation="org.eclipse.mylyn.core.model.edges.containment" OriginId="org.eclipse.mylyn.core.model.interest.propagation" StartDate="2011-10-27 10:25:05.781 EDT" StructureHandle="=jenkins-cloudformation-plugin/src\/main\/java&amp;lt;com.syncapse.jenkinsci.plugins.awscloudformationwrapper" StructureKind="java"/><InteractionEvent Delta="null" EndDate="2011-10-27 10:24:47.495 EDT" Interest="1.0" Kind="propagation" Navigation="null" OriginId="org.eclipse.jdt.ui.PackageExplorer" StartDate="2011-10-27 10:24:47.495 EDT" StructureHandle="/" StructureKind="resource"/><InteractionEvent Delta="null" EndDate="2011-10-27 10:27:23.410 EDT" Interest="0.9999995" Kind="propagation" Navigation="org.eclipse.mylyn.core.model.edges.containment" OriginId="org.eclipse.mylyn.core.model.interest.propagation" StartDate="2011-10-27 10:27:23.410 EDT" StructureHandle="/jenkins-cloudformation-plugin/src" StructureKind="resource"/><InteractionEvent Delta="null" EndDate="2011-10-27 10:25:05.779 EDT" Interest="1.0" Kind="propagation" Navigation="null" OriginId="org.eclipse.jdt.ui.CompilationUnitEditor" StartDate="2011-10-27 10:25:05.779 EDT" StructureHandle="/jenkins-cloudformation-plugin/src/main/java/com/syncapse/jenkinsci/plugins/awscloudformationwrapper/CloudFormationBuildWrapper.java" StructureKind="resource"/><InteractionEvent Delta="null" EndDate="2011-10-27 10:25:05.780 EDT" Interest="1.0" Kind="propagation" Navigation="org.eclipse.mylyn.core.model.edges.containment" OriginId="org.eclipse.mylyn.core.model.interest.propagation" StartDate="2011-10-27 10:25:05.780 EDT" StructureHandle="/jenkins-cloudformation-plugin/src/main/java/com/syncapse" StructureKind="resource"/><InteractionEvent Delta="null" EndDate="2011-10-27 10:27:22.808 EDT" Interest="1.0000005" Kind="propagation" Navigation="org.eclipse.mylyn.core.model.edges.containment" OriginId="org.eclipse.mylyn.core.model.interest.propagation" StartDate="2011-10-27 10:27:22.808 EDT" StructureHandle="=jenkins-cloudformation-plugin/src\/main\/java&amp;lt;com.syncapse.jenkinsci.plugins.awscloudformationwrapper{CloudFormationBuildWrapper.java" StructureKind="java"/><InteractionEvent Delta="null" EndDate="2011-10-27 10:27:22.807 EDT" Interest="1.0" Kind="propagation" Navigation="org.eclipse.mylyn.core.model.edges.containment" OriginId="org.eclipse.mylyn.core.model.interest.propagation" StartDate="2011-10-27 10:27:22.807 EDT" StructureHandle="/jenkins-cloudformation-plugin/src/main/java" StructureKind="resource"/><InteractionEvent Delta="null" EndDate="2011-10-27 10:27:22.807 EDT" Interest="1.0" Kind="propagation" Navigation="org.eclipse.mylyn.core.model.edges.containment" OriginId="org.eclipse.mylyn.core.model.interest.propagation" StartDate="2011-10-27 10:27:22.807 EDT" StructureHandle="/jenkins-cloudformation-plugin/src/main/java/com/syncapse/jenkinsci/plugins" StructureKind="resource"/><InteractionEvent Delta="null" EndDate="2011-10-27 10:27:02.533 EDT" Interest="1.0" Kind="propagation" Navigation="org.eclipse.mylyn.core.model.edges.containment" OriginId="org.eclipse.mylyn.core.model.interest.propagation" StartDate="2011-10-27 10:27:02.533 EDT" StructureHandle="/jenkins-cloudformation-plugin/src/main" StructureKind="resource"/><InteractionEvent Delta="null" EndDate="2011-10-27 10:25:05.780 EDT" Interest="1.0" Kind="propagation" Navigation="org.eclipse.mylyn.core.model.edges.containment" OriginId="org.eclipse.mylyn.core.model.interest.propagation" StartDate="2011-10-27 10:25:05.780 EDT" StructureHandle="/jenkins-cloudformation-plugin/src/main/java" StructureKind="resource"/><InteractionEvent Delta="null" EndDate="2011-10-27 10:25:12.568 EDT" Interest="1.0" Kind="propagation" Navigation="null" OriginId="org.eclipse.jdt.ui.CompilationUnitEditor" StartDate="2011-10-27 10:25:12.568 EDT" StructureHandle="/jenkins-cloudformation-plugin/src/main/java/com/syncapse/jenkinsci/plugins/awscloudformationwrapper/CloudFormationBuildWrapper.java" StructureKind="resource"/><InteractionEvent Delta="null" EndDate="2011-10-27 10:26:37.556 EDT" Interest="1.0" Kind="propagation" Navigation="org.eclipse.mylyn.core.model.edges.containment" OriginId="org.eclipse.mylyn.core.model.interest.propagation" StartDate="2011-10-27 10:26:37.556 EDT" StructureHandle="/jenkins-cloudformation-plugin/src/main/java" StructureKind="resource"/><InteractionEvent Delta="null" EndDate="2011-10-27 10:25:12.571 EDT" Interest="1.0" Kind="propagation" Navigation="null" OriginId="org.eclipse.jdt.ui.CompilationUnitEditor" StartDate="2011-10-27 10:25:12.571 EDT" StructureHandle="/jenkins-cloudformation-plugin" StructureKind="resource"/><InteractionEvent Delta="null" EndDate="2011-10-27 10:25:05.782 EDT" Interest="1.0" Kind="propagation" Navigation="null" OriginId="org.eclipse.jdt.ui.CompilationUnitEditor" StartDate="2011-10-27 10:25:05.782 EDT" StructureHandle="/" StructureKind="resource"/><InteractionEvent Delta="null" EndDate="2011-10-27 10:27:22.808 EDT" Interest="1.0000005" Kind="propagation" Navigation="org.eclipse.mylyn.core.model.edges.containment" OriginId="org.eclipse.mylyn.core.model.interest.propagation" StartDate="2011-10-27 10:27:22.808 EDT" StructureHandle="=jenkins-cloudformation-plugin/src\/main\/java&amp;lt;com.syncapse.jenkinsci.plugins.awscloudformationwrapper" StructureKind="java"/><InteractionEvent Delta="null" EndDate="2011-10-27 10:24:13.920 EDT" Interest="1.0" Kind="propagation" Navigation="null" OriginId="org.eclipse.mylyn.internal.context.ui.ContextPopulationStrategy" StartDate="2011-10-27 10:24:13.920 EDT" StructureHandle="/jenkins-cloudformation-plugin" StructureKind="resource"/><InteractionEvent Delta="null" EndDate="2011-10-27 10:27:23.410 EDT" Interest="0.9999995" Kind="propagation" Navigation="org.eclipse.mylyn.core.model.edges.containment" OriginId="org.eclipse.mylyn.core.model.interest.propagation" StartDate="2011-10-27 10:27:23.410 EDT" StructureHandle="/jenkins-cloudformation-plugin/src/main/java/com/syncapse" StructureKind="resource"/><InteractionEvent Delta="null" EndDate="2011-10-27 10:26:37.558 EDT" Interest="1.0" Kind="propagation" Navigation="null" OriginId="org.eclipse.jdt.ui.CompilationUnitEditor" StartDate="2011-10-27 10:26:37.558 EDT" StructureHandle="/jenkins-cloudformation-plugin" StructureKind="resource"/><InteractionEvent Delta="null" EndDate="2011-10-27 10:26:37.556 EDT" Interest="1.0" Kind="propagation" Navigation="org.eclipse.mylyn.core.model.edges.containment" OriginId="org.eclipse.mylyn.core.model.interest.propagation" StartDate="2011-10-27 10:26:37.556 EDT" StructureHandle="/jenkins-cloudformation-plugin/src/main/java/com" StructureKind="resource"/><InteractionEvent Delta="null" EndDate="2011-10-27 10:25:07.164 EDT" Interest="0.23799992" Kind="propagation" Navigation="org.eclipse.mylyn.core.model.edges.containment" OriginId="org.eclipse.mylyn.core.model.interest.propagation" StartDate="2011-10-27 10:25:07.164 EDT" StructureHandle="=jenkins-cloudformation-plugin" StructureKind="resource"/><InteractionEvent Delta="null" EndDate="2011-10-27 10:27:17.355 EDT" Interest="1.0" Kind="propagation" Navigation="null" OriginId="org.eclipse.jdt.ui.PackageExplorer" StartDate="2011-10-27 10:27:17.355 EDT" StructureHandle="/jenkins-cloudformation-plugin" StructureKind="resource"/><InteractionEvent Delta="null" EndDate="2011-10-27 10:25:15.278 EDT" Interest="0.99999976" Kind="propagation" Navigation="org.eclipse.mylyn.core.model.edges.containment" OriginId="org.eclipse.mylyn.core.model.interest.propagation" StartDate="2011-10-27 10:25:15.278 EDT" StructureHandle="" StructureKind="java"/><InteractionEvent Delta="null" EndDate="2011-10-27 10:24:13.950 EDT" Interest="1.0" Kind="propagation" Navigation="null" OriginId="org.eclipse.mylyn.internal.context.ui.ContextPopulationStrategy" StartDate="2011-10-27 10:24:13.950 EDT" StructureHandle="/jenkins-cloudformation-plugin" StructureKind="resource"/><InteractionEvent Delta="null" EndDate="2011-10-27 10:27:03.593 EDT" Interest="1.0" Kind="propagation" Navigation="null" OriginId="org.eclipse.jdt.ui.PackageExplorer" StartDate="2011-10-27 10:27:03.593 EDT" StructureHandle="/" StructureKind="resource"/><InteractionEvent Delta="null" EndDate="2011-10-27 10:27:22.806 EDT" Interest="1.0" Kind="selection" Navigation="null" OriginId="org.eclipse.jdt.ui.CompilationUnitEditor" StartDate="2011-10-27 10:27:22.806 EDT" StructureHandle="=jenkins-cloudformation-plugin/src\/main\/java&amp;lt;com.syncapse.jenkinsci.plugins.awscloudformationwrapper{CloudFormationBuildWrapper.java[CloudFormationBuildWrapper" StructureKind="java"/><InteractionEvent Delta="null" EndDate="2011-10-27 10:24:13.996 EDT" Interest="3.5762787E-7" Kind="propagation" Navigation="org.eclipse.mylyn.core.model.edges.containment" OriginId="org.eclipse.mylyn.core.model.interest.propagation" StartDate="2011-10-27 10:24:13.996 EDT" StructureHandle="" StructureKind="java"/><InteractionEvent Delta="null" EndDate="2011-10-27 10:26:37.556 EDT" Interest="1.0" Kind="propagation" Navigation="org.eclipse.mylyn.core.model.edges.containment" OriginId="org.eclipse.mylyn.core.model.interest.propagation" StartDate="2011-10-27 10:26:37.556 EDT" StructureHandle="/jenkins-cloudformation-plugin/src/main" StructureKind="resource"/><InteractionEvent Delta="null" EndDate="2011-10-27 10:25:08.630 EDT" Interest="1.0" Kind="propagation" Navigation="org.eclipse.mylyn.core.model.edges.containment" OriginId="org.eclipse.mylyn.core.model.interest.propagation" StartDate="2011-10-27 10:25:08.630 EDT" StructureHandle="=jenkins-cloudformation-plugin" StructureKind="resource"/><InteractionEvent Delta="null" EndDate="2011-10-27 10:27:22.807 EDT" Interest="1.0" Kind="propagation" Navigation="org.eclipse.mylyn.core.model.edges.containment" OriginId="org.eclipse.mylyn.core.model.interest.propagation" StartDate="2011-10-27 10:27:22.807 EDT" StructureHandle="/jenkins-cloudformation-plugin/src/main" StructureKind="resource"/><InteractionEvent Delta="null" EndDate="2011-10-27 10:24:13.950 EDT" Interest="0.01699996" Kind="propagation" Navigation="org.eclipse.mylyn.core.model.edges.containment" OriginId="org.eclipse.mylyn.core.model.interest.propagation" StartDate="2011-10-27 10:24:13.950 EDT" StructureHandle="=jenkins-cloudformation-plugin" StructureKind="java"/><InteractionEvent Delta="null" EndDate="2011-10-27 10:26:37.556 EDT" Interest="1.0" Kind="propagation" Navigation="org.eclipse.mylyn.core.model.edges.containment" OriginId="org.eclipse.mylyn.core.model.interest.propagation" StartDate="2011-10-27 10:26:37.556 EDT" StructureHandle="=jenkins-cloudformation-plugin" StructureKind="resource"/><InteractionEvent Delta="null" EndDate="2011-10-27 10:25:15.278 EDT" Interest="1.0" Kind="propagation" Navigation="null" OriginId="org.eclipse.jdt.ui.CompilationUnitEditor" StartDate="2011-10-27 10:25:15.278 EDT" StructureHandle="/jenkins-cloudformation-plugin" StructureKind="resource"/><InteractionEvent Delta="null" EndDate="2011-10-27 10:25:15.274 EDT" Interest="1.0000002" Kind="propagation" Navigation="org.eclipse.mylyn.core.model.edges.containment" OriginId="org.eclipse.mylyn.core.model.interest.propagation" StartDate="2011-10-27 10:25:15.274 EDT" StructureHandle="/jenkins-cloudformation-plugin/src/main/java/com/syncapse/jenkinsci/plugins" StructureKind="resource"/><InteractionEvent Delta="null" EndDate="2011-10-27 10:27:23.410 EDT" Interest="0.9999995" Kind="propagation" Navigation="org.eclipse.mylyn.core.model.edges.containment" OriginId="org.eclipse.mylyn.core.model.interest.propagation" StartDate="2011-10-27 10:27:23.410 EDT" StructureHandle="/jenkins-cloudformation-plugin/src/main/java" StructureKind="resource"/><InteractionEvent Delta="null" EndDate="2011-10-27 10:25:05.780 EDT" Interest="1.0" Kind="propagation" Navigation="org.eclipse.mylyn.core.model.edges.containment" OriginId="org.eclipse.mylyn.core.model.interest.propagation" StartDate="2011-10-27 10:25:05.780 EDT" StructureHandle="/jenkins-cloudformation-plugin/src/main/java/com/syncapse/jenkinsci" StructureKind="resource"/><InteractionEvent Delta="null" EndDate="2011-10-27 10:24:13.971 EDT" Interest="1.0" Kind="propagation" Navigation="null" OriginId="org.eclipse.mylyn.internal.context.ui.ContextPopulationStrategy" StartDate="2011-10-27 10:24:13.971 EDT" StructureHandle="/" StructureKind="resource"/><InteractionEvent Delta="null" EndDate="2011-10-27 10:25:12.569 EDT" Interest="0.99999976" Kind="propagation" Navigation="org.eclipse.mylyn.core.model.edges.containment" OriginId="org.eclipse.mylyn.core.model.interest.propagation" StartDate="2011-10-27 10:25:12.569 EDT" StructureHandle="=jenkins-cloudformation-plugin" StructureKind="resource"/><InteractionEvent Delta="null" EndDate="2011-10-27 10:26:37.558 EDT" Interest="1.0" Kind="propagation" Navigation="null" OriginId="org.eclipse.jdt.ui.CompilationUnitEditor" StartDate="2011-10-27 10:26:37.558 EDT" StructureHandle="/" StructureKind="resource"/><InteractionEvent Delta="null" EndDate="2011-10-27 10:25:08.629 EDT" Interest="1.0000001" Kind="propagation" Navigation="org.eclipse.mylyn.core.model.edges.containment" OriginId="org.eclipse.mylyn.core.model.interest.propagation" StartDate="2011-10-27 10:25:08.629 EDT" StructureHandle="/jenkins-cloudformation-plugin/src/main/java/com/syncapse/jenkinsci/plugins" StructureKind="resource"/><InteractionEvent Delta="null" EndDate="2011-10-27 10:24:13.996 EDT" Interest="1.0" Kind="propagation" Navigation="null" OriginId="org.eclipse.mylyn.internal.context.ui.ContextPopulationStrategy" StartDate="2011-10-27 10:24:13.996 EDT" StructureHandle="/" StructureKind="resource"/><InteractionEvent Delta="null" EndDate="2011-10-27 10:24:14.6 EDT" Interest="1.0" Kind="propagation" Navigation="null" OriginId="org.eclipse.mylyn.internal.context.ui.ContextPopulationStrategy" StartDate="2011-10-27 10:24:14.6 EDT" StructureHandle="/" StructureKind="resource"/><InteractionEvent Delta="null" EndDate="2011-10-27 10:25:07.163 EDT" Interest="1.0" Kind="propagation" Navigation="org.eclipse.mylyn.core.model.edges.containment" OriginId="org.eclipse.mylyn.core.model.interest.propagation" StartDate="2011-10-27 10:25:07.163 EDT" StructureHandle="/jenkins-cloudformation-plugin/src/main/java/com/syncapse/jenkinsci/plugins/awscloudformationwrapper" StructureKind="resource"/><InteractionEvent Delta="null" EndDate="2011-10-27 10:27:03.592 EDT" Interest="1.0" Kind="propagation" Navigation="null" OriginId="org.eclipse.jdt.ui.PackageExplorer" StartDate="2011-10-27 10:27:03.592 EDT" StructureHandle="/jenkins-cloudformation-plugin" StructureKind="resource"/><InteractionEvent Delta="null" EndDate="2011-10-27 10:27:02.535 EDT" Interest="1.0" Kind="propagation" Navigation="org.eclipse.mylyn.core.model.edges.containment" OriginId="org.eclipse.mylyn.core.model.interest.propagation" StartDate="2011-10-27 10:27:02.535 EDT" StructureHandle="" StructureKind="java"/><InteractionEvent Delta="null" EndDate="2011-10-27 10:27:02.533 EDT" Interest="1.0" Kind="propagation" Navigation="org.eclipse.mylyn.core.model.edges.containment" OriginId="org.eclipse.mylyn.core.model.interest.propagation" StartDate="2011-10-27 10:27:02.533 EDT" StructureHandle="/jenkins-cloudformation-plugin/src/main/java/com/syncapse/jenkinsci" StructureKind="resource"/><InteractionEvent Delta="null" EndDate="2011-10-27 10:27:23.412 EDT" Interest="1.0" Kind="propagation" Navigation="null" OriginId="org.eclipse.jdt.ui.CompilationUnitEditor" StartDate="2011-10-27 10:27:23.412 EDT" StructureHandle="/" StructureKind="resource"/><InteractionEvent Delta="null" EndDate="2011-10-27 10:27:23.409 EDT" Interest="1.0" Kind="propagation" Navigation="null" OriginId="org.eclipse.jdt.ui.CompilationUnitEditor" StartDate="2011-10-27 10:27:23.409 EDT" StructureHandle="/jenkins-cloudformation-plugin/src/main/java/com/syncapse/jenkinsci/plugins/awscloudformationwrapper/CloudFormationBuildWrapper.java" StructureKind="resource"/><InteractionEvent Delta="null" EndDate="2011-10-27 10:24:13.996 EDT" Interest="1.0" Kind="propagation" Navigation="null" OriginId="org.eclipse.mylyn.internal.context.ui.ContextPopulationStrategy" StartDate="2011-10-27 10:24:13.996 EDT" StructureHandle="/jenkins-cloudformation-plugin" StructureKind="resource"/><InteractionEvent Delta="null" EndDate="2011-10-27 10:26:37.556 EDT" Interest="1.0" Kind="propagation" Navigation="org.eclipse.mylyn.core.model.edges.containment" OriginId="org.eclipse.mylyn.core.model.interest.propagation" StartDate="2011-10-27 10:26:37.556 EDT" StructureHandle="/jenkins-cloudformation-plugin/src/main/java/com/syncapse" StructureKind="resource"/><InteractionEvent Delta="null" EndDate="2011-10-27 10:24:13.971 EDT" Interest="1.0" Kind="propagation" Navigation="null" OriginId="org.eclipse.mylyn.internal.context.ui.ContextPopulationStrategy" StartDate="2011-10-27 10:24:13.971 EDT" StructureHandle="/jenkins-cloudformation-plugin" StructureKind="resource"/><InteractionEvent Delta="null" EndDate="2011-10-27 10:27:23.410 EDT" Interest="0.6999998" Kind="propagation" Navigation="org.eclipse.mylyn.core.model.edges.containment" OriginId="org.eclipse.mylyn.core.model.interest.propagation" StartDate="2011-10-27 10:27:23.410 EDT" StructureHandle="=jenkins-cloudformation-plugin/src\/main\/java&amp;lt;com.syncapse.jenkinsci.plugins.awscloudformationwrapper{CloudFormationBuildWrapper.java" StructureKind="java"/><InteractionEvent Delta="null" EndDate="2011-10-27 10:24:13.970 EDT" Interest="0.99999994" Kind="propagation" Navigation="org.eclipse.mylyn.core.model.edges.containment" OriginId="org.eclipse.mylyn.core.model.interest.propagation" StartDate="2011-10-27 10:24:13.970 EDT" StructureHandle="=jenkins-cloudformation-plugin" StructureKind="java"/><InteractionEvent Delta="null" EndDate="2011-10-27 10:26:37.557 EDT" Interest="0.75100017" Kind="propagation" Navigation="org.eclipse.mylyn.core.model.edges.containment" OriginId="org.eclipse.mylyn.core.model.interest.propagation" StartDate="2011-10-27 10:26:37.557 EDT" StructureHandle="=jenkins-cloudformation-plugin/src\/main\/java&amp;lt;com.syncapse.jenkinsci.plugins.awscloudformationwrapper" StructureKind="java"/><InteractionEvent Delta="null" EndDate="2011-10-27 10:26:37.555 EDT" Interest="1.0" Kind="propagation" Navigation="null" OriginId="org.eclipse.jdt.ui.CompilationUnitEditor" StartDate="2011-10-27 10:26:37.555 EDT" StructureHandle="/jenkins-cloudformation-plugin/src/main/java/com/syncapse/jenkinsci/plugins/awscloudformationwrapper/CloudFormationBuildWrapper.java" StructureKind="resource"/><InteractionEvent Delta="null" EndDate="2011-10-27 10:25:15.275 EDT" Interest="1.0000002" Kind="propagation" Navigation="org.eclipse.mylyn.core.model.edges.containment" OriginId="org.eclipse.mylyn.core.model.interest.propagation" StartDate="2011-10-27 10:25:15.275 EDT" StructureHandle="/jenkins-cloudformation-plugin/src" StructureKind="resource"/><InteractionEvent Delta="null" EndDate="2011-10-27 10:24:14.13 EDT" Interest="1.0" Kind="propagation" Navigation="null" OriginId="org.eclipse.mylyn.internal.context.ui.ContextPopulationStrategy" StartDate="2011-10-27 10:24:14.13 EDT" StructureHandle="/" StructureKind="resource"/><InteractionEvent Delta="null" EndDate="2011-10-27 10:25:15.274 EDT" Interest="1.0" Kind="propagation" Navigation="null" OriginId="org.eclipse.jdt.ui.CompilationUnitEditor" StartDate="2011-10-27 10:25:15.274 EDT" StructureHandle="/jenkins-cloudformation-plugin/src/main/java/com/syncapse/jenkinsci/plugins/awscloudformationwrapper/CloudFormationBuildWrapper.java" StructureKind="resource"/><InteractionEvent Delta="null" EndDate="2011-10-27 10:27:02.531 EDT" Interest="1.0" Kind="selection" Navigation="null" OriginId="org.eclipse.jdt.ui.PackageExplorer" StartDate="2011-10-27 10:27:02.531 EDT" StructureHandle="=jenkins-cloudformation-plugin/src\/main\/java&amp;lt;com.syncapse.jenkinsci.plugins.awscloudformationwrapper{CloudFormationBuildWrapper.java[CloudFormationBuildWrapper" StructureKind="java"/><InteractionEvent Delta="null" EndDate="2011-10-27 10:25:12.569 EDT" Interest="1.0" Kind="propagation" Navigation="org.eclipse.mylyn.core.model.edges.containment" OriginId="org.eclipse.mylyn.core.model.interest.propagation" StartDate="2011-10-27 10:25:12.569 EDT" StructureHandle="/jenkins-cloudformation-plugin/src" StructureKind="resource"/><InteractionEvent Delta="null" EndDate="2011-10-27 10:26:37.557 EDT" Interest="0.75100017" Kind="propagation" Navigation="org.eclipse.mylyn.core.model.edges.containment" OriginId="org.eclipse.mylyn.core.model.interest.propagation" StartDate="2011-10-27 10:26:37.557 EDT" StructureHandle="=jenkins-cloudformation-plugin/src\/main\/java" StructureKind="java"/><InteractionEvent Delta="null" EndDate="2011-10-27 10:25:15.273 EDT" Interest="1.0" Kind="edit" Navigation="null" OriginId="org.eclipse.jdt.ui.CompilationUnitEditor" StartDate="2011-10-27 10:25:15.273 EDT" StructureHandle="=jenkins-cloudformation-plugin/src\/main\/java&amp;lt;com.syncapse.jenkinsci.plugins.awscloudformationwrapper{CloudFormationBuildWrapper.java[CloudFormationBuildWrapper^cloudFormations" StructureKind="java"/><InteractionEvent Delta="null" EndDate="2011-10-27 10:24:14.39 EDT" Interest="0.11899972" Kind="propagation" Navigation="org.eclipse.mylyn.core.model.edges.containment" OriginId="org.eclipse.mylyn.core.model.interest.propagation" StartDate="2011-10-27 10:24:14.39 EDT" StructureHandle="" StructureKind="java"/><InteractionEvent Delta="null" EndDate="2011-10-27 10:27:22.809 EDT" Interest="1.0" Kind="propagation" Navigation="null" OriginId="org.eclipse.jdt.ui.CompilationUnitEditor" StartDate="2011-10-27 10:27:22.809 EDT" StructureHandle="/jenkins-cloudformation-plugin" StructureKind="resource"/><InteractionEvent Delta="null" EndDate="2011-10-27 10:27:06.612 EDT" Interest="1.0" Kind="propagation" Navigation="null" OriginId="org.eclipse.jdt.ui.PackageExplorer" StartDate="2011-10-27 10:27:06.612 EDT" StructureHandle="/" StructureKind="resource"/><InteractionEvent Delta="null" EndDate="2011-10-27 10:25:12.568 EDT" Interest="1.0" Kind="propagation" Navigation="org.eclipse.mylyn.core.model.edges.containment" OriginId="org.eclipse.mylyn.core.model.interest.propagation" StartDate="2011-10-27 10:25:12.568 EDT" StructureHandle="/jenkins-cloudformation-plugin/src/main/java/com/syncapse" StructureKind="resource"/><InteractionEvent Delta="null" EndDate="2011-10-27 10:25:05.780 EDT" Interest="1.0" Kind="propagation" Navigation="org.eclipse.mylyn.core.model.edges.containment" OriginId="org.eclipse.mylyn.core.model.interest.propagation" StartDate="2011-10-27 10:25:05.780 EDT" StructureHandle="/jenkins-cloudformation-plugin/src/main" StructureKind="resource"/><InteractionEvent Delta="null" EndDate="2011-10-27 10:27:02.535 EDT" Interest="1.0" Kind="propagation" Navigation="null" OriginId="org.eclipse.jdt.ui.PackageExplorer" StartDate="2011-10-27 10:27:02.535 EDT" StructureHandle="/jenkins-cloudformation-plugin" StructureKind="resource"/><InteractionEvent Delta="null" EndDate="2011-10-27 10:26:37.555 EDT" Interest="1.0" Kind="propagation" Navigation="org.eclipse.mylyn.core.model.edges.containment" OriginId="org.eclipse.mylyn.core.model.interest.propagation" StartDate="2011-10-27 10:26:37.555 EDT" StructureHandle="/jenkins-cloudformation-plugin/src/main/java/com/syncapse/jenkinsci/plugins/awscloudformationwrapper" StructureKind="resource"/><InteractionEvent Delta="null" EndDate="2011-10-27 10:25:07.166 EDT" Interest="1.0" Kind="propagation" Navigation="null" OriginId="org.eclipse.jdt.ui.CompilationUnitEditor" StartDate="2011-10-27 10:25:07.166 EDT" StructureHandle="/jenkins-cloudformation-plugin" StructureKind="resource"/><InteractionEvent Delta="null" EndDate="2011-10-27 10:25:12.568 EDT" Interest="0.01700002" Kind="propagation" Navigation="org.eclipse.mylyn.core.model.edges.containment" OriginId="org.eclipse.mylyn.core.model.interest.propagation" StartDate="2011-10-27 10:25:12.568 EDT" StructureHandle="=jenkins-cloudformation-plugin/src\/main\/java&amp;lt;com.syncapse.jenkinsci.plugins.awscloudformationwrapper{CloudFormationBuildWrapper.java[CloudFormationBuildWrapper" StructureKind="java"/><InteractionEvent Delta="null" EndDate="2011-10-27 10:27:23.410 EDT" Interest="0.9999995" Kind="propagation" Navigation="org.eclipse.mylyn.core.model.edges.containment" OriginId="org.eclipse.mylyn.core.model.interest.propagation" StartDate="2011-10-27 10:27:23.410 EDT" StructureHandle="/jenkins-cloudformation-plugin/src/main/java/com/syncapse/jenkinsci" StructureKind="resource"/><InteractionEvent Delta="null" EndDate="2011-10-27 10:26:37.555 EDT" Interest="1.0" Kind="selection" Navigation="null" OriginId="org.eclipse.jdt.ui.CompilationUnitEditor" StartDate="2011-10-27 10:26:37.555 EDT" StructureHandle="=jenkins-cloudformation-plugin/src\/main\/java&amp;lt;com.syncapse.jenkinsci.plugins.awscloudformationwrapper{CloudFormationBuildWrapper.java[CloudFormationBuildWrapper" StructureKind="java"/><InteractionEvent Delta="null" EndDate="2011-10-27 10:25:07.164 EDT" Interest="1.0" Kind="propagation" Navigation="org.eclipse.mylyn.core.model.edges.containment" OriginId="org.eclipse.mylyn.core.model.interest.propagation" StartDate="2011-10-27 10:25:07.164 EDT" StructureHandle="/jenkins-cloudformation-plugin/src/main/java/com/syncapse" StructureKind="resource"/><InteractionEvent Delta="null" EndDate="2011-10-27 10:27:22.809 EDT" Interest="1.0" Kind="propagation" Navigation="null" OriginId="org.eclipse.jdt.ui.CompilationUnitEditor" StartDate="2011-10-27 10:27:22.809 EDT" StructureHandle="/" StructureKind="resource"/><InteractionEvent Delta="null" EndDate="2011-10-27 10:25:15.274 EDT" Interest="1.0000002" Kind="propagation" Navigation="org.eclipse.mylyn.core.model.edges.containment" OriginId="org.eclipse.mylyn.core.model.interest.propagation" StartDate="2011-10-27 10:25:15.274 EDT" StructureHandle="/jenkins-cloudformation-plugin/src/main/java/com/syncapse/jenkinsci/plugins/awscloudformationwrapper" StructureKind="resource"/><InteractionEvent Delta="null" EndDate="2011-10-27 10:25:05.782 EDT" Interest="1.0" Kind="propagation" Navigation="null" OriginId="org.eclipse.jdt.ui.CompilationUnitEditor" StartDate="2011-10-27 10:25:05.782 EDT" StructureHandle="/jenkins-cloudformation-plugin" StructureKind="resource"/><InteractionEvent Delta="null" EndDate="2011-10-27 10:27:23.410 EDT" Interest="0.9999995" Kind="propagation" Navigation="org.eclipse.mylyn.core.model.edges.containment" OriginId="org.eclipse.mylyn.core.model.interest.propagation" StartDate="2011-10-27 10:27:23.410 EDT" StructureHandle="/jenkins-cloudformation-plugin/src/main/java/com" StructureKind="resource"/><InteractionEvent Delta="null" EndDate="2011-10-27 10:25:15.275 EDT" Interest="1.0000002" Kind="propagation" Navigation="org.eclipse.mylyn.core.model.edges.containment" OriginId="org.eclipse.mylyn.core.model.interest.propagation" StartDate="2011-10-27 10:25:15.275 EDT" StructureHandle="/jenkins-cloudformation-plugin/src/main/java/com/syncapse" StructureKind="resource"/><InteractionEvent Delta="null" EndDate="2011-10-27 10:25:08.629 EDT" Interest="1.0000001" Kind="propagation" Navigation="org.eclipse.mylyn.core.model.edges.containment" OriginId="org.eclipse.mylyn.core.model.interest.propagation" StartDate="2011-10-27 10:25:08.629 EDT" StructureHandle="/jenkins-cloudformation-plugin/src/main/java/com/syncapse/jenkinsci" StructureKind="resource"/><InteractionEvent Delta="null" EndDate="2011-10-27 10:27:22.808 EDT" Interest="4.7683716E-7" Kind="propagation" Navigation="org.eclipse.mylyn.core.model.edges.containment" OriginId="org.eclipse.mylyn.core.model.interest.propagation" StartDate="2011-10-27 10:27:22.808 EDT" StructureHandle="=jenkins-cloudformation-plugin" StructureKind="resource"/><InteractionEvent Delta="null" EndDate="2011-10-27 10:27:23.410 EDT" Interest="0.9999995" Kind="propagation" Navigation="org.eclipse.mylyn.core.model.edges.containment" OriginId="org.eclipse.mylyn.core.model.interest.propagation" StartDate="2011-10-27 10:27:23.410 EDT" StructureHandle="/jenkins-cloudformation-plugin/src/main" StructureKind="resource"/><InteractionEvent Delta="null" EndDate="2011-10-27 10:25:08.629 EDT" Interest="1.0000001" Kind="propagation" Navigation="org.eclipse.mylyn.core.model.edges.containment" OriginId="org.eclipse.mylyn.core.model.interest.propagation" StartDate="2011-10-27 10:25:08.629 EDT" StructureHandle="/jenkins-cloudformation-plugin/src/main/java/com/syncapse/jenkinsci/plugins/awscloudformationwrapper" StructureKind="resource"/><InteractionEvent Delta="null" EndDate="2011-10-27 10:25:07.163 EDT" Interest="1.0" Kind="propagation" Navigation="null" OriginId="org.eclipse.jdt.ui.CompilationUnitEditor" StartDate="2011-10-27 10:25:07.163 EDT" StructureHandle="/jenkins-cloudformation-plugin/src/main/java/com/syncapse/jenkinsci/plugins/awscloudformationwrapper/CloudFormationBuildWrapper.java" StructureKind="resource"/><InteractionEvent Delta="null" EndDate="2011-10-27 10:24:14.26 EDT" Interest="1.0" Kind="propagation" Navigation="null" OriginId="org.eclipse.mylyn.internal.context.ui.ContextPopulationStrategy" StartDate="2011-10-27 10:24:14.26 EDT" StructureHandle="/" StructureKind="resource"/><InteractionEvent Delta="null" EndDate="2011-10-27 10:24:14.51 EDT" Interest="2.3841858E-7" Kind="propagation" Navigation="org.eclipse.mylyn.core.model.edges.containment" OriginId="org.eclipse.mylyn.core.model.interest.propagation" StartDate="2011-10-27 10:24:14.51 EDT" StructureHandle="" StructureKind="java"/></InteractionHistory>