<?xml version='1.1' encoding='UTF-8'?>
<slave>
  <name>OPS-0-EUW-Jenkins-BuildSlave2</name>
  <description></description>
  <remoteFS>/var/lib/jenkins</remoteFS>
  <numExecutors>16</numExecutors>
  <mode>EXCLUSIVE</mode>
  <retentionStrategy class="hudson.slaves.RetentionStrategy$Always"/>
  <launcher class="hudson.plugins.sshslaves.SSHLauncher" plugin="ssh-slaves@1.30.2">
    <host>OPS-0-EUW-Jenkins-BuildSlave2.node.ops-0-euw.infra.cas.ms</host>
    <port>22</port>
    <credentialsId>5ace1f0e-ccb1-4540-9ad2-2c9ab0bf7269</credentialsId>
    <launchTimeoutSeconds>210</launchTimeoutSeconds>
    <maxNumRetries>0</maxNumRetries>
    <retryWaitTime>0</retryWaitTime>
    <sshHostKeyVerificationStrategy class="hudson.plugins.sshslaves.verifiers.NonVerifyingKeyVerificationStrategy"/>
    <tcpNoDelay>true</tcpNoDelay>
  </launcher>
  <label></label>
  <nodeProperties>
    <hudson.slaves.EnvironmentVariablesNodeProperty>
      <envVars serialization="custom">
        <unserializable-parents/>
        <tree-map>
          <default>
            <comparator class="hudson.util.CaseInsensitiveComparator"/>
          </default>
          <int>2</int>
          <string>JAVA_HOME_8</string>
          <string>/usr/lib/jvm/java-8-oracle-amd64/</string>
          <string>M2_HOME</string>
          <string>/var/lib/jenkins/.m2</string>
        </tree-map>
      </envVars>
    </hudson.slaves.EnvironmentVariablesNodeProperty>
  </nodeProperties>
</slave>