<hudson.plugins.jira.JiraProjectProperty_-DescriptorImpl plugin="jira@2.3">
  <sites>
    <hudson.plugins.jira.JiraSite>
      <url>https://afrozaar.atlassian.net/</url>
      <useHTTPAuth>false</useHTTPAuth>
      <userName>michael.wiles@afrozaar.com</userName>
      <password>#secret#</password>
      <supportsWikiStyleComment>true</supportsWikiStyleComment>
      <recordScmChanges>false</recordScmChanges>
      <updateJiraIssueForAllStatus>false</updateJiraIssueForAllStatus>
      <timeout>10</timeout>
      <dateTimePattern/>
      <appendChangeTimestamp>false</appendChangeTimestamp>
    </hudson.plugins.jira.JiraSite>
  </sites>
</hudson.plugins.jira.JiraProjectProperty_-DescriptorImpl>