<hudson.plugins.sonar.SonarGlobalConfiguration plugin="sonar@2.5">
  <installations>
    <hudson.plugins.sonar.SonarInstallation>
      <name>sonar</name>
      <serverUrl>http://sonarqube.local:9000</serverUrl>
      <serverVersion>5.3</serverVersion>
      <serverAuthenticationToken>1927e51ed6beef038d76f7905dad0180d90e31ff</serverAuthenticationToken>
      <mojoVersion>3.1.1</mojoVersion>
      <databaseUrl/>
      <databaseLogin/>
      <additionalProperties/>
      <additionalAnalysisProperties/>
      <triggers>
        <skipScmCause>false</skipScmCause>
        <skipUpstreamCause>false</skipUpstreamCause>
        <envVar/>
      </triggers>
      <sonarLogin/>
      <databaseSecret>#secret#</databaseSecret>
      <sonarSecret>#secret#</sonarSecret>
    </hudson.plugins.sonar.SonarInstallation>
  </installations>
  <buildWrapperEnabled>true</buildWrapperEnabled>
</hudson.plugins.sonar.SonarGlobalConfiguration>