<org.jfrog.hudson.ArtifactoryBuilder_-DescriptorImpl plugin="artifactory@2.8.2">
  <useCredentialsPlugin>true</useCredentialsPlugin>
  <artifactoryServers>
    <org.jfrog.hudson.ArtifactoryServer>
      <url>https://maven-repository.afrozaar.com/artifactory</url>
      <id>1220349205@1441895978153</id>
      <timeout>300</timeout>
      <bypassProxy>false</bypassProxy>
      <deployerCredentialsConfig>
        <credentials>
          <username>user</username>
          <password>dn1HQjgod142ZSssIiQr</password>
        </credentials>
        <credentialsId>f7a91fd8-ae8e-4ab2-bf4a-c3807e7e005a</credentialsId>
        <overridingCredentials>false</overridingCredentials>
        <ignoreCredentialPluginDisabled>false</ignoreCredentialPluginDisabled>
      </deployerCredentialsConfig>
      <resolverCredentialsConfig>
        <credentials>
          <username>user</username>
          <password>dn1HQjgod142ZSssIiQr</password>
        </credentials>
        <credentialsId>f7a91fd8-ae8e-4ab2-bf4a-c3807e7e005a</credentialsId>
        <overridingCredentials>true</overridingCredentials>
        <ignoreCredentialPluginDisabled>false</ignoreCredentialPluginDisabled>
      </resolverCredentialsConfig>
    </org.jfrog.hudson.ArtifactoryServer>
  </artifactoryServers>
  <pushToBintrayEnabled>true</pushToBintrayEnabled>
  <buildInfoProxyEnabled>false</buildInfoProxyEnabled>
  <buildInfoProxyPort>0</buildInfoProxyPort>
  <buildInfoProxyCertPublic>/var/lib/jenkins/secrets/jfrog/certs/jfrog.proxy.crt</buildInfoProxyCertPublic>
  <buildInfoProxyCertPrivate>/var/lib/jenkins/secrets/jfrog/certs/jfrog.proxy.key</buildInfoProxyCertPrivate>
</org.jfrog.hudson.ArtifactoryBuilder_-DescriptorImpl>