<org.jvnet.hudson.plugins.repositoryconnector.RepositoryConfiguration plugin="repository-connector@1.1.3">
  <repos>
    <entry>
      <string>central</string>
      <org.jvnet.hudson.plugins.repositoryconnector.Repository>
        <url>https://maven-repository.afrozaar.com/artifactory</url>
        <type>default</type>
        <id>central</id>
        <user>user</user>
        <password>v}GB8(w^6e+,"$+</password>
        <isRepositoryManager>true</isRepositoryManager>
      </org.jvnet.hudson.plugins.repositoryconnector.Repository>
    </entry>
  </repos>
  <localRepository/>
</org.jvnet.hudson.plugins.repositoryconnector.RepositoryConfiguration>