<org.jenkinsci.plugins.awsbeanstalkpublisher.AWSEBPublisher_-DescriptorImpl plugin="aws-beanstalk-publisher-plugin@1.7.2">
  <credentials>
    <org.jenkinsci.plugins.awsbeanstalkpublisher.AWSEBCredentials>
      <name>AZ</name>
      <awsAccessKeyId>AKIAIDIOGLVXXPIBB4LQ</awsAccessKeyId>
      <awsSecretSharedKey>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</awsSecretSharedKey>
    </org.jenkinsci.plugins.awsbeanstalkpublisher.AWSEBCredentials>
    <org.jenkinsci.plugins.awsbeanstalkpublisher.AWSEBCredentials>
      <name>SBP</name>
      <awsAccessKeyId>AKIAJJUF274AJA7S5L2A</awsAccessKeyId>
      <awsSecretSharedKey>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</awsSecretSharedKey>
    </org.jenkinsci.plugins.awsbeanstalkpublisher.AWSEBCredentials>
    <org.jenkinsci.plugins.awsbeanstalkpublisher.AWSEBCredentials>
      <name>MOJO</name>
      <awsAccessKeyId>AKIAI2F3QDUBFP62DDSQ</awsAccessKeyId>
      <awsSecretSharedKey> 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</awsSecretSharedKey>
    </org.jenkinsci.plugins.awsbeanstalkpublisher.AWSEBCredentials>
    <org.jenkinsci.plugins.awsbeanstalkpublisher.AWSEBCredentials>
      <name>FB</name>
      <awsAccessKeyId>AKIAITZCJE3EU2MAJABA</awsAccessKeyId>
      <awsSecretSharedKey>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</awsSecretSharedKey>
    </org.jenkinsci.plugins.awsbeanstalkpublisher.AWSEBCredentials>
    <org.jenkinsci.plugins.awsbeanstalkpublisher.AWSEBCredentials>
      <name>ANA</name>
      <awsAccessKeyId>AKIAI6FAFE2UASF3FZ7A</awsAccessKeyId>
      <awsSecretSharedKey>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</awsSecretSharedKey>
    </org.jenkinsci.plugins.awsbeanstalkpublisher.AWSEBCredentials>
    <org.jenkinsci.plugins.awsbeanstalkpublisher.AWSEBCredentials>
      <name>INM</name>
      <awsAccessKeyId>AKIAI33UGNEKRASSO3TQ</awsAccessKeyId>
      <awsSecretSharedKey>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</awsSecretSharedKey>
    </org.jenkinsci.plugins.awsbeanstalkpublisher.AWSEBCredentials>
  </credentials>
</org.jenkinsci.plugins.awsbeanstalkpublisher.AWSEBPublisher_-DescriptorImpl>