<com.cloudbees.simplediskusage.QuickDiskUsagePlugin plugin="cloudbees-disk-usage-simple@0.9">
  <directoriesUsages>
    <com.cloudbees.simplediskusage.DiskItem>
      <displayName>java.io.tmpdir</displayName>
      <path>/var/tmp</path>
      <usage>200731</usage>
    </com.cloudbees.simplediskusage.DiskItem>
    <com.cloudbees.simplediskusage.DiskItem>
      <displayName>JENKINS_HOME/updates</displayName>
      <path>/var/jenkins/updates</path>
      <usage>1377</usage>
    </com.cloudbees.simplediskusage.DiskItem>
    <com.cloudbees.simplediskusage.DiskItem>
      <displayName>JENKINS_HOME/userContent</displayName>
      <path>/var/jenkins/userContent</path>
      <usage>0</usage>
    </com.cloudbees.simplediskusage.DiskItem>
    <com.cloudbees.simplediskusage.DiskItem>
      <displayName>JENKINS_HOME/monitoring</displayName>
      <path>/var/jenkins/monitoring</path>
      <usage>44864</usage>
    </com.cloudbees.simplediskusage.DiskItem>
    <com.cloudbees.simplediskusage.DiskItem>
      <displayName>JENKINS_HOME/caches</displayName>
      <path>/var/jenkins/caches</path>
      <usage>819</usage>
    </com.cloudbees.simplediskusage.DiskItem>
    <com.cloudbees.simplediskusage.DiskItem>
      <displayName>JENKINS_HOME/jobs</displayName>
      <path>/var/jenkins/jobs</path>
      <usage>1612912</usage>
    </com.cloudbees.simplediskusage.DiskItem>
    <com.cloudbees.simplediskusage.DiskItem>
      <displayName>JENKINS_HOME/secrets</displayName>
      <path>/var/jenkins/secrets</path>
      <usage>4</usage>
    </com.cloudbees.simplediskusage.DiskItem>
    <com.cloudbees.simplediskusage.DiskItem>
      <displayName>JENKINS_HOME/plugins_back</displayName>
      <path>/var/jenkins/plugins_back</path>
      <usage>652259</usage>
    </com.cloudbees.simplediskusage.DiskItem>
    <com.cloudbees.simplediskusage.DiskItem>
      <displayName>JENKINS_HOME/plugins</displayName>
      <path>/var/jenkins/plugins</path>
      <usage>646353</usage>
    </com.cloudbees.simplediskusage.DiskItem>
    <com.cloudbees.simplediskusage.DiskItem>
      <displayName>JENKINS_HOME/war</displayName>
      <path>/var/jenkins/war</path>
      <usage>84264</usage>
    </com.cloudbees.simplediskusage.DiskItem>
    <com.cloudbees.simplediskusage.DiskItem>
      <displayName>JENKINS_HOME/slow-requests</displayName>
      <path>/var/jenkins/slow-requests</path>
      <usage>0</usage>
    </com.cloudbees.simplediskusage.DiskItem>
    <com.cloudbees.simplediskusage.DiskItem>
      <displayName>JENKINS_HOME/log</displayName>
      <path>/var/jenkins/log</path>
      <usage>135023</usage>
    </com.cloudbees.simplediskusage.DiskItem>
    <com.cloudbees.simplediskusage.DiskItem>
      <displayName>JENKINS_HOME/workflow-libs</displayName>
      <path>/var/jenkins/workflow-libs</path>
      <usage>0</usage>
    </com.cloudbees.simplediskusage.DiskItem>
    <com.cloudbees.simplediskusage.DiskItem>
      <displayName>JENKINS_HOME/plugins_old</displayName>
      <path>/var/jenkins/plugins_old</path>
      <usage>78351</usage>
    </com.cloudbees.simplediskusage.DiskItem>
    <com.cloudbees.simplediskusage.DiskItem>
      <displayName>JENKINS_HOME/fingerprints</displayName>
      <path>/var/jenkins/fingerprints</path>
      <usage>700</usage>
    </com.cloudbees.simplediskusage.DiskItem>
    <com.cloudbees.simplediskusage.DiskItem>
      <displayName>JENKINS_HOME/org.jenkinsci.plugins.github.GitHubPlugin.cache</displayName>
      <path>/var/jenkins/org.jenkinsci.plugins.github.GitHubPlugin.cache</path>
      <usage>328</usage>
    </com.cloudbees.simplediskusage.DiskItem>
    <com.cloudbees.simplediskusage.DiskItem>
      <displayName>JENKINS_HOME/deadlocks</displayName>
      <path>/var/jenkins/deadlocks</path>
      <usage>0</usage>
    </com.cloudbees.simplediskusage.DiskItem>
    <com.cloudbees.simplediskusage.DiskItem>
      <displayName>JENKINS_HOME/workspace</displayName>
      <path>/var/jenkins/workspace</path>
      <usage>118231</usage>
    </com.cloudbees.simplediskusage.DiskItem>
    <com.cloudbees.simplediskusage.DiskItem>
      <displayName>JENKINS_HOME/logs</displayName>
      <path>/var/jenkins/logs</path>
      <usage>943</usage>
    </com.cloudbees.simplediskusage.DiskItem>
    <com.cloudbees.simplediskusage.DiskItem>
      <displayName>JENKINS_HOME/users</displayName>
      <path>/var/jenkins/users</path>
      <usage>60</usage>
    </com.cloudbees.simplediskusage.DiskItem>
    <com.cloudbees.simplediskusage.DiskItem>
      <displayName>JENKINS_HOME/nodes</displayName>
      <path>/var/jenkins/nodes</path>
      <usage>7</usage>
    </com.cloudbees.simplediskusage.DiskItem>
    <com.cloudbees.simplediskusage.DiskItem>
      <displayName>JENKINS_HOME/config-history</displayName>
      <path>/var/jenkins/config-history</path>
      <usage>22931</usage>
    </com.cloudbees.simplediskusage.DiskItem>
    <com.cloudbees.simplediskusage.DiskItem>
      <displayName>JENKINS_HOME/support</displayName>
      <path>/var/jenkins/support</path>
      <usage>815</usage>
    </com.cloudbees.simplediskusage.DiskItem>
    <com.cloudbees.simplediskusage.DiskItem>
      <displayName>JENKINS_HOME</displayName>
      <path>/var/jenkins</path>
      <usage>3613596</usage>
    </com.cloudbees.simplediskusage.DiskItem>
  </directoriesUsages>
  <jobsUsages>
    <com.cloudbees.simplediskusage.JobDiskItem>
      <displayName>rndtest_glimpseView » master</displayName>
      <path>/var/jenkins/jobs/rndtest_glimpseView/branches/master</path>
      <usage>19756</usage>
      <fullName>rndtest_glimpseView/master</fullName>
      <url>job/rndtest_glimpseView/job/master/</url>
    </com.cloudbees.simplediskusage.JobDiskItem>
    <com.cloudbees.simplediskusage.JobDiskItem>
      <displayName>rndtest_glimpseView » develop</displayName>
      <path>/var/jenkins/jobs/rndtest_glimpseView/branches/develop</path>
      <usage>61630</usage>
      <fullName>rndtest_glimpseView/develop</fullName>
      <url>job/rndtest_glimpseView/job/develop/</url>
    </com.cloudbees.simplediskusage.JobDiskItem>
    <com.cloudbees.simplediskusage.JobDiskItem>
      <displayName>rndtest_glimpseTest_multibranch » PR-2</displayName>
      <path>/var/jenkins/jobs/rndtest_glimpseTest_multibranch/branches/PR-2</path>
      <usage>210</usage>
      <fullName>rndtest_glimpseTest_multibranch/PR-2</fullName>
      <url>job/rndtest_glimpseTest_multibranch/job/PR-2/</url>
    </com.cloudbees.simplediskusage.JobDiskItem>
    <com.cloudbees.simplediskusage.JobDiskItem>
      <displayName>rndtest_glimpseTest_multibranch » DT_20988_Jenkins_Pipeline</displayName>
      <path>/var/jenkins/jobs/rndtest_glimpseTest_multibranch/branches/DT-20988-Jenkins-Pipeline.181oj1</path>
      <usage>6325</usage>
      <fullName>rndtest_glimpseTest_multibranch/DT_20988_Jenkins_Pipeline</fullName>
      <url>job/rndtest_glimpseTest_multibranch/job/DT_20988_Jenkins_Pipeline/</url>
    </com.cloudbees.simplediskusage.JobDiskItem>
    <com.cloudbees.simplediskusage.JobDiskItem>
      <displayName>rndtest_glimpseTest_multibranch » test_fallback</displayName>
      <path>/var/jenkins/jobs/rndtest_glimpseTest_multibranch/branches/test-fallback.b85ltr</path>
      <usage>6774</usage>
      <fullName>rndtest_glimpseTest_multibranch/test_fallback</fullName>
      <url>job/rndtest_glimpseTest_multibranch/job/test_fallback/</url>
    </com.cloudbees.simplediskusage.JobDiskItem>
    <com.cloudbees.simplediskusage.JobDiskItem>
      <displayName>rndtest_glimpseTest_multibranch » DT_22727_TestBranch</displayName>
      <path>/var/jenkins/jobs/rndtest_glimpseTest_multibranch/branches/DT-22727-TestBranch.q0jndr</path>
      <usage>63</usage>
      <fullName>rndtest_glimpseTest_multibranch/DT_22727_TestBranch</fullName>
      <url>job/rndtest_glimpseTest_multibranch/job/DT_22727_TestBranch/</url>
    </com.cloudbees.simplediskusage.JobDiskItem>
    <com.cloudbees.simplediskusage.JobDiskItem>
      <displayName>rndtest_glimpseTest_multibranch » develop</displayName>
      <path>/var/jenkins/jobs/rndtest_glimpseTest_multibranch/branches/develop</path>
      <usage>36003</usage>
      <fullName>rndtest_glimpseTest_multibranch/develop</fullName>
      <url>job/rndtest_glimpseTest_multibranch/job/develop/</url>
    </com.cloudbees.simplediskusage.JobDiskItem>
    <com.cloudbees.simplediskusage.JobDiskItem>
      <displayName>rndtest_BatchReporting_pipeline » master</displayName>
      <path>/var/jenkins/jobs/rndtest_BatchReporting_pipeline/branches/master</path>
      <usage>26264</usage>
      <fullName>rndtest_BatchReporting_pipeline/master</fullName>
      <url>job/rndtest_BatchReporting_pipeline/job/master/</url>
    </com.cloudbees.simplediskusage.JobDiskItem>
    <com.cloudbees.simplediskusage.JobDiskItem>
      <displayName>rndtest_vortex » runALPipelineTest</displayName>
      <path>/var/jenkins/jobs/rndtest_vortex/branches/runALPipelineTest</path>
      <usage>38</usage>
      <fullName>rndtest_vortex/runALPipelineTest</fullName>
      <url>job/rndtest_vortex/job/runALPipelineTest/</url>
    </com.cloudbees.simplediskusage.JobDiskItem>
    <com.cloudbees.simplediskusage.JobDiskItem>
      <displayName>rndtest_vortex » master</displayName>
      <path>/var/jenkins/jobs/rndtest_vortex/branches/master</path>
      <usage>69325</usage>
      <fullName>rndtest_vortex/master</fullName>
      <url>job/rndtest_vortex/job/master/</url>
    </com.cloudbees.simplediskusage.JobDiskItem>
    <com.cloudbees.simplediskusage.JobDiskItem>
      <displayName>rndtest_ALFGlimpse » master</displayName>
      <path>/var/jenkins/jobs/rndtest_ALFGlimpse/branches/master</path>
      <usage>20878</usage>
      <fullName>rndtest_ALFGlimpse/master</fullName>
      <url>job/rndtest_ALFGlimpse/job/master/</url>
    </com.cloudbees.simplediskusage.JobDiskItem>
    <com.cloudbees.simplediskusage.JobDiskItem>
      <displayName>rndtest_ALFGlimpse » develop</displayName>
      <path>/var/jenkins/jobs/rndtest_ALFGlimpse/branches/develop</path>
      <usage>54439</usage>
      <fullName>rndtest_ALFGlimpse/develop</fullName>
      <url>job/rndtest_ALFGlimpse/job/develop/</url>
    </com.cloudbees.simplediskusage.JobDiskItem>
    <com.cloudbees.simplediskusage.JobDiskItem>
      <displayName>AL Jenkins Pipeline Library » ab_fix_reztest</displayName>
      <path>/var/jenkins/jobs/AL_jenkins_pipeline_library/branches/ab-fix-reztest.a6ju58</path>
      <usage>2450</usage>
      <fullName>AL_jenkins_pipeline_library/ab_fix_reztest</fullName>
      <url>job/AL_jenkins_pipeline_library/job/ab_fix_reztest/</url>
    </com.cloudbees.simplediskusage.JobDiskItem>
    <com.cloudbees.simplediskusage.JobDiskItem>
      <displayName>AL Jenkins Pipeline Library » 22844_configurable_fallback_branches</displayName>
      <path>/var/jenkins/jobs/AL_jenkins_pipeline_library/branches/22844-config.o6hj9e.ack-branches</path>
      <usage>9470</usage>
      <fullName>AL_jenkins_pipeline_library/22844_configurable_fallback_branches</fullName>
      <url>job/AL_jenkins_pipeline_library/job/22844_configurable_fallback_branches/</url>
    </com.cloudbees.simplediskusage.JobDiskItem>
    <com.cloudbees.simplediskusage.JobDiskItem>
      <displayName>AL Jenkins Pipeline Library » ab_add_forge_suite</displayName>
      <path>/var/jenkins/jobs/AL_jenkins_pipeline_library/branches/ab-add-forge-suite.1hd2uk</path>
      <usage>164</usage>
      <fullName>AL_jenkins_pipeline_library/ab_add_forge_suite</fullName>
      <url>job/AL_jenkins_pipeline_library/job/ab_add_forge_suite/</url>
    </com.cloudbees.simplediskusage.JobDiskItem>
    <com.cloudbees.simplediskusage.JobDiskItem>
      <displayName>AL Jenkins Pipeline Library » PR-107</displayName>
      <path>/var/jenkins/jobs/AL_jenkins_pipeline_library/branches/PR-107</path>
      <usage>1333</usage>
      <fullName>AL_jenkins_pipeline_library/PR-107</fullName>
      <url>job/AL_jenkins_pipeline_library/job/PR-107/</url>
    </com.cloudbees.simplediskusage.JobDiskItem>
    <com.cloudbees.simplediskusage.JobDiskItem>
      <displayName>AL Jenkins Pipeline Library » ab_improve_reztest</displayName>
      <path>/var/jenkins/jobs/AL_jenkins_pipeline_library/branches/ab-improve-reztest.k7b8jr</path>
      <usage>1093</usage>
      <fullName>AL_jenkins_pipeline_library/ab_improve_reztest</fullName>
      <url>job/AL_jenkins_pipeline_library/job/ab_improve_reztest/</url>
    </com.cloudbees.simplediskusage.JobDiskItem>
    <com.cloudbees.simplediskusage.JobDiskItem>
      <displayName>AL Jenkins Pipeline Library » FixCleanUp</displayName>
      <path>/var/jenkins/jobs/AL_jenkins_pipeline_library/branches/FixCleanUp</path>
      <usage>2063</usage>
      <fullName>AL_jenkins_pipeline_library/FixCleanUp</fullName>
      <url>job/AL_jenkins_pipeline_library/job/FixCleanUp/</url>
    </com.cloudbees.simplediskusage.JobDiskItem>
    <com.cloudbees.simplediskusage.JobDiskItem>
      <displayName>AL Jenkins Pipeline Library » PR-116</displayName>
      <path>/var/jenkins/jobs/AL_jenkins_pipeline_library/branches/PR-116</path>
      <usage>1718</usage>
      <fullName>AL_jenkins_pipeline_library/PR-116</fullName>
      <url>job/AL_jenkins_pipeline_library/job/PR-116/</url>
    </com.cloudbees.simplediskusage.JobDiskItem>
    <com.cloudbees.simplediskusage.JobDiskItem>
      <displayName>AL Jenkins Pipeline Library » 22844_global_configurations</displayName>
      <path>/var/jenkins/jobs/AL_jenkins_pipeline_library/branches/22844-global.vsii5i.nfigurations</path>
      <usage>3724</usage>
      <fullName>AL_jenkins_pipeline_library/22844_global_configurations</fullName>
      <url>job/AL_jenkins_pipeline_library/job/22844_global_configurations/</url>
    </com.cloudbees.simplediskusage.JobDiskItem>
    <com.cloudbees.simplediskusage.JobDiskItem>
      <displayName>AL Jenkins Pipeline Library » add_local_packages_path_to_global_path</displayName>
      <path>/var/jenkins/jobs/AL_jenkins_pipeline_library/branches/add-local-pa.kmtc4p.-global-path</path>
      <usage>163</usage>
      <fullName>AL_jenkins_pipeline_library/add_local_packages_path_to_global_path</fullName>
      <url>job/AL_jenkins_pipeline_library/job/add_local_packages_path_to_global_path/</url>
    </com.cloudbees.simplediskusage.JobDiskItem>
    <com.cloudbees.simplediskusage.JobDiskItem>
      <displayName>AL Jenkins Pipeline Library » 22727_rebuild_when_no_artifacts</displayName>
      <path>/var/jenkins/jobs/AL_jenkins_pipeline_library/branches/22727-rebuil.a7u36j.no-artifacts</path>
      <usage>919</usage>
      <fullName>AL_jenkins_pipeline_library/22727_rebuild_when_no_artifacts</fullName>
      <url>job/AL_jenkins_pipeline_library/job/22727_rebuild_when_no_artifacts/</url>
    </com.cloudbees.simplediskusage.JobDiskItem>
    <com.cloudbees.simplediskusage.JobDiskItem>
      <displayName>AL Jenkins Pipeline Library » PR-109</displayName>
      <path>/var/jenkins/jobs/AL_jenkins_pipeline_library/branches/PR-109</path>
      <usage>554</usage>
      <fullName>AL_jenkins_pipeline_library/PR-109</fullName>
      <url>job/AL_jenkins_pipeline_library/job/PR-109/</url>
    </com.cloudbees.simplediskusage.JobDiskItem>
    <com.cloudbees.simplediskusage.JobDiskItem>
      <displayName>AL Jenkins Pipeline Library » DT_22727_Using_Second_Jenkins_Instance</displayName>
      <path>/var/jenkins/jobs/AL_jenkins_pipeline_library/branches/DT-22727-Usi.k0m486.ins-Instance</path>
      <usage>923</usage>
      <fullName>AL_jenkins_pipeline_library/DT_22727_Using_Second_Jenkins_Instance</fullName>
      <url>job/AL_jenkins_pipeline_library/job/DT_22727_Using_Second_Jenkins_Instance/</url>
    </com.cloudbees.simplediskusage.JobDiskItem>
    <com.cloudbees.simplediskusage.JobDiskItem>
      <displayName>AL Jenkins Pipeline Library » DT_22516_runALPipeline_Tests</displayName>
      <path>/var/jenkins/jobs/AL_jenkins_pipeline_library/branches/DT-22516-run.j04b5l.peline-Tests</path>
      <usage>1008</usage>
      <fullName>AL_jenkins_pipeline_library/DT_22516_runALPipeline_Tests</fullName>
      <url>job/AL_jenkins_pipeline_library/job/DT_22516_runALPipeline_Tests/</url>
    </com.cloudbees.simplediskusage.JobDiskItem>
    <com.cloudbees.simplediskusage.JobDiskItem>
      <displayName>AL Jenkins Pipeline Library » ValidateJenkinsbuildJson</displayName>
      <path>/var/jenkins/jobs/AL_jenkins_pipeline_library/branches/ValidateJenkinsbuildJson</path>
      <usage>178</usage>
      <fullName>AL_jenkins_pipeline_library/ValidateJenkinsbuildJson</fullName>
      <url>job/AL_jenkins_pipeline_library/job/ValidateJenkinsbuildJson/</url>
    </com.cloudbees.simplediskusage.JobDiskItem>
    <com.cloudbees.simplediskusage.JobDiskItem>
      <displayName>AL Jenkins Pipeline Library » DT_20988_Handle_FreeStyle_Jobs</displayName>
      <path>/var/jenkins/jobs/AL_jenkins_pipeline_library/branches/DT-20988-Han.bkq4tm.eeStyle-Jobs</path>
      <usage>165</usage>
      <fullName>AL_jenkins_pipeline_library/DT_20988_Handle_FreeStyle_Jobs</fullName>
      <url>job/AL_jenkins_pipeline_library/job/DT_20988_Handle_FreeStyle_Jobs/</url>
    </com.cloudbees.simplediskusage.JobDiskItem>
    <com.cloudbees.simplediskusage.JobDiskItem>
      <displayName>AL Jenkins Pipeline Library » PR-113</displayName>
      <path>/var/jenkins/jobs/AL_jenkins_pipeline_library/branches/PR-113</path>
      <usage>703</usage>
      <fullName>AL_jenkins_pipeline_library/PR-113</fullName>
      <url>job/AL_jenkins_pipeline_library/job/PR-113/</url>
    </com.cloudbees.simplediskusage.JobDiskItem>
    <com.cloudbees.simplediskusage.JobDiskItem>
      <displayName>AL Jenkins Pipeline Library » PR-105</displayName>
      <path>/var/jenkins/jobs/AL_jenkins_pipeline_library/branches/PR-105</path>
      <usage>738</usage>
      <fullName>AL_jenkins_pipeline_library/PR-105</fullName>
      <url>job/AL_jenkins_pipeline_library/job/PR-105/</url>
    </com.cloudbees.simplediskusage.JobDiskItem>
    <com.cloudbees.simplediskusage.JobDiskItem>
      <displayName>AL Jenkins Pipeline Library » PR-98</displayName>
      <path>/var/jenkins/jobs/AL_jenkins_pipeline_library/branches/PR-98</path>
      <usage>4323</usage>
      <fullName>AL_jenkins_pipeline_library/PR-98</fullName>
      <url>job/AL_jenkins_pipeline_library/job/PR-98/</url>
    </com.cloudbees.simplediskusage.JobDiskItem>
    <com.cloudbees.simplediskusage.JobDiskItem>
      <displayName>AL Jenkins Pipeline Library » fix_artifact_concurrency_issue</displayName>
      <path>/var/jenkins/jobs/AL_jenkins_pipeline_library/branches/fix-artifact.annvtc.rrency-issue</path>
      <usage>165</usage>
      <fullName>AL_jenkins_pipeline_library/fix_artifact_concurrency_issue</fullName>
      <url>job/AL_jenkins_pipeline_library/job/fix_artifact_concurrency_issue/</url>
    </com.cloudbees.simplediskusage.JobDiskItem>
    <com.cloudbees.simplediskusage.JobDiskItem>
      <displayName>AL Jenkins Pipeline Library » master</displayName>
      <path>/var/jenkins/jobs/AL_jenkins_pipeline_library/branches/master</path>
      <usage>7207</usage>
      <fullName>AL_jenkins_pipeline_library/master</fullName>
      <url>job/AL_jenkins_pipeline_library/job/master/</url>
    </com.cloudbees.simplediskusage.JobDiskItem>
    <com.cloudbees.simplediskusage.JobDiskItem>
      <displayName>AL Jenkins Pipeline Library » PR-106</displayName>
      <path>/var/jenkins/jobs/AL_jenkins_pipeline_library/branches/PR-106</path>
      <usage>637</usage>
      <fullName>AL_jenkins_pipeline_library/PR-106</fullName>
      <url>job/AL_jenkins_pipeline_library/job/PR-106/</url>
    </com.cloudbees.simplediskusage.JobDiskItem>
    <com.cloudbees.simplediskusage.JobDiskItem>
      <displayName>AL Jenkins Pipeline Library » PR-115</displayName>
      <path>/var/jenkins/jobs/AL_jenkins_pipeline_library/branches/PR-115</path>
      <usage>765</usage>
      <fullName>AL_jenkins_pipeline_library/PR-115</fullName>
      <url>job/AL_jenkins_pipeline_library/job/PR-115/</url>
    </com.cloudbees.simplediskusage.JobDiskItem>
    <com.cloudbees.simplediskusage.JobDiskItem>
      <displayName>AL Jenkins Pipeline Library » mq-addDeformerPlugin</displayName>
      <path>/var/jenkins/jobs/AL_jenkins_pipeline_library/branches/mq-addDeformerPlugin</path>
      <usage>1487</usage>
      <fullName>AL_jenkins_pipeline_library/mq-addDeformerPlugin</fullName>
      <url>job/AL_jenkins_pipeline_library/job/mq-addDeformerPlugin/</url>
    </com.cloudbees.simplediskusage.JobDiskItem>
    <com.cloudbees.simplediskusage.JobDiskItem>
      <displayName>AL Jenkins Pipeline Library » DT_22471_FailFast</displayName>
      <path>/var/jenkins/jobs/AL_jenkins_pipeline_library/branches/DT-22471-FailFast.eg0e11</path>
      <usage>750</usage>
      <fullName>AL_jenkins_pipeline_library/DT_22471_FailFast</fullName>
      <url>job/AL_jenkins_pipeline_library/job/DT_22471_FailFast/</url>
    </com.cloudbees.simplediskusage.JobDiskItem>
    <com.cloudbees.simplediskusage.JobDiskItem>
      <displayName>AL Jenkins Pipeline Library » fix_clean_up</displayName>
      <path>/var/jenkins/jobs/AL_jenkins_pipeline_library/branches/fix-clean-up.3t1ja2</path>
      <usage>164</usage>
      <fullName>AL_jenkins_pipeline_library/fix_clean_up</fullName>
      <url>job/AL_jenkins_pipeline_library/job/fix_clean_up/</url>
    </com.cloudbees.simplediskusage.JobDiskItem>
    <com.cloudbees.simplediskusage.JobDiskItem>
      <displayName>AL Jenkins Pipeline Library » improve_cleanup</displayName>
      <path>/var/jenkins/jobs/AL_jenkins_pipeline_library/branches/improve-cleanup.t942mk</path>
      <usage>1762</usage>
      <fullName>AL_jenkins_pipeline_library/improve_cleanup</fullName>
      <url>job/AL_jenkins_pipeline_library/job/improve_cleanup/</url>
    </com.cloudbees.simplediskusage.JobDiskItem>
    <com.cloudbees.simplediskusage.JobDiskItem>
      <displayName>AL Jenkins Pipeline Library » PR-108</displayName>
      <path>/var/jenkins/jobs/AL_jenkins_pipeline_library/branches/PR-108</path>
      <usage>562</usage>
      <fullName>AL_jenkins_pipeline_library/PR-108</fullName>
      <url>job/AL_jenkins_pipeline_library/job/PR-108/</url>
    </com.cloudbees.simplediskusage.JobDiskItem>
    <com.cloudbees.simplediskusage.JobDiskItem>
      <displayName>AL Jenkins Pipeline Library » DT_22644_Add_rez_force_local</displayName>
      <path>/var/jenkins/jobs/AL_jenkins_pipeline_library/branches/DT-22644-Add.icoeei.-force-local</path>
      <usage>165</usage>
      <fullName>AL_jenkins_pipeline_library/DT_22644_Add_rez_force_local</fullName>
      <url>job/AL_jenkins_pipeline_library/job/DT_22644_Add_rez_force_local/</url>
    </com.cloudbees.simplediskusage.JobDiskItem>
    <com.cloudbees.simplediskusage.JobDiskItem>
      <displayName>AL Jenkins Pipeline Library » Fix_to_LIBRARY_BRANCH_NAME</displayName>
      <path>/var/jenkins/jobs/AL_jenkins_pipeline_library/branches/Fix-to-LIBRA.1ctl3u.-BRANCH-NAME</path>
      <usage>3457</usage>
      <fullName>AL_jenkins_pipeline_library/Fix_to_LIBRARY_BRANCH_NAME</fullName>
      <url>job/AL_jenkins_pipeline_library/job/Fix_to_LIBRARY_BRANCH_NAME/</url>
    </com.cloudbees.simplediskusage.JobDiskItem>
    <com.cloudbees.simplediskusage.JobDiskItem>
      <displayName>AL Jenkins Pipeline Library » Fix_to_LIBRARY_BRANCH_NAME_2</displayName>
      <path>/var/jenkins/jobs/AL_jenkins_pipeline_library/branches/Fix-to-LIBRA.0ke5dm.RANCH-NAME-2</path>
      <usage>1340</usage>
      <fullName>AL_jenkins_pipeline_library/Fix_to_LIBRARY_BRANCH_NAME_2</fullName>
      <url>job/AL_jenkins_pipeline_library/job/Fix_to_LIBRARY_BRANCH_NAME_2/</url>
    </com.cloudbees.simplediskusage.JobDiskItem>
    <com.cloudbees.simplediskusage.JobDiskItem>
      <displayName>AL Jenkins Pipeline Library » fix_doCleanUp_method</displayName>
      <path>/var/jenkins/jobs/AL_jenkins_pipeline_library/branches/fix-doCleanUp-method.tomukj</path>
      <usage>605</usage>
      <fullName>AL_jenkins_pipeline_library/fix_doCleanUp_method</fullName>
      <url>job/AL_jenkins_pipeline_library/job/fix_doCleanUp_method/</url>
    </com.cloudbees.simplediskusage.JobDiskItem>
    <com.cloudbees.simplediskusage.JobDiskItem>
      <displayName>AL Jenkins Pipeline Library » PR-94</displayName>
      <path>/var/jenkins/jobs/AL_jenkins_pipeline_library/branches/PR-94</path>
      <usage>758</usage>
      <fullName>AL_jenkins_pipeline_library/PR-94</fullName>
      <url>job/AL_jenkins_pipeline_library/job/PR-94/</url>
    </com.cloudbees.simplediskusage.JobDiskItem>
    <com.cloudbees.simplediskusage.JobDiskItem>
      <displayName>AL Jenkins Pipeline Library » 22844</displayName>
      <path>/var/jenkins/jobs/AL_jenkins_pipeline_library/branches/22844</path>
      <usage>700</usage>
      <fullName>AL_jenkins_pipeline_library/22844</fullName>
      <url>job/AL_jenkins_pipeline_library/job/22844/</url>
    </com.cloudbees.simplediskusage.JobDiskItem>
    <com.cloudbees.simplediskusage.JobDiskItem>
      <displayName>AL Jenkins Pipeline Library » Fix_for_rezBuild_branch_name</displayName>
      <path>/var/jenkins/jobs/AL_jenkins_pipeline_library/branches/Fix-for-rezB.vhp27b.-branch-name</path>
      <usage>2203</usage>
      <fullName>AL_jenkins_pipeline_library/Fix_for_rezBuild_branch_name</fullName>
      <url>job/AL_jenkins_pipeline_library/job/Fix_for_rezBuild_branch_name/</url>
    </com.cloudbees.simplediskusage.JobDiskItem>
    <com.cloudbees.simplediskusage.JobDiskItem>
      <displayName>AL Jenkins Pipeline Library » mq-updateBondSuite</displayName>
      <path>/var/jenkins/jobs/AL_jenkins_pipeline_library/branches/mq-updateBondSuite</path>
      <usage>785</usage>
      <fullName>AL_jenkins_pipeline_library/mq-updateBondSuite</fullName>
      <url>job/AL_jenkins_pipeline_library/job/mq-updateBondSuite/</url>
    </com.cloudbees.simplediskusage.JobDiskItem>
    <com.cloudbees.simplediskusage.JobDiskItem>
      <displayName>AL Jenkins Pipeline Library » change_glimpse_dependencies</displayName>
      <path>/var/jenkins/jobs/AL_jenkins_pipeline_library/branches/change-glimp.dm51li.dependencies</path>
      <usage>177</usage>
      <fullName>AL_jenkins_pipeline_library/change_glimpse_dependencies</fullName>
      <url>job/AL_jenkins_pipeline_library/job/change_glimpse_dependencies/</url>
    </com.cloudbees.simplediskusage.JobDiskItem>
    <com.cloudbees.simplediskusage.JobDiskItem>
      <displayName>AL Jenkins Pipeline Library » PR-111</displayName>
      <path>/var/jenkins/jobs/AL_jenkins_pipeline_library/branches/PR-111</path>
      <usage>3873</usage>
      <fullName>AL_jenkins_pipeline_library/PR-111</fullName>
      <url>job/AL_jenkins_pipeline_library/job/PR-111/</url>
    </com.cloudbees.simplediskusage.JobDiskItem>
    <com.cloudbees.simplediskusage.JobDiskItem>
      <displayName>AL Jenkins Pipeline Library » PR-114</displayName>
      <path>/var/jenkins/jobs/AL_jenkins_pipeline_library/branches/PR-114</path>
      <usage>1829</usage>
      <fullName>AL_jenkins_pipeline_library/PR-114</fullName>
      <url>job/AL_jenkins_pipeline_library/job/PR-114/</url>
    </com.cloudbees.simplediskusage.JobDiskItem>
    <com.cloudbees.simplediskusage.JobDiskItem>
      <displayName>AL Jenkins Pipeline Library » fabricem_throw_tests_exception</displayName>
      <path>/var/jenkins/jobs/AL_jenkins_pipeline_library/branches/fabricem-thr.ic0ee1.ts-exception</path>
      <usage>602</usage>
      <fullName>AL_jenkins_pipeline_library/fabricem_throw_tests_exception</fullName>
      <url>job/AL_jenkins_pipeline_library/job/fabricem_throw_tests_exception/</url>
    </com.cloudbees.simplediskusage.JobDiskItem>
    <com.cloudbees.simplediskusage.JobDiskItem>
      <displayName>AL Jenkins Pipeline Library » DT_22678_TestForceLocal</displayName>
      <path>/var/jenkins/jobs/AL_jenkins_pipeline_library/branches/DT-22678-TestForceLocal.ff67j8</path>
      <usage>178</usage>
      <fullName>AL_jenkins_pipeline_library/DT_22678_TestForceLocal</fullName>
      <url>job/AL_jenkins_pipeline_library/job/DT_22678_TestForceLocal/</url>
    </com.cloudbees.simplediskusage.JobDiskItem>
    <com.cloudbees.simplediskusage.JobDiskItem>
      <displayName>AL Jenkins Pipeline Library » mq-fixBondSuiteSyntax</displayName>
      <path>/var/jenkins/jobs/AL_jenkins_pipeline_library/branches/mq-fixBondSuiteSyntax</path>
      <usage>773</usage>
      <fullName>AL_jenkins_pipeline_library/mq-fixBondSuiteSyntax</fullName>
      <url>job/AL_jenkins_pipeline_library/job/mq-fixBondSuiteSyntax/</url>
    </com.cloudbees.simplediskusage.JobDiskItem>
    <com.cloudbees.simplediskusage.JobDiskItem>
      <displayName>AL Jenkins Pipeline Library » suite_dep_for_build_step</displayName>
      <path>/var/jenkins/jobs/AL_jenkins_pipeline_library/branches/suite-dep-for-build-step.uqfo7r</path>
      <usage>1766</usage>
      <fullName>AL_jenkins_pipeline_library/suite_dep_for_build_step</fullName>
      <url>job/AL_jenkins_pipeline_library/job/suite_dep_for_build_step/</url>
    </com.cloudbees.simplediskusage.JobDiskItem>
    <com.cloudbees.simplediskusage.JobDiskItem>
      <displayName>AL Jenkins Pipeline Library » FixTestsForBranchName</displayName>
      <path>/var/jenkins/jobs/AL_jenkins_pipeline_library/branches/FixTestsForBranchName</path>
      <usage>178</usage>
      <fullName>AL_jenkins_pipeline_library/FixTestsForBranchName</fullName>
      <url>job/AL_jenkins_pipeline_library/job/FixTestsForBranchName/</url>
    </com.cloudbees.simplediskusage.JobDiskItem>
    <com.cloudbees.simplediskusage.JobDiskItem>
      <displayName>AL Jenkins Pipeline Library » DocumentationUpdates</displayName>
      <path>/var/jenkins/jobs/AL_jenkins_pipeline_library/branches/DocumentationUpdates</path>
      <usage>588</usage>
      <fullName>AL_jenkins_pipeline_library/DocumentationUpdates</fullName>
      <url>job/AL_jenkins_pipeline_library/job/DocumentationUpdates/</url>
    </com.cloudbees.simplediskusage.JobDiskItem>
    <com.cloudbees.simplediskusage.JobDiskItem>
      <displayName>AL Jenkins Pipeline Library » PR-103</displayName>
      <path>/var/jenkins/jobs/AL_jenkins_pipeline_library/branches/PR-103</path>
      <usage>12336</usage>
      <fullName>AL_jenkins_pipeline_library/PR-103</fullName>
      <url>job/AL_jenkins_pipeline_library/job/PR-103/</url>
    </com.cloudbees.simplediskusage.JobDiskItem>
    <com.cloudbees.simplediskusage.JobDiskItem>
      <displayName>AL Jenkins Pipeline Library » PR-112</displayName>
      <path>/var/jenkins/jobs/AL_jenkins_pipeline_library/branches/PR-112</path>
      <usage>561</usage>
      <fullName>AL_jenkins_pipeline_library/PR-112</fullName>
      <url>job/AL_jenkins_pipeline_library/job/PR-112/</url>
    </com.cloudbees.simplediskusage.JobDiskItem>
    <com.cloudbees.simplediskusage.JobDiskItem>
      <displayName>AL Jenkins Pipeline Library » PassRezForceLocalToRezTest</displayName>
      <path>/var/jenkins/jobs/AL_jenkins_pipeline_library/branches/PassRezForceLocalToRezTest</path>
      <usage>4509</usage>
      <fullName>AL_jenkins_pipeline_library/PassRezForceLocalToRezTest</fullName>
      <url>job/AL_jenkins_pipeline_library/job/PassRezForceLocalToRezTest/</url>
    </com.cloudbees.simplediskusage.JobDiskItem>
    <com.cloudbees.simplediskusage.JobDiskItem>
      <displayName>AL Jenkins Pipeline Library » 22727_improve_fallback</displayName>
      <path>/var/jenkins/jobs/AL_jenkins_pipeline_library/branches/22727-improve-fallback.m8slo6</path>
      <usage>178</usage>
      <fullName>AL_jenkins_pipeline_library/22727_improve_fallback</fullName>
      <url>job/AL_jenkins_pipeline_library/job/22727_improve_fallback/</url>
    </com.cloudbees.simplediskusage.JobDiskItem>
    <com.cloudbees.simplediskusage.JobDiskItem>
      <displayName>AL Jenkins Pipeline Library » PR-110</displayName>
      <path>/var/jenkins/jobs/AL_jenkins_pipeline_library/branches/PR-110</path>
      <usage>1266</usage>
      <fullName>AL_jenkins_pipeline_library/PR-110</fullName>
      <url>job/AL_jenkins_pipeline_library/job/PR-110/</url>
    </com.cloudbees.simplediskusage.JobDiskItem>
    <com.cloudbees.simplediskusage.JobDiskItem>
      <displayName>rndtest_glimpse_oiio_multibranch » DT_20988_Jenkins_Pipeline</displayName>
      <path>/var/jenkins/jobs/rndtest_glimpse_oiio_multibranch/branches/DT-20988-Jenkins-Pipeline.181oj1</path>
      <usage>13</usage>
      <fullName>rndtest_glimpse_oiio_multibranch/DT_20988_Jenkins_Pipeline</fullName>
      <url>job/rndtest_glimpse_oiio_multibranch/job/DT_20988_Jenkins_Pipeline/</url>
    </com.cloudbees.simplediskusage.JobDiskItem>
    <com.cloudbees.simplediskusage.JobDiskItem>
      <displayName>rndtest_glimpse_oiio_multibranch » develop</displayName>
      <path>/var/jenkins/jobs/rndtest_glimpse_oiio_multibranch/branches/develop</path>
      <usage>6686</usage>
      <fullName>rndtest_glimpse_oiio_multibranch/develop</fullName>
      <url>job/rndtest_glimpse_oiio_multibranch/job/develop/</url>
    </com.cloudbees.simplediskusage.JobDiskItem>
    <com.cloudbees.simplediskusage.JobDiskItem>
      <displayName>rndtest_glimpse_ptex_multibranch » DT_20988_Jenkins_Pipeline</displayName>
      <path>/var/jenkins/jobs/rndtest_glimpse_ptex_multibranch/branches/DT-20988-Jenkins-Pipeline.181oj1</path>
      <usage>37</usage>
      <fullName>rndtest_glimpse_ptex_multibranch/DT_20988_Jenkins_Pipeline</fullName>
      <url>job/rndtest_glimpse_ptex_multibranch/job/DT_20988_Jenkins_Pipeline/</url>
    </com.cloudbees.simplediskusage.JobDiskItem>
    <com.cloudbees.simplediskusage.JobDiskItem>
      <displayName>rndtest_glimpse_ptex_multibranch » develop</displayName>
      <path>/var/jenkins/jobs/rndtest_glimpse_ptex_multibranch/branches/develop</path>
      <usage>3232</usage>
      <fullName>rndtest_glimpse_ptex_multibranch/develop</fullName>
      <url>job/rndtest_glimpse_ptex_multibranch/job/develop/</url>
    </com.cloudbees.simplediskusage.JobDiskItem>
    <com.cloudbees.simplediskusage.JobDiskItem>
      <displayName>rndtest_pyGlimpse » master</displayName>
      <path>/var/jenkins/jobs/rndtest_pyGlimpse/branches/master</path>
      <usage>15809</usage>
      <fullName>rndtest_pyGlimpse/master</fullName>
      <url>job/rndtest_pyGlimpse/job/master/</url>
    </com.cloudbees.simplediskusage.JobDiskItem>
    <com.cloudbees.simplediskusage.JobDiskItem>
      <displayName>rndtest_pyGlimpse » develop</displayName>
      <path>/var/jenkins/jobs/rndtest_pyGlimpse/branches/develop</path>
      <usage>60215</usage>
      <fullName>rndtest_pyGlimpse/develop</fullName>
      <url>job/rndtest_pyGlimpse/job/develop/</url>
    </com.cloudbees.simplediskusage.JobDiskItem>
    <com.cloudbees.simplediskusage.JobDiskItem>
      <displayName>rndtest_glimpse » master</displayName>
      <path>/var/jenkins/jobs/rndtest_glimpse/branches/master</path>
      <usage>13164</usage>
      <fullName>rndtest_glimpse/master</fullName>
      <url>job/rndtest_glimpse/job/master/</url>
    </com.cloudbees.simplediskusage.JobDiskItem>
    <com.cloudbees.simplediskusage.JobDiskItem>
      <displayName>rndtest_glimpse » develop</displayName>
      <path>/var/jenkins/jobs/rndtest_glimpse/branches/develop</path>
      <usage>49920</usage>
      <fullName>rndtest_glimpse/develop</fullName>
      <url>job/rndtest_glimpse/job/develop/</url>
    </com.cloudbees.simplediskusage.JobDiskItem>
    <com.cloudbees.simplediskusage.JobDiskItem>
      <displayName>rndtest_glance » PR-2</displayName>
      <path>/var/jenkins/jobs/rndtest_glance/branches/PR-2</path>
      <usage>60</usage>
      <fullName>rndtest_glance/PR-2</fullName>
      <url>job/rndtest_glance/job/PR-2/</url>
    </com.cloudbees.simplediskusage.JobDiskItem>
    <com.cloudbees.simplediskusage.JobDiskItem>
      <displayName>rndtest_glance » DT_20988_Jenkins_Pipeline</displayName>
      <path>/var/jenkins/jobs/rndtest_glance/branches/DT-20988-Jenkins-Pipeline.181oj1</path>
      <usage>36</usage>
      <fullName>rndtest_glance/DT_20988_Jenkins_Pipeline</fullName>
      <url>job/rndtest_glance/job/DT_20988_Jenkins_Pipeline/</url>
    </com.cloudbees.simplediskusage.JobDiskItem>
    <com.cloudbees.simplediskusage.JobDiskItem>
      <displayName>rndtest_glance » master</displayName>
      <path>/var/jenkins/jobs/rndtest_glance/branches/master</path>
      <usage>14162</usage>
      <fullName>rndtest_glance/master</fullName>
      <url>job/rndtest_glance/job/master/</url>
    </com.cloudbees.simplediskusage.JobDiskItem>
    <com.cloudbees.simplediskusage.JobDiskItem>
      <displayName>rndtest_glance » develop</displayName>
      <path>/var/jenkins/jobs/rndtest_glance/branches/develop</path>
      <usage>57965</usage>
      <fullName>rndtest_glance/develop</fullName>
      <url>job/rndtest_glance/job/develop/</url>
    </com.cloudbees.simplediskusage.JobDiskItem>
    <com.cloudbees.simplediskusage.JobDiskItem>
      <displayName>(rndtest) Vortex Library » master</displayName>
      <path>/var/jenkins/jobs/rndtest_vortexLibrary/branches/master</path>
      <usage>212946</usage>
      <fullName>rndtest_vortexLibrary/master</fullName>
      <url>job/rndtest_vortexLibrary/job/master/</url>
    </com.cloudbees.simplediskusage.JobDiskItem>
    <com.cloudbees.simplediskusage.JobDiskItem>
      <displayName>rndtest_glimpseMaya_multibranch » DT_20988_Jenkins_Pipeline</displayName>
      <path>/var/jenkins/jobs/rndtest_glimpseMaya_multibranch/branches/DT-20988-Jenkins-Pipeline.181oj1</path>
      <usage>37</usage>
      <fullName>rndtest_glimpseMaya_multibranch/DT_20988_Jenkins_Pipeline</fullName>
      <url>job/rndtest_glimpseMaya_multibranch/job/DT_20988_Jenkins_Pipeline/</url>
    </com.cloudbees.simplediskusage.JobDiskItem>
    <com.cloudbees.simplediskusage.JobDiskItem>
      <displayName>rndtest_glimpseMaya_multibranch » develop</displayName>
      <path>/var/jenkins/jobs/rndtest_glimpseMaya_multibranch/branches/develop</path>
      <usage>21640</usage>
      <fullName>rndtest_glimpseMaya_multibranch/develop</fullName>
      <url>job/rndtest_glimpseMaya_multibranch/job/develop/</url>
    </com.cloudbees.simplediskusage.JobDiskItem>
    <com.cloudbees.simplediskusage.JobDiskItem>
      <displayName>(rndtest) glimpse (multi branch) » bla</displayName>
      <path>/var/jenkins/jobs/rndtest_glimpse_multibranch/branches/bla</path>
      <usage>5948</usage>
      <fullName>rndtest_glimpse_multibranch/bla</fullName>
      <url>job/rndtest_glimpse_multibranch/job/bla/</url>
    </com.cloudbees.simplediskusage.JobDiskItem>
    <com.cloudbees.simplediskusage.JobDiskItem>
      <displayName>(rndtest) glimpse (multi branch) » foo</displayName>
      <path>/var/jenkins/jobs/rndtest_glimpse_multibranch/branches/foo</path>
      <usage>2045</usage>
      <fullName>rndtest_glimpse_multibranch/foo</fullName>
      <url>job/rndtest_glimpse_multibranch/job/foo/</url>
    </com.cloudbees.simplediskusage.JobDiskItem>
    <com.cloudbees.simplediskusage.JobDiskItem>
      <displayName>(rndtest) glimpse (multi branch) » DT_20988_Jenkins_Pipeline_Part_II</displayName>
      <path>/var/jenkins/jobs/rndtest_glimpse_multibranch/branches/DT-20988-Jen.anvpb7.line-Part-II</path>
      <usage>4203</usage>
      <fullName>rndtest_glimpse_multibranch/DT_20988_Jenkins_Pipeline_Part_II</fullName>
      <url>job/rndtest_glimpse_multibranch/job/DT_20988_Jenkins_Pipeline_Part_II/</url>
    </com.cloudbees.simplediskusage.JobDiskItem>
    <com.cloudbees.simplediskusage.JobDiskItem>
      <displayName>(rndtest) glimpse (multi branch) » DT_20988_Jenkins_Pipeline</displayName>
      <path>/var/jenkins/jobs/rndtest_glimpse_multibranch/branches/DT-20988-Jenkins-Pipeline.181oj1</path>
      <usage>11058</usage>
      <fullName>rndtest_glimpse_multibranch/DT_20988_Jenkins_Pipeline</fullName>
      <url>job/rndtest_glimpse_multibranch/job/DT_20988_Jenkins_Pipeline/</url>
    </com.cloudbees.simplediskusage.JobDiskItem>
    <com.cloudbees.simplediskusage.JobDiskItem>
      <displayName>(rndtest) glimpse (multi branch) » master</displayName>
      <path>/var/jenkins/jobs/rndtest_glimpse_multibranch/branches/master</path>
      <usage>13929</usage>
      <fullName>rndtest_glimpse_multibranch/master</fullName>
      <url>job/rndtest_glimpse_multibranch/job/master/</url>
    </com.cloudbees.simplediskusage.JobDiskItem>
    <com.cloudbees.simplediskusage.JobDiskItem>
      <displayName>(rndtest) glimpse (multi branch) » DT_22678_TestForceLocal</displayName>
      <path>/var/jenkins/jobs/rndtest_glimpse_multibranch/branches/DT-22678-TestForceLocal.ff67j8</path>
      <usage>6832</usage>
      <fullName>rndtest_glimpse_multibranch/DT_22678_TestForceLocal</fullName>
      <url>job/rndtest_glimpse_multibranch/job/DT_22678_TestForceLocal/</url>
    </com.cloudbees.simplediskusage.JobDiskItem>
    <com.cloudbees.simplediskusage.JobDiskItem>
      <displayName>(rndtest) glimpse (multi branch) » DT_22727_develop_test</displayName>
      <path>/var/jenkins/jobs/rndtest_glimpse_multibranch/branches/DT-22727-develop-test.ntis2n</path>
      <usage>6741</usage>
      <fullName>rndtest_glimpse_multibranch/DT_22727_develop_test</fullName>
      <url>job/rndtest_glimpse_multibranch/job/DT_22727_develop_test/</url>
    </com.cloudbees.simplediskusage.JobDiskItem>
    <com.cloudbees.simplediskusage.JobDiskItem>
      <displayName>(rndtest) glimpse (multi branch) » BranchFoo</displayName>
      <path>/var/jenkins/jobs/rndtest_glimpse_multibranch/branches/BranchFoo</path>
      <usage>11435</usage>
      <fullName>rndtest_glimpse_multibranch/BranchFoo</fullName>
      <url>job/rndtest_glimpse_multibranch/job/BranchFoo/</url>
    </com.cloudbees.simplediskusage.JobDiskItem>
    <com.cloudbees.simplediskusage.JobDiskItem>
      <displayName>(rndtest) glimpse (multi branch) » develop</displayName>
      <path>/var/jenkins/jobs/rndtest_glimpse_multibranch/branches/develop</path>
      <usage>11109</usage>
      <fullName>rndtest_glimpse_multibranch/develop</fullName>
      <url>job/rndtest_glimpse_multibranch/job/develop/</url>
    </com.cloudbees.simplediskusage.JobDiskItem>
    <com.cloudbees.simplediskusage.JobDiskItem>
      <displayName>EML_DEPLOY_php_linux-x64</displayName>
      <path>/var/jenkins/jobs/EML_DEPLOY_php_linux-x64</path>
      <usage>202</usage>
      <fullName>EML_DEPLOY_php_linux-x64</fullName>
      <url>job/EML_DEPLOY_php_linux-x64/</url>
    </com.cloudbees.simplediskusage.JobDiskItem>
    <com.cloudbees.simplediskusage.JobDiskItem>
      <displayName>rndtest_glimpse_sl_multibranch » test_glimpse_develop_not_triggering</displayName>
      <path>/var/jenkins/jobs/rndtest_glimpse_sl_multibranch/branches/test-glimpse.1gaojm.t-triggering</path>
      <usage>991</usage>
      <fullName>rndtest_glimpse_sl_multibranch/test_glimpse_develop_not_triggering</fullName>
      <url>job/rndtest_glimpse_sl_multibranch/job/test_glimpse_develop_not_triggering/</url>
    </com.cloudbees.simplediskusage.JobDiskItem>
    <com.cloudbees.simplediskusage.JobDiskItem>
      <displayName>rndtest_glimpse_sl_multibranch » DT_20988_Jenkins_Pipeline</displayName>
      <path>/var/jenkins/jobs/rndtest_glimpse_sl_multibranch/branches/DT-20988-Jenkins-Pipeline.181oj1</path>
      <usage>5008</usage>
      <fullName>rndtest_glimpse_sl_multibranch/DT_20988_Jenkins_Pipeline</fullName>
      <url>job/rndtest_glimpse_sl_multibranch/job/DT_20988_Jenkins_Pipeline/</url>
    </com.cloudbees.simplediskusage.JobDiskItem>
    <com.cloudbees.simplediskusage.JobDiskItem>
      <displayName>rndtest_glimpse_sl_multibranch » develop</displayName>
      <path>/var/jenkins/jobs/rndtest_glimpse_sl_multibranch/branches/develop</path>
      <usage>785</usage>
      <fullName>rndtest_glimpse_sl_multibranch/develop</fullName>
      <url>job/rndtest_glimpse_sl_multibranch/job/develop/</url>
    </com.cloudbees.simplediskusage.JobDiskItem>
    <com.cloudbees.simplediskusage.JobDiskItem>
      <displayName>rndtest_glance_multibranch » PR-2</displayName>
      <path>/var/jenkins/jobs/rndtest_glance_multibranch/branches/PR-2</path>
      <usage>60</usage>
      <fullName>rndtest_glance_multibranch/PR-2</fullName>
      <url>job/rndtest_glance_multibranch/job/PR-2/</url>
    </com.cloudbees.simplediskusage.JobDiskItem>
    <com.cloudbees.simplediskusage.JobDiskItem>
      <displayName>rndtest_glance_multibranch » DT_20988_Jenkins_Pipeline</displayName>
      <path>/var/jenkins/jobs/rndtest_glance_multibranch/branches/DT-20988-Jenkins-Pipeline.181oj1</path>
      <usage>37</usage>
      <fullName>rndtest_glance_multibranch/DT_20988_Jenkins_Pipeline</fullName>
      <url>job/rndtest_glance_multibranch/job/DT_20988_Jenkins_Pipeline/</url>
    </com.cloudbees.simplediskusage.JobDiskItem>
    <com.cloudbees.simplediskusage.JobDiskItem>
      <displayName>rndtest_glance_multibranch » DT_22727_TestBranch</displayName>
      <path>/var/jenkins/jobs/rndtest_glance_multibranch/branches/DT-22727-TestBranch.q0jndr</path>
      <usage>14</usage>
      <fullName>rndtest_glance_multibranch/DT_22727_TestBranch</fullName>
      <url>job/rndtest_glance_multibranch/job/DT_22727_TestBranch/</url>
    </com.cloudbees.simplediskusage.JobDiskItem>
    <com.cloudbees.simplediskusage.JobDiskItem>
      <displayName>rndtest_glance_multibranch » develop</displayName>
      <path>/var/jenkins/jobs/rndtest_glance_multibranch/branches/develop</path>
      <usage>11749</usage>
      <fullName>rndtest_glance_multibranch/develop</fullName>
      <url>job/rndtest_glance_multibranch/job/develop/</url>
    </com.cloudbees.simplediskusage.JobDiskItem>
    <com.cloudbees.simplediskusage.JobDiskItem>
      <displayName>rndtest_LauncherDiff » master</displayName>
      <path>/var/jenkins/jobs/rndtest_LauncherDiff/branches/master</path>
      <usage>27512</usage>
      <fullName>rndtest_LauncherDiff/master</fullName>
      <url>job/rndtest_LauncherDiff/job/master/</url>
    </com.cloudbees.simplediskusage.JobDiskItem>
    <com.cloudbees.simplediskusage.JobDiskItem>
      <displayName>rndtest_LauncherDiff » DT_22727_TestBranch</displayName>
      <path>/var/jenkins/jobs/rndtest_LauncherDiff/branches/DT-22727-TestBranch.q0jndr</path>
      <usage>1528</usage>
      <fullName>rndtest_LauncherDiff/DT_22727_TestBranch</fullName>
      <url>job/rndtest_LauncherDiff/job/DT_22727_TestBranch/</url>
    </com.cloudbees.simplediskusage.JobDiskItem>
    <com.cloudbees.simplediskusage.JobDiskItem>
      <displayName>rndtest_LauncherDiff » DT_22516_runALPipeline_Tests_part_II</displayName>
      <path>/var/jenkins/jobs/rndtest_LauncherDiff/branches/DT-22516-run.hc4d7d.ests-part-II</path>
      <usage>5450</usage>
      <fullName>rndtest_LauncherDiff/DT_22516_runALPipeline_Tests_part_II</fullName>
      <url>job/rndtest_LauncherDiff/job/DT_22516_runALPipeline_Tests_part_II/</url>
    </com.cloudbees.simplediskusage.JobDiskItem>
    <com.cloudbees.simplediskusage.JobDiskItem>
      <displayName>rndtest_LauncherDiff » DT_22644_Add_rez_force_local</displayName>
      <path>/var/jenkins/jobs/rndtest_LauncherDiff/branches/DT-22644-Add.icoeei.-force-local</path>
      <usage>38</usage>
      <fullName>rndtest_LauncherDiff/DT_22644_Add_rez_force_local</fullName>
      <url>job/rndtest_LauncherDiff/job/DT_22644_Add_rez_force_local/</url>
    </com.cloudbees.simplediskusage.JobDiskItem>
    <com.cloudbees.simplediskusage.JobDiskItem>
      <displayName>rndtest_LauncherDiff » PR-1</displayName>
      <path>/var/jenkins/jobs/rndtest_LauncherDiff/branches/PR-1</path>
      <usage>15371</usage>
      <fullName>rndtest_LauncherDiff/PR-1</fullName>
      <url>job/rndtest_LauncherDiff/job/PR-1/</url>
    </com.cloudbees.simplediskusage.JobDiskItem>
    <com.cloudbees.simplediskusage.JobDiskItem>
      <displayName>rndtest_LauncherDiff » PassRezForceLocalToRezTest</displayName>
      <path>/var/jenkins/jobs/rndtest_LauncherDiff/branches/PassRezForceLocalToRezTest</path>
      <usage>36</usage>
      <fullName>rndtest_LauncherDiff/PassRezForceLocalToRezTest</fullName>
      <url>job/rndtest_LauncherDiff/job/PassRezForceLocalToRezTest/</url>
    </com.cloudbees.simplediskusage.JobDiskItem>
    <com.cloudbees.simplediskusage.JobDiskItem>
      <displayName>rndtest_pluginsGlimpse » PR-2</displayName>
      <path>/var/jenkins/jobs/rndtest_pluginsGlimpse/branches/PR-2</path>
      <usage>60</usage>
      <fullName>rndtest_pluginsGlimpse/PR-2</fullName>
      <url>job/rndtest_pluginsGlimpse/job/PR-2/</url>
    </com.cloudbees.simplediskusage.JobDiskItem>
    <com.cloudbees.simplediskusage.JobDiskItem>
      <displayName>rndtest_pluginsGlimpse » DT_20988_Jenkins_Pipeline</displayName>
      <path>/var/jenkins/jobs/rndtest_pluginsGlimpse/branches/DT-20988-Jenkins-Pipeline.181oj1</path>
      <usage>36</usage>
      <fullName>rndtest_pluginsGlimpse/DT_20988_Jenkins_Pipeline</fullName>
      <url>job/rndtest_pluginsGlimpse/job/DT_20988_Jenkins_Pipeline/</url>
    </com.cloudbees.simplediskusage.JobDiskItem>
    <com.cloudbees.simplediskusage.JobDiskItem>
      <displayName>rndtest_pluginsGlimpse » master</displayName>
      <path>/var/jenkins/jobs/rndtest_pluginsGlimpse/branches/master</path>
      <usage>21404</usage>
      <fullName>rndtest_pluginsGlimpse/master</fullName>
      <url>job/rndtest_pluginsGlimpse/job/master/</url>
    </com.cloudbees.simplediskusage.JobDiskItem>
    <com.cloudbees.simplediskusage.JobDiskItem>
      <displayName>rndtest_pluginsGlimpse » develop</displayName>
      <path>/var/jenkins/jobs/rndtest_pluginsGlimpse/branches/develop</path>
      <usage>68118</usage>
      <fullName>rndtest_pluginsGlimpse/develop</fullName>
      <url>job/rndtest_pluginsGlimpse/job/develop/</url>
    </com.cloudbees.simplediskusage.JobDiskItem>
    <com.cloudbees.simplediskusage.JobDiskItem>
      <displayName>rndtest_pluginsGlimpse_multibranch » PR-2</displayName>
      <path>/var/jenkins/jobs/rndtest_pluginsGlimpse_multibranch/branches/PR-2</path>
      <usage>60</usage>
      <fullName>rndtest_pluginsGlimpse_multibranch/PR-2</fullName>
      <url>job/rndtest_pluginsGlimpse_multibranch/job/PR-2/</url>
    </com.cloudbees.simplediskusage.JobDiskItem>
    <com.cloudbees.simplediskusage.JobDiskItem>
      <displayName>rndtest_pluginsGlimpse_multibranch » DT_20988_Jenkins_Pipeline</displayName>
      <path>/var/jenkins/jobs/rndtest_pluginsGlimpse_multibranch/branches/DT-20988-Jenkins-Pipeline.181oj1</path>
      <usage>37</usage>
      <fullName>rndtest_pluginsGlimpse_multibranch/DT_20988_Jenkins_Pipeline</fullName>
      <url>job/rndtest_pluginsGlimpse_multibranch/job/DT_20988_Jenkins_Pipeline/</url>
    </com.cloudbees.simplediskusage.JobDiskItem>
    <com.cloudbees.simplediskusage.JobDiskItem>
      <displayName>rndtest_pluginsGlimpse_multibranch » DT_22727_TestBranch</displayName>
      <path>/var/jenkins/jobs/rndtest_pluginsGlimpse_multibranch/branches/DT-22727-TestBranch.q0jndr</path>
      <usage>14</usage>
      <fullName>rndtest_pluginsGlimpse_multibranch/DT_22727_TestBranch</fullName>
      <url>job/rndtest_pluginsGlimpse_multibranch/job/DT_22727_TestBranch/</url>
    </com.cloudbees.simplediskusage.JobDiskItem>
    <com.cloudbees.simplediskusage.JobDiskItem>
      <displayName>rndtest_pluginsGlimpse_multibranch » develop</displayName>
      <path>/var/jenkins/jobs/rndtest_pluginsGlimpse_multibranch/branches/develop</path>
      <usage>16542</usage>
      <fullName>rndtest_pluginsGlimpse_multibranch/develop</fullName>
      <url>job/rndtest_pluginsGlimpse_multibranch/job/develop/</url>
    </com.cloudbees.simplediskusage.JobDiskItem>
    <com.cloudbees.simplediskusage.JobDiskItem>
      <displayName>rndtest_glimpse_oiio » master</displayName>
      <path>/var/jenkins/jobs/rndtest_glimpse_oiio/branches/master</path>
      <usage>16609</usage>
      <fullName>rndtest_glimpse_oiio/master</fullName>
      <url>job/rndtest_glimpse_oiio/job/master/</url>
    </com.cloudbees.simplediskusage.JobDiskItem>
    <com.cloudbees.simplediskusage.JobDiskItem>
      <displayName>rndtest_glimpse_oiio » develop</displayName>
      <path>/var/jenkins/jobs/rndtest_glimpse_oiio/branches/develop</path>
      <usage>50705</usage>
      <fullName>rndtest_glimpse_oiio/develop</fullName>
      <url>job/rndtest_glimpse_oiio/job/develop/</url>
    </com.cloudbees.simplediskusage.JobDiskItem>
    <com.cloudbees.simplediskusage.JobDiskItem>
      <displayName>rndtest_ashNodes_multibranch » DT_20988_Jenkins_Pipeline</displayName>
      <path>/var/jenkins/jobs/rndtest_ashNodes_multibranch/branches/DT-20988-Jenkins-Pipeline.181oj1</path>
      <usage>37</usage>
      <fullName>rndtest_ashNodes_multibranch/DT_20988_Jenkins_Pipeline</fullName>
      <url>job/rndtest_ashNodes_multibranch/job/DT_20988_Jenkins_Pipeline/</url>
    </com.cloudbees.simplediskusage.JobDiskItem>
    <com.cloudbees.simplediskusage.JobDiskItem>
      <displayName>rndtest_ashNodes_multibranch » develop</displayName>
      <path>/var/jenkins/jobs/rndtest_ashNodes_multibranch/branches/develop</path>
      <usage>8754</usage>
      <fullName>rndtest_ashNodes_multibranch/develop</fullName>
      <url>job/rndtest_ashNodes_multibranch/job/develop/</url>
    </com.cloudbees.simplediskusage.JobDiskItem>
    <com.cloudbees.simplediskusage.JobDiskItem>
      <displayName>rndtest_pyGlimpse_multibranch » DT_20988_Jenkins_Pipeline</displayName>
      <path>/var/jenkins/jobs/rndtest_pyGlimpse_multibranch/branches/DT-20988-Jenkins-Pipeline.181oj1</path>
      <usage>37</usage>
      <fullName>rndtest_pyGlimpse_multibranch/DT_20988_Jenkins_Pipeline</fullName>
      <url>job/rndtest_pyGlimpse_multibranch/job/DT_20988_Jenkins_Pipeline/</url>
    </com.cloudbees.simplediskusage.JobDiskItem>
    <com.cloudbees.simplediskusage.JobDiskItem>
      <displayName>rndtest_pyGlimpse_multibranch » DT_22678_TestForceLocal</displayName>
      <path>/var/jenkins/jobs/rndtest_pyGlimpse_multibranch/branches/DT-22678-TestForceLocal.ff67j8</path>
      <usage>38</usage>
      <fullName>rndtest_pyGlimpse_multibranch/DT_22678_TestForceLocal</fullName>
      <url>job/rndtest_pyGlimpse_multibranch/job/DT_22678_TestForceLocal/</url>
    </com.cloudbees.simplediskusage.JobDiskItem>
    <com.cloudbees.simplediskusage.JobDiskItem>
      <displayName>rndtest_pyGlimpse_multibranch » develop</displayName>
      <path>/var/jenkins/jobs/rndtest_pyGlimpse_multibranch/branches/develop</path>
      <usage>14453</usage>
      <fullName>rndtest_pyGlimpse_multibranch/develop</fullName>
      <url>job/rndtest_pyGlimpse_multibranch/job/develop/</url>
    </com.cloudbees.simplediskusage.JobDiskItem>
    <com.cloudbees.simplediskusage.JobDiskItem>
      <displayName>rndtest_glimpseView_multibranch » DT_20988_Jenkins_Pipeline</displayName>
      <path>/var/jenkins/jobs/rndtest_glimpseView_multibranch/branches/DT-20988-Jenkins-Pipeline.181oj1</path>
      <usage>37</usage>
      <fullName>rndtest_glimpseView_multibranch/DT_20988_Jenkins_Pipeline</fullName>
      <url>job/rndtest_glimpseView_multibranch/job/DT_20988_Jenkins_Pipeline/</url>
    </com.cloudbees.simplediskusage.JobDiskItem>
    <com.cloudbees.simplediskusage.JobDiskItem>
      <displayName>rndtest_glimpseView_multibranch » develop</displayName>
      <path>/var/jenkins/jobs/rndtest_glimpseView_multibranch/branches/develop</path>
      <usage>14790</usage>
      <fullName>rndtest_glimpseView_multibranch/develop</fullName>
      <url>job/rndtest_glimpseView_multibranch/job/develop/</url>
    </com.cloudbees.simplediskusage.JobDiskItem>
    <com.cloudbees.simplediskusage.JobDiskItem>
      <displayName>rndtest_glimpseTest » PR-2</displayName>
      <path>/var/jenkins/jobs/rndtest_glimpseTest/branches/PR-2</path>
      <usage>210</usage>
      <fullName>rndtest_glimpseTest/PR-2</fullName>
      <url>job/rndtest_glimpseTest/job/PR-2/</url>
    </com.cloudbees.simplediskusage.JobDiskItem>
    <com.cloudbees.simplediskusage.JobDiskItem>
      <displayName>rndtest_glimpseTest » DT_20988_Jenkins_Pipeline</displayName>
      <path>/var/jenkins/jobs/rndtest_glimpseTest/branches/DT-20988-Jenkins-Pipeline.181oj1</path>
      <usage>155</usage>
      <fullName>rndtest_glimpseTest/DT_20988_Jenkins_Pipeline</fullName>
      <url>job/rndtest_glimpseTest/job/DT_20988_Jenkins_Pipeline/</url>
    </com.cloudbees.simplediskusage.JobDiskItem>
    <com.cloudbees.simplediskusage.JobDiskItem>
      <displayName>rndtest_glimpseTest » master</displayName>
      <path>/var/jenkins/jobs/rndtest_glimpseTest/branches/master</path>
      <usage>46812</usage>
      <fullName>rndtest_glimpseTest/master</fullName>
      <url>job/rndtest_glimpseTest/job/master/</url>
    </com.cloudbees.simplediskusage.JobDiskItem>
    <com.cloudbees.simplediskusage.JobDiskItem>
      <displayName>rndtest_glimpseTest » develop</displayName>
      <path>/var/jenkins/jobs/rndtest_glimpseTest/branches/develop</path>
      <usage>87917</usage>
      <fullName>rndtest_glimpseTest/develop</fullName>
      <url>job/rndtest_glimpseTest/job/develop/</url>
    </com.cloudbees.simplediskusage.JobDiskItem>
    <com.cloudbees.simplediskusage.JobDiskItem>
      <displayName>rndtest_glimpseMaya » master</displayName>
      <path>/var/jenkins/jobs/rndtest_glimpseMaya/branches/master</path>
      <usage>19598</usage>
      <fullName>rndtest_glimpseMaya/master</fullName>
      <url>job/rndtest_glimpseMaya/job/master/</url>
    </com.cloudbees.simplediskusage.JobDiskItem>
    <com.cloudbees.simplediskusage.JobDiskItem>
      <displayName>rndtest_glimpseMaya » develop</displayName>
      <path>/var/jenkins/jobs/rndtest_glimpseMaya/branches/develop</path>
      <usage>63183</usage>
      <fullName>rndtest_glimpseMaya/develop</fullName>
      <url>job/rndtest_glimpseMaya/job/develop/</url>
    </com.cloudbees.simplediskusage.JobDiskItem>
    <com.cloudbees.simplediskusage.JobDiskItem>
      <displayName>rndtest_Vortex_documentation</displayName>
      <path>/var/jenkins/jobs/rndtest_Vortex_documentation</path>
      <usage>18</usage>
      <fullName>rndtest_Vortex_documentation</fullName>
      <url>job/rndtest_Vortex_documentation/</url>
    </com.cloudbees.simplediskusage.JobDiskItem>
    <com.cloudbees.simplediskusage.JobDiskItem>
      <displayName>rndtest_ALFGlimpse_multibranch » DT_20988_Jenkins_Pipeline</displayName>
      <path>/var/jenkins/jobs/rndtest_ALFGlimpse_multibranch/branches/DT-20988-Jenkins-Pipeline.181oj1</path>
      <usage>2587</usage>
      <fullName>rndtest_ALFGlimpse_multibranch/DT_20988_Jenkins_Pipeline</fullName>
      <url>job/rndtest_ALFGlimpse_multibranch/job/DT_20988_Jenkins_Pipeline/</url>
    </com.cloudbees.simplediskusage.JobDiskItem>
    <com.cloudbees.simplediskusage.JobDiskItem>
      <displayName>rndtest_ALFGlimpse_multibranch » develop</displayName>
      <path>/var/jenkins/jobs/rndtest_ALFGlimpse_multibranch/branches/develop</path>
      <usage>10298</usage>
      <fullName>rndtest_ALFGlimpse_multibranch/develop</fullName>
      <url>job/rndtest_ALFGlimpse_multibranch/job/develop/</url>
    </com.cloudbees.simplediskusage.JobDiskItem>
    <com.cloudbees.simplediskusage.JobDiskItem>
      <displayName>rndtest_ashNodes » master</displayName>
      <path>/var/jenkins/jobs/rndtest_ashNodes/branches/master</path>
      <usage>11195</usage>
      <fullName>rndtest_ashNodes/master</fullName>
      <url>job/rndtest_ashNodes/job/master/</url>
    </com.cloudbees.simplediskusage.JobDiskItem>
    <com.cloudbees.simplediskusage.JobDiskItem>
      <displayName>rndtest_ashNodes » develop</displayName>
      <path>/var/jenkins/jobs/rndtest_ashNodes/branches/develop</path>
      <usage>43291</usage>
      <fullName>rndtest_ashNodes/develop</fullName>
      <url>job/rndtest_ashNodes/job/develop/</url>
    </com.cloudbees.simplediskusage.JobDiskItem>
    <com.cloudbees.simplediskusage.JobDiskItem>
      <displayName>rndtest_glimpse_sl » master</displayName>
      <path>/var/jenkins/jobs/rndtest_glimpse_sl/branches/master</path>
      <usage>15593</usage>
      <fullName>rndtest_glimpse_sl/master</fullName>
      <url>job/rndtest_glimpse_sl/job/master/</url>
    </com.cloudbees.simplediskusage.JobDiskItem>
    <com.cloudbees.simplediskusage.JobDiskItem>
      <displayName>rndtest_glimpse_sl » develop</displayName>
      <path>/var/jenkins/jobs/rndtest_glimpse_sl/branches/develop</path>
      <usage>46820</usage>
      <fullName>rndtest_glimpse_sl/develop</fullName>
      <url>job/rndtest_glimpse_sl/job/develop/</url>
    </com.cloudbees.simplediskusage.JobDiskItem>
    <com.cloudbees.simplediskusage.JobDiskItem>
      <displayName>rndtest_glimpse_ptex » master</displayName>
      <path>/var/jenkins/jobs/rndtest_glimpse_ptex/branches/master</path>
      <usage>11986</usage>
      <fullName>rndtest_glimpse_ptex/master</fullName>
      <url>job/rndtest_glimpse_ptex/job/master/</url>
    </com.cloudbees.simplediskusage.JobDiskItem>
    <com.cloudbees.simplediskusage.JobDiskItem>
      <displayName>rndtest_glimpse_ptex » develop</displayName>
      <path>/var/jenkins/jobs/rndtest_glimpse_ptex/branches/develop</path>
      <usage>39818</usage>
      <fullName>rndtest_glimpse_ptex/develop</fullName>
      <url>job/rndtest_glimpse_ptex/job/develop/</url>
    </com.cloudbees.simplediskusage.JobDiskItem>
    <com.cloudbees.simplediskusage.JobDiskItem>
      <displayName>(rndtest) Vortex_IntegrationTests » master</displayName>
      <path>/var/jenkins/jobs/rndtest_Vortex_IntegrationTests/branches/master</path>
      <usage>17106</usage>
      <fullName>rndtest_Vortex_IntegrationTests/master</fullName>
      <url>job/rndtest_Vortex_IntegrationTests/job/master/</url>
    </com.cloudbees.simplediskusage.JobDiskItem>
  </jobsUsages>
  <lastRunStart>1529892096430</lastRunStart>
  <lastRunEnd>1529892134553</lastRunEnd>
</com.cloudbees.simplediskusage.QuickDiskUsagePlugin>