{
  "jvm" : {
    "vm" : {
      "name" : "Java HotSpot(TM) 64-Bit Server VM",
      "version" : "1.7.0_40-b43"
    },
    "memory" : {
      "totalInit" : 5.8122112E7,
      "totalUsed" : 4.0905576E7,
      "totalMax" : 6.1341696E8,
      "totalCommitted" : 6.4487424E7,
      "heapInit" : 3.3546112E7,
      "heapUsed" : 1.5388192E7,
      "heapMax" : 4.7710208E8,
      "heapCommitted" : 3.7224448E7,
      "heap_usage" : 0.03225345821171016,
      "non_heap_usage" : 0.18719441340519832,
      "memory_pool_usages" : {
        "Code Cache" : 0.06078974405924479,
        "PS Eden Space" : 0.04670254859698594,
        "PS Old Gen" : 0.019615374702162756,
        "PS Perm Gen" : 0.26118739058331747,
        "PS Survivor Space" : 0.09375
      }
    },
    "buffers" : {
      "direct" : {
        "count" : 0,
        "memoryUsed" : 0,
        "totalCapacity" : 0
      },
      "mapped" : {
        "count" : 0,
        "memoryUsed" : 0,
        "totalCapacity" : 0
      }
    },
    "daemon_thread_count" : 5,
    "thread_count" : 8,
    "current_time" : 1391195999248,
    "uptime" : 829151,
    "fd_usage" : "NaN",
    "thread-states" : {
      "timed_waiting" : 0.125,
      "new" : 0.0,
      "terminated" : 0.0,
      "blocked" : 0.0,
      "waiting" : 0.5,
      "runnable" : 0.375
    },
    "garbage-collectors" : {
      "PS MarkSweep" : {
        "runs" : 47,
        "time" : 3295
      },
      "PS Scavenge" : {
        "runs" : 1405,
        "time" : 2732
      }
    }
  }
}