<?xml version='1.0' encoding='UTF-8'?>
<org.jenkinsci.plugins.workflow.support.storage.SimpleXStreamFlowNodeStorage_-Tag plugin="workflow-support@1.10-beta-1">
  <node class="org.jenkinsci.plugins.workflow.graph.FlowEndNode" plugin="workflow-api@1.10-beta-1">
    <parents class="com.google.common.collect.ImmutableList">
      <org.jenkinsci.plugins.workflow.cps.nodes.StepEndNode>7</org.jenkinsci.plugins.workflow.cps.nodes.StepEndNode>
    </parents>
    <id>8</id>
    <start class="org.jenkinsci.plugins.workflow.graph.FlowStartNode">2</start>
    <result>
      <name>FAILURE</name>
      <ordinal>2</ordinal>
      <color>RED</color>
      <completeBuild>true</completeBuild>
    </result>
  </node>
  <actions>
    <org.jenkinsci.plugins.workflow.actions.ErrorAction plugin="workflow-api@1.10-beta-1">
      <error class="hudson.AbortException">
        <detailMessage>Unable to find project for artifact copy: producer
This may be due to incorrect project name or permission settings; see help for project name in job configuration.</detailMessage>
        <stackTrace>
          <trace>hudson.plugins.copyartifact.CopyArtifact.perform(CopyArtifact.java:352)</trace>
          <trace>org.jenkinsci.plugins.workflow.steps.CoreStep$Execution.run(CoreStep.java:68)</trace>
          <trace>org.jenkinsci.plugins.workflow.steps.CoreStep$Execution.run(CoreStep.java:59)</trace>
          <trace>org.jenkinsci.plugins.workflow.steps.AbstractSynchronousNonBlockingStepExecution$StepRunner.run(AbstractSynchronousNonBlockingStepExecution.java:75)</trace>
          <trace>java.util.concurrent.Executors$RunnableAdapter.call(Executors.java:511)</trace>
          <trace>java.util.concurrent.FutureTask.run(FutureTask.java:266)</trace>
          <trace>java.util.concurrent.ThreadPoolExecutor.runWorker(ThreadPoolExecutor.java:1142)</trace>
          <trace>java.util.concurrent.ThreadPoolExecutor$Worker.run(ThreadPoolExecutor.java:617)</trace>
          <trace>java.lang.Thread.run(Thread.java:745)</trace>
        </stackTrace>
        <suppressedExceptions class="java.util.Collections$UnmodifiableRandomAccessList" resolves-to="java.util.Collections$UnmodifiableList">
          <c class="list"/>
          <list reference="../c"/>
        </suppressedExceptions>
      </error>
    </org.jenkinsci.plugins.workflow.actions.ErrorAction>
    <org.jenkinsci.plugins.workflow.actions.TimingAction plugin="workflow-api@1.10-beta-1">
      <startTime>1440497773467</startTime>
    </org.jenkinsci.plugins.workflow.actions.TimingAction>
  </actions>
</org.jenkinsci.plugins.workflow.support.storage.SimpleXStreamFlowNodeStorage_-Tag>