{
  "jvm" : {
    "vm" : {
      "name" : "Java HotSpot(TM) 64-Bit Server VM",
      "version" : "1.7.0_40-b43"
    },
    "memory" : {
      "totalInit" : 9.1676544E7,
      "totalUsed" : 6.147012E7,
      "totalMax" : 1.091043328E9,
      "totalCommitted" : 1.15867648E8,
      "heapInit" : 6.7100544E7,
      "heapUsed" : 2.907076E7,
      "heapMax" : 9.54728448E8,
      "heapCommitted" : 6.4487424E7,
      "heap_usage" : 0.030449244558385675,
      "non_heap_usage" : 0.23768028846153846,
      "memory_pool_usages" : {
        "Code Cache" : 0.06713104248046875,
        "PS Eden Space" : 0.05074452583660288,
        "PS Old Gen" : 0.015167437542925825,
        "PS Perm Gen" : 0.3375139934260671,
        "PS Survivor Space" : 0.1875
      }
    },
    "buffers" : {
      "direct" : {
        "count" : 0,
        "memoryUsed" : 0,
        "totalCapacity" : 0
      },
      "mapped" : {
        "count" : 0,
        "memoryUsed" : 0,
        "totalCapacity" : 0
      }
    },
    "daemon_thread_count" : 5,
    "thread_count" : 8,
    "current_time" : 1391195999169,
    "uptime" : 87083,
    "fd_usage" : "NaN",
    "thread-states" : {
      "blocked" : 0.0,
      "timed_waiting" : 0.125,
      "new" : 0.0,
      "terminated" : 0.0,
      "waiting" : 0.5,
      "runnable" : 0.375
    },
    "garbage-collectors" : {
      "PS MarkSweep" : {
        "runs" : 2,
        "time" : 210
      },
      "PS Scavenge" : {
        "runs" : 135,
        "time" : 455
      }
    }
  }
}